1
1
0.9999
0.9997
0.9994
0.999
0.9985
0.9979
0.997201
0.996401
0.995502
0.994503
0.993405
0.992207
0.99091
0.989514
0.988018
0.986424
0.984731
0.982939
0.981048
0.97906
0.976973
0.974788
0.972506
0.970126
0.967649
0.965075
0.962404
0.959637
0.956773
0.953814
0.950759
0.947608
0.944362
0.941022
0.937587
0.934058
0.930435
0.926719
0.92291
0.919008
0.915014
0.910928
0.90675
0.902482
0.898123
0.893673
0.889134
0.884505
0.879787
0.874981
0.870087
0.865105
0.860037
0.854882
0.849641
0.844314
0.838902
0.833406
0.827827
0.822163
0.816417
0.810589
0.804679
0.798688
0.792617
0.786466
0.780235
0.773926
0.767539
0.761074
0.754533
0.747915
0.741223
0.734455
0.727613
0.720698
0.71371
0.70665
0.699518
0.692316
0.685044
0.677703
0.670293
0.662815
0.655271
0.64766
0.639983
0.632242
0.624437
0.616569
0.608638
0.600645
0.592592
0.584478
0.576306
0.568075
0.559786
0.55144
0.543039
0.534582
0.526071
0.517506
0.508889
0.500221
0.491501
0.482731
0.473912
0.465045
0.456131
0.447169
0.438163
0.429111
0.420016
0.410878
0.401698
0.392477
0.383215
0.373915
0.364576
0.355199
0.345787
0.336338
0.326856
0.317339
0.30779
0.298209
0.288597
0.278956
0.269285
0.259587
0.249862
0.24011
0.230334
0.220534
0.210711
0.200866
0.190999
0.181113
0.171207
0.161284
0.151343
0.141386
0.131414
0.121428
0.111429
0.101417
0.0913945
0.0813618
0.0713199
0.0612699
0.0512128
0.0411495
0.0310812
0.0210087
0.0109331
0.000855345
-0.00922346
-0.0193023
-0.0293803
-0.0394563
-0.0495294
-0.0595986
-0.0696628
-0.079721
-0.0897723
-0.0998156
-0.10985
-0.119874
-0.129888
-0.139889
-0.149877
-0.159852
-0.169811
-0.179755
-0.189681
-0.199589
-0.209479
-0.219348
-0.229197
-0.239024
-0.248827
-0.258607
-0.268362
-0.278091
-0.287794
-0.297468
-0.307114
-0.31673
-0.326315
-0.335868
-0.345389
-0.354877
-0.364329
-0.373747
-0.383127
-0.392471
-0.401776
-0.411042
-0.420268
-0.429452
-0.438595
-0.447695
-0.45675
-0.465761
-0.474727
-0.483646
-0.492517
-0.50134
-0.510114
-0.518837
-0.52751
-0.53613
-0.544698
-0.553213
-0.561672
-0.570077
-0.578425
-0.586717
-0.59495
-0.603125
-0.61124
-0.619295
-0.627289
-0.635221
-0.64309
-0.650896
-0.658637
-0.666314
-0.673924
-0.681468
-0.688944
-0.696353
-0.703692
-0.710962
-0.718161
-0.72529
-0.732346
-0.73933
-0.746241
-0.753077
-0.75984
-0.766526
-0.773137
-0.779671
-0.786128
-0.792507
-0.798808
-0.805029
-0.81117
-0.81723
-0.82321
-0.829108
-0.834923
-0.840656
-0.846305
-0.85187
-0.85735
-0.862746
-0.868055
-0.873278
-0.878415
-0.883464
-0.888425
-0.893298
-0.898082
-0.902777
-0.907382
-0.911896
-0.91632
-0.920653
-0.924894
-0.929043
-0.9331
-0.937063
-0.940934
-0.94471
-0.948393
-0.951981
-0.955474
-0.958872
-0.962174
-0.965381
-0.968491
-0.971505
-0.974422
-0.977242
-0.979964
-0.982589
-0.985115
-0.987544
-0.989874
-0.992105
-0.994237
-0.99627
-0.998203
-1.00004
-1.00177
-1.00341
-1.00494
-1.00637
-1.00771
-1.00894
-1.01007
-1.0111
-1.01203
-1.01286
-1.01359
-1.01421
-1.01474
-1.01516
-1.01548
-1.0157
-1.01582
-1.01584
-1.01575
-1.01557
-1.01528
-1.01489
-1.0144
-1.01381
-1.01312
-1.01232
-1.01142
-1.01043
-1.00933
-1.00813
-1.00683
-1.00543
-1.00393
-1.00232
-1.00062
-0.998816
-0.996913
-0.99491
-0.992807
-0.990605
-0.988303
-0.985902
-0.983403
-0.980805
-0.978108
-0.975314
-0.972421
-0.969432
-0.966344
-0.96316
-0.95988
-0.956503
-0.95303
-0.949461
-0.945797
-0.942038
-0.938185
-0.934237
-0.930196
-0.926061
-0.921833
-0.917512
-0.913099
-0.908595
-0.903999
-0.899313
-0.894535
-0.889669
-0.884712
-0.879667
-0.874533
-0.869311
-0.864002
-0.858605
-0.853123
-0.847554
-0.841901
-0.836162
-0.830339
-0.824433
-0.818444
-0.812372
-0.806218
-0.799983
-0.793668
-0.787272
-0.780797
-0.774243
-0.767612
-0.760903
-0.754117
-0.747255
-0.740317
-0.733305
-0.726219
-0.71906
-0.711827
-0.704523
-0.697148
-0.689703
-0.682187
-0.674603
-0.66695
-0.65923
-0.651444
-0.643591
-0.635673
-0.627691
-0.619645
-0.611537
-0.603366
-0.595135
-0.586843
-0.578492
-0.570081
-0.561613
-0.553088
-0.544507
-0.535871
-0.52718
-0.518435
-0.509638
-0.500789
-0.491889
-0.482939
-0.47394
-0.464892
-0.455797
-0.446656
-0.437469
-0.428237
-0.418962
-0.409643
-0.400283
-0.390882
-0.381441
-0.371961
-0.362442
-0.352887
-0.343295
-0.333668
-0.324006
-0.314311
-0.304584
-0.294826
-0.285036
-0.275218
-0.265371
-0.255496
-0.245595
-0.235668
-0.225717
-0.215742
-0.205745
-0.195726
-0.185686
-0.175627
-0.165549
-0.155454
-0.145342
-0.135215
-0.125073
-0.114918
-0.10475
-0.0945704
-0.0843805
-0.0741811
-0.0639734
-0.0537582
-0.0435366
-0.0333096
-0.0230783
-0.0128436
-0.00260663
0.00763162
0.0178701
0.0281079
0.0383438
0.048577
0.0588063
0.0690308
0.0792493
0.089461
0.0996648
0.10986
0.120044
0.130218
0.14038
0.150529
0.160664
0.170783
0.180887
0.190974
0.201042
0.211092
0.221121
0.231129
0.241115
0.251078
0.261017
0.270931
0.280818
0.290679
0.300511
0.310315
0.320088
0.32983
0.339541
0.349218
0.358861
0.36847
0.378042
0.387578
0.397076
0.406535
0.415955
0.425333
0.434671
0.443965
0.453217
0.462423
0.471585
0.4807
0.489768
0.498788
0.507759
0.51668
0.525551
0.534369
0.543136
0.551848
0.560507
0.56911
0.577657
0.586147
0.59458
0.602954
0.611268
0.619522
0.627715
0.635846
0.643915
0.651919
0.65986
0.667735
0.675544
0.683286
0.690961
0.698567
0.706105
0.713572
0.720969
0.728295
0.735548
0.742729
0.749836
0.756869
0.763826
0.770708
0.777514
0.784243
0.790894
0.797466
0.80396
0.810373
0.816707
0.822959
0.829129
0.835218
0.841223
0.847145
0.852982
0.858735
0.864403
0.869985
0.87548
0.880889
0.88621
0.891442
0.896586
0.901641
0.906607
0.911482
0.916266
0.92096
0.925561
0.930071
0.934488
0.938812
0.943043
0.947179
0.951222
0.955169
0.959022
0.962779
0.96644
0.970005
0.973473
0.976845
0.980118
0.983295
0.986373
0.989353
0.992234
0.995016
0.997699
1.00028
1.00277
1.00515
1.00743
1.00962
1.0117
1.01368
1.01556
1.01734
1.01902
1.02059
1.02207
1.02344
1.02471
1.02587
1.02694
1.0279
1.02876
1.02951
1.03017
1.03072
1.03117
1.03151
1.03175
1.03189
1.03193
1.03186
1.03169
1.03141
1.03103
1.03055
1.02997
1.02928
1.02849
1.0276
1.0266
1.0255
1.0243
1.023
1.02159
1.02009
1.01847
1.01676
1.01495
1.01303
1.01101
1.00889
1.00667
1.00435
1.00193
0.99941
0.996788
0.994065
0.991244
0.988322
0.985302
0.982183
0.978965
0.975649
0.972235
0.968723
0.965115
0.961409
0.957607
0.953709
0.949715
0.945626
0.941441
0.937163
0.93279
0.928323
0.923763
0.91911
0.914365
0.909528
0.904599
0.89958
0.89447
0.88927
0.88398
0.878602
0.873135
0.867581
0.861939
0.85621
0.850395
0.844495
0.838509
0.83244
0.826286
0.820049
0.813729
0.807327
0.800844
0.794281
0.787637
0.780913
0.774111
0.767231
0.760274
0.753239
0.746129
0.738943
0.731683
0.724349
0.716942
0.709462
0.701911
0.694288
0.686596
0.678834
0.671003
0.663104
0.655139
0.647107
0.639009
0.630847
0.622621
0.614332
0.605981
0.597568
0.589094
0.580561
0.571969
0.563319
0.554611
0.545848
0.537029
0.528155
0.519227
0.510247
0.501215
0.492132
0.482998
0.473816
0.464585
0.455307
0.445982
0.436612
0.427197
0.417738
0.408237
0.398694
0.38911
0.379487
0.369824
0.360124
0.350386
0.340613
0.330804
0.320961
0.311086
0.301178
0.291239
0.28127
0.271272
0.261246
0.251192
0.241113
0.231008
0.220879
0.210727
0.200553
0.190358
0.180143
0.169909
0.159657
0.149388
0.139103
0.128803
0.118489
0.108162
0.0978235
0.0874741
0.0771148
0.0667468
0.0563711
0.0459887
0.0356007
0.025208
0.0148118
0.00441312
-0.00598707
-0.0163877
-0.0267877
-0.0371861
-0.0475818
-0.0579738
-0.0683611
-0.0787425
-0.0891171
-0.0994839
-0.109842
-0.12019
-0.130526
-0.140851
-0.151163
-0.161461
-0.171743
-0.18201
-0.192259
-0.20249
-0.212702
-0.222894
-0.233064
-0.243212
-0.253337
-0.263437
-0.273512
-0.283561
-0.293583
-0.303576
-0.313539
-0.323473
-0.333375
-0.343244
-0.353081
-0.362883
-0.372649
-0.38238
-0.392073
-0.401728
-0.411343
-0.420919
-0.430453
-0.439945
-0.449395
-0.4588
-0.46816
-0.477474
-0.486742
-0.495962
-0.505133
-0.514255
-0.523326
-0.532345
-0.541313
-0.550227
-0.559087
-0.567891
-0.57664
-0.585333
-0.593967
-0.602543
-0.61106
-0.619516
-0.627911
-0.636245
-0.644515
-0.652722
-0.660865
-0.668942
-0.676953
-0.684897
-0.692774
-0.700582
-0.70832
-0.715989
-0.723587
-0.731113
-0.738567
-0.745948
-0.753255
-0.760487
-0.767644
-0.774725
-0.781729
-0.788656
-0.795504
-0.802274
-0.808964
-0.815574
-0.822103
-0.82855
-0.834915
-0.841198
-0.847397
-0.853511
-0.859541
-0.865486
-0.871345
-0.877117
-0.882802
-0.888399
-0.893908
-0.899329
-0.904659
-0.9099
-0.915051
-0.92011
-0.925078
-0.929954
-0.934737
-0.939428
-0.944025
-0.948528
-0.952936
-0.95725
-0.961468
-0.965591
-0.969618
-0.973548
-0.977381
-0.981116
-0.984754
-0.988294
-0.991735
-0.995078
-0.998321
-1.00147
-1.00451
-1.00745
-1.0103
-1.01304
-1.01568
-1.01822
-1.02066
-1.023
-1.02523
-1.02736
-1.02939
-1.03132
-1.03315
-1.03487
-1.03649
-1.038
-1.03941
-1.04072
-1.04192
-1.04302
-1.04401
-1.0449
-1.04569
-1.04637
-1.04695
-1.04742
-1.04779
-1.04805
-1.04821
-1.04826
-1.04821
-1.04806
-1.0478
-1.04743
-1.04696
-1.04638
-1.0457
-1.04492
-1.04403
-1.04304
-1.04194
-1.04073
-1.03943
-1.03802
-1.0365
-1.03488
-1.03316
-1.03134
-1.02941
-1.02737
-1.02524
-1.023
-1.02066
-1.01822
-1.01567
-1.01303
-1.01028
-1.00743
-1.00448
-1.00143
-0.998277
-0.995025
-0.991674
-0.988223
-0.984672
-0.981023
-0.977276
-0.97343
-0.969487
-0.965446
-0.961309
-0.957074
-0.952744
-0.948318
-0.943797
-0.93918
-0.93447
-0.929666
-0.924768
-0.919777
-0.914693
-0.909518
-0.904251
-0.898894
-0.893445
-0.887907
-0.88228
-0.876564
-0.870759
-0.864867
-0.858888
-0.852823
-0.846671
-0.840434
-0.834113
-0.827707
-0.821218
-0.814647
-0.807993
-0.801258
-0.794442
-0.787545
-0.78057
-0.773515
-0.766383
-0.759173
-0.751887
-0.744524
-0.737087
-0.729575
-0.721989
-0.71433
-0.706599
-0.698797
-0.690924
-0.682981
-0.674969
-0.666889
-0.658741
-0.650527
-0.642247
-0.633901
-0.625492
-0.617019
-0.608483
-0.599886
-0.591228
-0.58251
-0.573733
-0.564897
-0.556004
-0.547055
-0.53805
-0.528991
-0.519877
-0.510711
-0.501493
-0.492223
-0.482904
-0.473535
-0.464118
-0.454654
-0.445143
-0.435587
-0.425986
-0.416342
-0.406655
-0.396926
-0.387157
-0.377348
-0.3675
-0.357615
-0.347693
-0.337735
-0.327742
-0.317716
-0.307657
-0.297566
-0.287444
-0.277293
-0.267112
-0.256904
-0.24667
-0.236409
-0.226124
-0.215816
-0.205484
-0.195132
-0.184758
-0.174365
-0.163954
-0.153525
-0.14308
-0.132619
-0.122144
-0.111656
-0.101156
-0.0906441
-0.0801225
-0.0695918
-0.0590531
-0.0485074
-0.0379558
-0.0273993
-0.0168391
-0.00627612
0.00428855
0.0148538
0.0254187
0.0359821
0.0465429
0.0571001
0.0676527
0.0781996
0.0887397
0.099272
0.109795
0.120309
0.130811
0.141302
0.151779
0.162243
0.172691
0.183122
0.193537
0.203933
0.21431
0.224667
0.235002
0.245315
0.255604
0.265868
0.276107
0.28632
0.296505
0.306661
0.316787
0.326883
0.336948
0.346979
0.356977
0.36694
0.376867
0.386758
0.396611
0.406426
0.4162
0.425934
0.435627
0.445277
0.454883
0.464445
0.473961
0.483431
0.492853
0.502228
0.511552
0.520827
0.53005
0.539222
0.54834
0.557405
0.566414
0.575368
0.584265
0.593105
0.601886
0.610608
0.61927
0.62787
0.636409
0.644885
0.653298
0.661645
0.669928
0.678144
0.686294
0.694375
0.702388
0.710332
0.718205
0.726007
0.733737
0.741395
0.74898
0.75649
0.763925
0.771285
0.778568
0.785775
0.792903
0.799953
0.806923
0.813814
0.820623
0.827352
0.833998
0.840562
0.847042
0.853438
0.85975
0.865976
0.872116
0.878169
0.884136
0.890014
0.895804
0.901505
0.907117
0.912638
0.918069
0.923408
0.928656
0.933811
0.938874
0.943843
0.948718
0.953498
0.958184
0.962775
0.967269
0.971668
0.975969
0.980174
0.984281
0.98829
0.9922
0.996012
0.999724
1.00334
1.00685
1.01026
1.01357
1.01679
1.01989
1.0229
1.02581
1.02861
1.03131
1.03391
1.03641
1.0388
1.04108
1.04327
1.04535
1.04732
1.0492
1.05096
1.05262
1.05418
1.05563
1.05698
1.05822
1.05935
1.06038
1.0613
1.06212
1.06283
1.06343
1.06393
1.06432
1.06461
1.06479
1.06486
1.06482
1.06468
1.06444
1.06408
1.06362
1.06306
1.06238
1.0616
1.06072
1.05973
1.05863
1.05743
1.05612
1.0547
1.05318
1.05155
1.04982
1.04799
1.04604
1.044
1.04185
1.03959
1.03723
1.03477
1.0322
1.02953
1.02676
1.02388
1.0209
1.01782
1.01463
1.01135
1.00796
1.00447
1.00088
0.997191
0.993401
0.989511
0.985522
0.981435
0.977248
0.972963
0.968581
0.964101
0.959525
0.954852
0.950083
0.945219
0.940259
0.935206
0.930058
0.924816
0.919482
0.914055
0.908536
0.902926
0.897225
0.891433
0.885552
0.879582
0.873523
0.867376
0.861142
0.854821
0.848414
0.841922
0.835344
0.828683
0.821938
0.81511
0.8082
0.801208
0.794136
0.786983
0.779751
0.772441
0.765052
0.757586
0.750044
0.742426
0.734732
0.726965
0.719124
0.711211
0.703225
0.695168
0.687042
0.678845
0.67058
0.662247
0.653847
0.645381
0.636849
0.628253
0.619593
0.61087
0.602085
0.593239
0.584333
0.575368
0.566344
0.557263
0.548125
0.538931
0.529683
0.520381
0.511025
0.501618
0.49216
0.482651
0.473093
0.463487
0.453833
0.444134
0.434389
0.424599
0.414766
0.404891
0.394974
0.385016
0.375019
0.364984
0.354911
0.344801
0.334657
0.324477
0.314264
0.304019
0.293742
0.283435
0.273099
0.262734
0.252341
0.241923
0.231479
0.221011
0.21052
0.200007
0.189473
0.178919
0.168346
0.157755
0.147147
0.136523
0.125885
0.115233
0.104569
0.0938924
0.0832058
0.0725099
0.0618056
0.0510941
0.0403764
0.0296536
0.0189268
0.00819694
-0.00253476
-0.0132673
-0.0239996
-0.0347305
-0.045459
-0.0561841
-0.0669046
-0.0776195
-0.0883278
-0.0990282
-0.10972
-0.120402
-0.131072
-0.141731
-0.152377
-0.163008
-0.173624
-0.184224
-0.194807
-0.205371
-0.215915
-0.226439
-0.236942
-0.247422
-0.257878
-0.268309
-0.278715
-0.289094
-0.299445
-0.309767
-0.320059
-0.33032
-0.340549
-0.350745
-0.360907
-0.371034
-0.381125
-0.391179
-0.401194
-0.411171
-0.421107
-0.431002
-0.440855
-0.450665
-0.460431
-0.470152
-0.479827
-0.489455
-0.499035
-0.508566
-0.518047
-0.527477
-0.536855
-0.546181
-0.555453
-0.56467
-0.573832
-0.582937
-0.591985
-0.600975
-0.609905
-0.618775
-0.627585
-0.636332
-0.645017
-0.653638
-0.662194
-0.670686
-0.679111
-0.687469
-0.695759
-0.70398
-0.712131
-0.720213
-0.728223
-0.736161
-0.744026
-0.751818
-0.759535
-0.767177
-0.774743
-0.782232
-0.789644
-0.796978
-0.804232
-0.811407
-0.818502
-0.825515
-0.832447
-0.839296
-0.846062
-0.852744
-0.859341
-0.865853
-0.872279
-0.878618
-0.88487
-0.891035
-0.897111
-0.903097
-0.908994
-0.914801
-0.920517
-0.926141
-0.931674
-0.937113
-0.94246
-0.947713
-0.952871
-0.957935
-0.962904
-0.967776
-0.972553
-0.977232
-0.981815
-0.986299
-0.990686
-0.994974
-0.999163
-1.00325
-1.00724
-1.01113
-1.01492
-1.01861
-1.02219
-1.02568
-1.02906
-1.03234
-1.03551
-1.03859
-1.04155
-1.04442
-1.04718
-1.04984
-1.05239
-1.05484
-1.05718
-1.05942
-1.06155
-1.06357
-1.06549
-1.0673
-1.06901
-1.07061
-1.0721
-1.07349
-1.07476
-1.07593
-1.077
-1.07795
-1.0788
-1.07954
-1.08017
-1.0807
-1.08111
-1.08142
-1.08162
-1.08171
-1.0817
-1.08157
-1.08134
-1.081
-1.08055
-1.07999
-1.07933
-1.07855
-1.07767
-1.07668
-1.07559
-1.07438
-1.07307
-1.07165
-1.07012
-1.06849
-1.06675
-1.0649
-1.06295
-1.06089
-1.05872
-1.05645
-1.05407
-1.05158
-1.04899
-1.0463
-1.0435
-1.04059
-1.03758
-1.03447
-1.03125
-1.02793
-1.02451
-1.02098
-1.01735
-1.01362
-1.00979
-1.00585
-1.00182
-0.997684
-0.993448
-0.989113
-0.984678
-0.980144
-0.975512
-0.970782
-0.965954
-0.961029
-0.956007
-0.95089
-0.945676
-0.940368
-0.934965
-0.929468
-0.923878
-0.918195
-0.912419
-0.906551
-0.900592
-0.894543
-0.888403
-0.882174
-0.875857
-0.869451
-0.862957
-0.856376
-0.84971
-0.842957
-0.83612
-0.829198
-0.822192
-0.815104
-0.807934
-0.800682
-0.793349
-0.785936
-0.778444
-0.770873
-0.763224
-0.755498
-0.747696
-0.739819
-0.731866
-0.72384
-0.71574
-0.707568
-0.699325
-0.691011
-0.682626
-0.674173
-0.665652
-0.657063
-0.648407
-0.639686
-0.6309
-0.62205
-0.613136
-0.604161
-0.595124
-0.586027
-0.576871
-0.567655
-0.558383
-0.549053
-0.539667
-0.530227
-0.520733
-0.511185
-0.501586
-0.491935
-0.482234
-0.472484
-0.462686
-0.452841
-0.442949
-0.433012
-0.423031
-0.413006
-0.40294
-0.392831
-0.382683
-0.372495
-0.362269
-0.352006
-0.341706
-0.331372
-0.321003
-0.310601
-0.300167
-0.289702
-0.279206
-0.268682
-0.25813
-0.247551
-0.236947
-0.226317
-0.215664
-0.204988
-0.194291
-0.183573
-0.172835
-0.16208
-0.151307
-0.140518
-0.129713
-0.118895
-0.108064
-0.0972205
-0.0863665
-0.0755027
-0.0646303
-0.0537504
-0.042864
-0.0319723
-0.0210762
-0.010177
0.000724397
0.0116268
0.0225291
0.0334302
0.0443291
0.0552246
0.0661157
0.0770013
0.0878803
0.0987516
0.109614
0.120467
0.131308
0.142138
0.152954
0.163757
0.174544
0.185314
0.196067
0.206802
0.217517
0.228211
0.238884
0.249534
0.260159
0.27076
0.281335
0.291883
0.302403
0.312893
0.323353
0.333782
0.344179
0.354542
0.364871
0.375164
0.385421
0.395641
0.405822
0.415963
0.426063
0.436123
0.446139
0.456112
0.46604
0.475923
0.485759
0.495547
0.505287
0.514977
0.524617
0.534206
0.543741
0.553224
0.562652
0.572025
0.581341
0.5906
0.599801
0.608943
0.618025
0.627047
0.636006
0.644903
0.653736
0.662504
0.671207
0.679844
0.688414
0.696916
0.705349
0.713712
0.722005
0.730227
0.738376
0.746452
0.754454
0.762382
0.770234
0.77801
0.785709
0.79333
0.800873
0.808336
0.81572
0.823022
0.830243
0.837381
0.844437
0.851408
0.858296
0.865098
0.871814
0.878444
0.884987
0.891441
0.897808
0.904085
0.910272
0.916369
0.922375
0.928289
0.934111
0.939841
0.945476
0.951018
0.956465
0.961818
0.967074
0.972235
0.977298
0.982265
0.987133
0.991904
0.996575
1.00115
1.00562
1.00999
1.01427
1.01844
1.02251
1.02647
1.03034
1.0341
1.03776
1.04132
1.04477
1.04812
1.05137
1.05451
1.05754
1.06047
1.06329
1.06601
1.06862
1.07112
1.07352
1.07581
1.07799
1.08007
1.08204
1.0839
1.08565
1.08729
1.08882
1.09025
1.09157
1.09277
1.09387
1.09486
1.09574
1.09651
1.09717
1.09772
1.09816
1.0985
1.09872
1.09883
1.09883
1.09872
1.09851
1.09818
1.09774
1.09719
1.09654
1.09577
1.09489
1.09391
1.09281
1.09161
1.09029
1.08887
1.08734
1.0857
1.08395
1.08209
1.08012
1.07804
1.07586
1.07357
1.07117
1.06867
1.06605
1.06333
1.06051
1.05757
1.05454
1.05139
1.04814
1.04479
1.04133
1.03776
1.03409
1.03032
1.02644
1.02246
1.01838
1.0142
1.00991
1.00553
1.00104
0.99645
0.991762
0.986973
0.982086
0.9771
0.972015
0.966833
0.961554
0.956178
0.950706
0.945138
0.939475
0.933718
0.927866
0.921922
0.915884
0.909755
0.903533
0.897221
0.890819
0.884326
0.877745
0.871075
0.864318
0.857473
0.850542
0.843525
0.836423
0.829237
0.821967
0.814614
0.807179
0.799662
0.792065
0.784388
0.776632
0.768797
0.760884
0.752895
0.744829
0.736689
0.728474
0.720185
0.711823
0.703389
0.694884
0.686309
0.677664
0.668951
0.66017
0.651321
0.642407
0.633428
0.624385
0.615278
0.606109
0.596878
0.587587
0.578235
0.568826
0.559358
0.549833
0.540253
0.530618
0.520928
0.511186
0.501391
0.491545
0.481649
0.471704
0.461711
0.451671
0.441584
0.431452
0.421277
0.411058
0.400796
0.390494
0.380152
0.36977
0.359351
0.348895
0.338402
0.327875
0.317314
0.30672
0.296095
0.285439
0.274753
0.264038
0.253296
0.242528
0.231735
0.220917
0.210076
0.199213
0.188329
0.177424
0.166502
0.155561
0.144604
0.133631
0.122644
0.111643
0.10063
0.089606
0.0785719
0.0675288
0.0564778
0.0454201
0.0343568
0.0232889
0.0122176
0.0011439
-0.00993098
-0.021006
-0.03208
-0.0431519
-0.0542206
-0.0652849
-0.0763439
-0.0873963
-0.0984411
-0.109477
-0.120503
-0.131519
-0.142522
-0.153512
-0.164488
-0.175448
-0.186392
-0.197319
-0.208226
-0.219115
-0.229982
-0.240827
-0.25165
-0.262448
-0.273221
-0.283968
-0.294687
-0.305378
-0.31604
-0.326671
-0.337271
-0.347838
-0.358371
-0.368869
-0.379332
-0.389757
-0.400145
-0.410494
-0.420803
-0.43107
-0.441296
-0.451478
-0.461617
-0.47171
-0.481757
-0.491757
-0.501708
-0.511611
-0.521463
-0.531264
-0.541013
-0.550709
-0.560351
-0.569938
-0.579469
-0.588942
-0.598358
-0.607715
-0.617012
-0.626248
-0.635423
-0.644535
-0.653583
-0.662567
-0.671486
-0.680338
-0.689123
-0.69784
-0.706488
-0.715067
-0.723575
-0.732011
-0.740375
-0.748666
-0.756882
-0.765024
-0.77309
-0.78108
-0.788992
-0.796826
-0.804582
-0.812257
-0.819853
-0.827367
-0.834799
-0.842148
-0.849413
-0.856595
-0.863692
-0.870703
-0.877627
-0.884465
-0.891214
-0.897876
-0.904448
-0.91093
-0.917322
-0.923623
-0.929832
-0.935949
-0.941973
-0.947903
-0.953739
-0.95948
-0.965126
-0.970676
-0.976129
-0.981485
-0.986744
-0.991904
-0.996966
-1.00193
-1.00679
-1.01155
-1.01622
-1.02078
-1.02524
-1.02959
-1.03385
-1.038
-1.04205
-1.04599
-1.04983
-1.05357
-1.0572
-1.06073
-1.06415
-1.06746
-1.07067
-1.07377
-1.07676
-1.07965
-1.08242
-1.08509
-1.08766
-1.09011
-1.09246
-1.09469
-1.09682
-1.09884
-1.10074
-1.10254
-1.10423
-1.1058
-1.10727
-1.10863
-1.10987
-1.11101
-1.11203
-1.11294
-1.11375
-1.11444
-1.11501
-1.11548
-1.11584
-1.11608
-1.11621
-1.11624
-1.11614
-1.11594
-1.11563
-1.1152
-1.11467
-1.11402
-1.11326
-1.11239
-1.1114
-1.11031
-1.1091
-1.10779
-1.10636
-1.10482
-1.10317
-1.10142
-1.09955
-1.09757
-1.09548
-1.09328
-1.09097
-1.08855
-1.08602
-1.08339
-1.08064
-1.07779
-1.07483
-1.07176
-1.06859
-1.0653
-1.06191
-1.05842
-1.05481
-1.0511
-1.04729
-1.04337
-1.03935
-1.03522
-1.03098
-1.02665
-1.02221
-1.01767
-1.01302
-1.00828
-1.00343
-0.998484
-0.993436
-0.988288
-0.98304
-0.977694
-0.97225
-0.966707
-0.961068
-0.955332
-0.9495
-0.943572
-0.937549
-0.931432
-0.925221
-0.918917
-0.912521
-0.906032
-0.899453
-0.892782
-0.886022
-0.879173
-0.872235
-0.865209
-0.858095
-0.850896
-0.84361
-0.836239
-0.828784
-0.821246
-0.813624
-0.805921
-0.798136
-0.79027
-0.782325
-0.7743
-0.766198
-0.758018
-0.749761
-0.741428
-0.733021
-0.724539
-0.715984
-0.707357
-0.698658
-0.689888
-0.681049
-0.67214
-0.663163
-0.654119
-0.645009
-0.635834
-0.626594
-0.61729
-0.607923
-0.598495
-0.589007
-0.579458
-0.56985
-0.560185
-0.550462
-0.540683
-0.53085
-0.520962
-0.511021
-0.501028
-0.490984
-0.48089
-0.470747
-0.460556
-0.450318
-0.440033
-0.429704
-0.41933
-0.408914
-0.398456
-0.387956
-0.377417
-0.366839
-0.356224
-0.345571
-0.334884
-0.324161
-0.313405
-0.302617
-0.291797
-0.280947
-0.270068
-0.259161
-0.248226
-0.237266
-0.226281
-0.215272
-0.204241
-0.193188
-0.182115
-0.171022
-0.159911
-0.148783
-0.13764
-0.126481
-0.115308
-0.104123
-0.0929262
-0.081719
-0.0705026
-0.0592779
-0.0480463
-0.0368086
-0.0255662
-0.0143201
-0.00307149
0.00817859
0.019429
0.0306786
0.0419262
0.0531707
0.0644111
0.0756462
0.0868748
0.0980958
0.109308
0.120511
0.131702
0.142882
0.154048
0.1652
0.176337
0.187457
0.19856
0.209644
0.220708
0.231751
0.242772
0.253769
0.264743
0.275691
0.286612
0.297506
0.308372
0.319207
0.330012
0.340785
0.351525
0.362231
0.372901
0.383536
0.394133
0.404692
0.415211
0.42569
0.436127
0.446522
0.456873
0.46718
0.477441
0.487655
0.497821
0.507939
0.518007
0.528024
0.537989
0.547901
0.55776
0.567564
0.577312
0.587003
0.596637
0.606212
0.615727
0.625182
0.634575
0.643905
0.653172
0.662375
0.671512
0.680583
0.689587
0.698523
0.70739
0.716187
0.724914
0.733568
0.742151
0.750659
0.759094
0.767454
0.775737
0.783944
0.792074
0.800125
0.808096
0.815988
0.823799
0.831528
0.839175
0.846739
0.854219
0.861614
0.868924
0.876148
0.883285
0.890334
0.897295
0.904166
0.910948
0.91764
0.924241
0.930749
0.937166
0.943489
0.949718
0.955854
0.961894
0.967839
0.973687
0.979439
0.985093
0.990649
0.996107
1.00147
1.00673
1.01188
1.01694
1.0219
1.02676
1.03151
1.03616
1.04071
1.04515
1.04949
1.05373
1.05786
1.06188
1.0658
1.06961
1.07332
1.07692
1.08041
1.0838
1.08707
1.09024
1.0933
1.09625
1.09909
1.10182
1.10444
1.10695
1.10935
1.11164
1.11382
1.11589
1.11785
1.11969
1.12143
1.12305
1.12456
1.12595
1.12724
1.12841
1.12947
1.13041
1.13125
1.13197
1.13258
1.13307
1.13345
1.13372
1.13387
1.13391
1.13384
1.13365
1.13335
1.13294
1.13241
1.13177
1.13102
1.13016
1.12918
1.12808
1.12688
1.12556
1.12413
1.12259
1.12093
1.11916
1.11728
1.11529
1.11319
1.11097
1.10865
1.10621
1.10366
1.101
1.09823
1.09535
1.09237
1.08927
1.08606
1.08274
1.07932
1.07578
1.07214
1.06839
1.06453
1.06057
1.0565
1.05233
1.04804
1.04366
1.03917
1.03457
1.02987
1.02507
1.02016
1.01515
1.01004
1.00483
0.999515
0.994102
0.988588
0.982975
0.977263
0.971452
0.965544
0.959539
0.953437
0.94724
0.940947
0.934559
0.928077
0.921502
0.914833
0.908073
0.901221
0.894279
0.887246
0.880124
0.872913
0.865614
0.858228
0.850755
0.843197
0.835553
0.827825
0.820014
0.81212
0.804143
0.796086
0.787948
0.77973
0.771434
0.76306
0.754609
0.746081
0.737478
0.7288
0.720048
0.711224
0.702327
0.69336
0.684322
0.675215
0.666039
0.656796
0.647487
0.638111
0.628671
0.619167
0.609601
0.599972
0.590282
0.580533
0.570724
0.560857
0.550933
0.540954
0.530919
0.520829
0.510687
0.500493
0.490248
0.479952
0.469608
0.459216
0.448776
0.438291
0.427761
0.417187
0.40657
0.395912
0.385212
0.374474
0.363696
0.352882
0.342031
0.331144
0.320224
0.30927
0.298284
0.287268
0.276221
0.265146
0.254043
0.242914
0.231759
0.22058
0.209378
0.198154
0.186909
0.175644
0.16436
0.153059
0.141741
0.130408
0.119061
0.107701
0.0963287
0.0849459
0.0735534
0.0621523
0.050744
0.0393294
0.0279098
0.0164862
0.00505979
-0.00636823
-0.0177968
-0.0292247
-0.0406508
-0.052074
-0.0634931
-0.074907
-0.0863146
-0.0977147
-0.109106
-0.120488
-0.131859
-0.143217
-0.154563
-0.165894
-0.17721
-0.188509
-0.19979
-0.211053
-0.222296
-0.233517
-0.244716
-0.255892
-0.267044
-0.27817
-0.289269
-0.30034
-0.311383
-0.322395
-0.333376
-0.344325
-0.355241
-0.366122
-0.376968
-0.387777
-0.398548
-0.409281
-0.419974
-0.430625
-0.441235
-0.451802
-0.462325
-0.472802
-0.483233
-0.493617
-0.503953
-0.514239
-0.524475
-0.53466
-0.544792
-0.55487
-0.564894
-0.574863
-0.584775
-0.59463
-0.604426
-0.614162
-0.623839
-0.633453
-0.643006
-0.652495
-0.66192
-0.671279
-0.680573
-0.689799
-0.698957
-0.708046
-0.717065
-0.726014
-0.734891
-0.743695
-0.752425
-0.761082
-0.769663
-0.778168
-0.786596
-0.794946
-0.803217
-0.811409
-0.819521
-0.827552
-0.8355
-0.843366
-0.851148
-0.858846
-0.866459
-0.873986
-0.881427
-0.888779
-0.896044
-0.90322
-0.910306
-0.917302
-0.924207
-0.93102
-0.937741
-0.944369
-0.950903
-0.957342
-0.963687
-0.969935
-0.976088
-0.982143
-0.988101
-0.99396
-0.999721
-1.00538
-1.01094
-1.0164
-1.02176
-1.02702
-1.03218
-1.03723
-1.04218
-1.04703
-1.05177
-1.05641
-1.06094
-1.06536
-1.06968
-1.0739
-1.07801
-1.08201
-1.0859
-1.08968
-1.09336
-1.09692
-1.10038
-1.10372
-1.10696
-1.11009
-1.1131
-1.11601
-1.1188
-1.12148
-1.12405
-1.12651
-1.12886
-1.13109
-1.13321
-1.13522
-1.13711
-1.13889
-1.14056
-1.14211
-1.14355
-1.14487
-1.14608
-1.14718
-1.14816
-1.14902
-1.14977
-1.15041
-1.15093
-1.15134
-1.15163
-1.1518
-1.15186
-1.15181
-1.15164
-1.15136
-1.15096
-1.15044
-1.14981
-1.14907
-1.1482
-1.14723
-1.14614
-1.14494
-1.14362
-1.14218
-1.14063
-1.13897
-1.1372
-1.13531
-1.1333
-1.13118
-1.12895
-1.12661
-1.12415
-1.12158
-1.1189
-1.11611
-1.1132
-1.11018
-1.10705
-1.10381
-1.10046
-1.097
-1.09343
-1.08975
-1.08596
-1.08206
-1.07805
-1.07394
-1.06971
-1.06538
-1.06094
-1.0564
-1.05175
-1.04699
-1.04213
-1.03716
-1.03209
-1.02692
-1.02164
-1.01626
-1.01078
-1.0052
-0.999512
-0.993726
-0.987841
-0.981856
-0.975773
-0.969591
-0.963311
-0.956935
-0.950463
-0.943894
-0.937231
-0.930473
-0.923622
-0.916677
-0.90964
-0.902512
-0.895292
-0.887983
-0.880583
-0.873095
-0.865519
-0.857856
-0.850106
-0.84227
-0.834349
-0.826344
-0.818255
-0.810084
-0.801831
-0.793498
-0.785083
-0.77659
-0.768018
-0.759368
-0.750642
-0.74184
-0.732962
-0.72401
-0.714986
-0.705888
-0.696719
-0.68748
-0.678171
-0.668793
-0.659348
-0.649835
-0.640257
-0.630613
-0.620906
-0.611135
-0.601302
-0.591409
-0.581455
-0.571442
-0.561371
-0.551242
-0.541058
-0.530819
-0.520525
-0.510178
-0.499779
-0.48933
-0.47883
-0.468281
-0.457684
-0.447041
-0.436352
-0.425618
-0.41484
-0.40402
-0.393159
-0.382257
-0.371315
-0.360336
-0.349319
-0.338266
-0.327179
-0.316057
-0.304903
-0.293717
-0.282501
-0.271256
-0.259982
-0.248681
-0.237354
-0.226002
-0.214626
-0.203228
-0.191808
-0.180368
-0.168909
-0.157432
-0.145938
-0.134428
-0.122903
-0.111366
-0.0998154
-0.0882541
-0.0766828
-0.0651027
-0.0535149
-0.0419206
-0.030321
-0.0187171
-0.00711023
0.00449851
0.016108
0.027717
0.0393244
0.050929
0.0625297
0.0741253
0.0857146
0.0972966
0.10887
0.120434
0.131986
0.143527
0.155055
0.166568
0.178065
0.189546
0.20101
0.212454
0.223878
0.235281
0.246661
0.258018
0.269351
0.280657
0.291937
0.303188
0.31441
0.325602
0.336763
0.347891
0.358985
0.370045
0.381068
0.392055
0.403003
0.413913
0.424782
0.435609
0.446395
0.457136
0.467833
0.478484
0.489089
0.499645
0.510153
0.520611
0.531017
0.541372
0.551674
0.561921
0.572113
0.582249
0.592328
0.602349
0.61231
0.622211
0.632051
0.641829
0.651543
0.661193
0.670779
0.680298
0.68975
0.699134
0.708448
0.717693
0.726868
0.73597
0.745
0.753956
0.762838
0.771644
0.780374
0.789027
0.797601
0.806097
0.814513
0.822849
0.831103
0.839274
0.847363
0.855368
0.863288
0.871122
0.87887
0.886531
0.894104
0.901589
0.908984
0.916289
0.923503
0.930625
0.937655
0.944592
0.951435
0.958184
0.964837
0.971395
0.977856
0.984221
0.990487
0.996655
1.00272
1.00869
1.01456
1.02033
1.026
1.03156
1.03702
1.04238
1.04764
1.05279
1.05783
1.06277
1.06761
1.07234
1.07696
1.08148
1.08588
1.09018
1.09437
1.09845
1.10243
1.10629
1.11004
1.11368
1.11721
1.12063
1.12394
1.12713
1.13021
1.13318
1.13604
1.13878
1.14141
1.14393
1.14633
1.14862
1.15079
1.15285
1.15479
1.15662
1.15833
1.15993
1.16141
1.16278
1.16402
1.16516
1.16617
1.16707
1.16785
1.16852
1.16907
1.1695
1.16982
1.17002
1.1701
1.17006
1.16991
1.16964
1.16925
1.16875
1.16813
1.16739
1.16654
1.16557
1.16448
1.16328
1.16196
1.16052
1.15897
1.1573
1.15551
1.15361
1.1516
1.14947
1.14722
1.14486
1.14238
1.13979
1.13708
1.13427
1.13133
1.12829
1.12513
1.12186
1.11847
1.11497
1.11137
1.10765
1.10381
1.09987
1.09582
1.09166
1.08738
1.083
1.07851
1.07392
1.06921
1.0644
1.05948
1.05445
1.04932
1.04408
1.03873
1.03329
1.02774
1.02208
1.01632
1.01046
1.0045
0.99844
0.992277
0.986014
0.979652
0.973191
0.966633
0.959977
0.953225
0.946376
0.939432
0.932394
0.925261
0.918036
0.910718
0.903308
0.895807
0.888215
0.880534
0.872764
0.864907
0.856962
0.84893
0.840813
0.83261
0.824324
0.815955
0.807503
0.798969
0.790355
0.781661
0.772887
0.764036
0.755107
0.746102
0.737022
0.727866
0.718637
0.709336
0.699962
0.690518
0.681003
0.67142
0.661768
0.652049
0.642264
0.632414
0.6225
0.612522
0.602482
0.592381
0.582219
0.571999
0.56172
0.551384
0.540992
0.530544
0.520043
0.509488
0.498882
0.488224
0.477517
0.466761
0.455957
0.445106
0.43421
0.423269
0.412285
0.401259
0.390191
0.379083
0.367936
0.356752
0.34553
0.334273
0.322981
0.311656
0.300298
0.28891
0.277491
0.266044
0.254568
0.243066
0.231539
0.219987
0.208412
0.196815
0.185198
0.17356
0.161905
0.150231
0.138542
0.126837
0.115119
0.103388
0.0916455
0.0798927
0.0681307
0.0563607
0.0445838
0.0328014
0.0210145
0.00922427
-0.00256802
-0.0143612
-0.0261542
-0.0379457
-0.0497346
-0.0615197
-0.0732999
-0.0850739
-0.0968405
-0.108599
-0.120347
-0.132085
-0.14381
-0.155523
-0.167221
-0.178903
-0.190569
-0.202217
-0.213845
-0.225454
-0.237041
-0.248606
-0.260147
-0.271663
-0.283153
-0.294616
-0.30605
-0.317455
-0.32883
-0.340172
-0.351482
-0.362758
-0.373999
-0.385203
-0.39637
-0.407499
-0.418588
-0.429636
-0.440642
-0.451605
-0.462524
-0.473398
-0.484226
-0.495007
-0.505739
-0.516421
-0.527053
-0.537634
-0.548161
-0.558635
-0.569054
-0.579417
-0.589724
-0.599972
-0.610161
-0.620291
-0.630359
-0.640365
-0.650309
-0.660188
-0.670002
-0.67975
-0.689431
-0.699045
-0.708589
-0.718063
-0.727467
-0.736798
-0.746057
-0.755243
-0.764353
-0.773389
-0.782347
-0.791229
-0.800032
-0.808756
-0.8174
-0.825963
-0.834444
-0.842843
-0.851159
-0.85939
-0.867536
-0.875596
-0.883569
-0.891455
-0.899252
-0.90696
-0.914578
-0.922106
-0.929542
-0.936886
-0.944137
-0.951294
-0.958357
-0.965325
-0.972197
-0.978972
-0.98565
-0.99223
-0.998712
-1.00509
-1.01138
-1.01756
-1.02364
-1.02962
-1.0355
-1.04127
-1.04694
-1.05251
-1.05797
-1.06332
-1.06857
-1.07372
-1.07876
-1.08369
-1.08851
-1.09322
-1.09783
-1.10232
-1.10671
-1.11098
-1.11515
-1.1192
-1.12314
-1.12697
-1.13069
-1.1343
-1.13779
-1.14117
-1.14443
-1.14758
-1.15062
-1.15354
-1.15635
-1.15904
-1.16161
-1.16407
-1.16642
-1.16865
-1.17076
-1.17275
-1.17463
-1.17639
-1.17803
-1.17955
-1.18096
-1.18225
-1.18342
-1.18447
-1.1854
-1.18622
-1.18691
-1.18749
-1.18795
-1.18829
-1.18851
-1.18862
-1.1886
-1.18847
-1.18821
-1.18784
-1.18735
-1.18674
-1.18601
-1.18516
-1.1842
-1.18311
-1.18191
-1.18059
-1.17915
-1.17759
-1.17592
-1.17412
-1.17221
-1.17018
-1.16804
-1.16578
-1.1634
-1.1609
-1.15829
-1.15556
-1.15272
-1.14976
-1.14668
-1.14349
-1.14019
-1.13677
-1.13324
-1.12959
-1.12583
-1.12196
-1.11797
-1.11387
-1.10967
-1.10534
-1.10091
-1.09637
-1.09172
-1.08696
-1.08208
-1.0771
-1.07202
-1.06682
-1.06152
-1.05611
-1.05059
-1.04497
-1.03924
-1.03341
-1.02748
-1.02144
-1.0153
-1.00906
-1.00271
-0.996266
-0.98972
-0.983074
-0.97633
-0.969487
-0.962547
-0.955509
-0.948376
-0.941146
-0.933822
-0.926404
-0.918893
-0.911289
-0.903593
-0.895805
-0.887928
-0.879961
-0.871905
-0.863761
-0.85553
-0.847212
-0.838809
-0.830322
-0.82175
-0.813095
-0.804359
-0.79554
-0.786642
-0.777664
-0.768607
-0.759472
-0.750261
-0.740974
-0.731611
-0.722175
-0.712665
-0.703083
-0.69343
-0.683707
-0.673914
-0.664053
-0.654124
-0.644129
-0.634069
-0.623944
-0.613756
-0.603505
-0.593193
-0.582821
-0.572389
-0.5619
-0.551352
-0.540749
-0.530091
-0.519378
-0.508612
-0.497795
-0.486927
-0.476009
-0.465042
-0.454027
-0.442966
-0.43186
-0.420709
-0.409516
-0.39828
-0.387003
-0.375686
-0.364331
-0.352938
-0.341509
-0.330044
-0.318545
-0.307013
-0.29545
-0.283855
-0.272231
-0.260579
-0.248899
-0.237194
-0.225463
-0.213709
-0.201932
-0.190134
-0.178316
-0.166479
-0.154624
-0.142752
-0.130865
-0.118963
-0.107048
-0.0951219
-0.0831847
-0.0712379
-0.0592829
-0.0473207
-0.0353526
-0.0233798
-0.0114034
0.000575299
0.0125551
0.0245349
0.0365135
0.0484896
0.060462
0.0724296
0.0843911
0.0963454
0.108291
0.120227
0.132153
0.144066
0.155966
0.167852
0.179722
0.191576
0.203411
0.215227
0.227023
0.238798
0.250549
0.262277
0.27398
0.285656
0.297305
0.308926
0.320517
0.332077
0.343604
0.355099
0.366559
0.377984
0.389372
0.400723
0.412034
0.423305
0.434536
0.445723
0.456868
0.467967
0.479021
0.490029
0.500988
0.511899
0.522759
0.533568
0.544325
0.555028
0.565677
0.576271
0.586808
0.597287
0.607708
0.618069
0.628369
0.638607
0.648783
0.658894
0.668941
0.678922
0.688836
0.698682
0.708459
0.718166
0.727803
0.737368
0.746859
0.756278
0.765621
0.774889
0.78408
0.793194
0.802229
0.811185
0.820061
0.828856
0.837569
0.846199
0.854745
0.863206
0.871582
0.879872
0.888074
0.896189
0.904214
0.91215
0.919996
0.927751
0.935413
0.942983
0.950459
0.957841
0.965127
0.972318
0.979413
0.98641
0.99331
1.00011
1.00681
1.01341
1.01991
1.02631
1.03261
1.0388
1.0449
1.05088
1.05677
1.06254
1.06822
1.07378
1.07924
1.08459
1.08984
1.09497
1.1
1.10492
1.10972
1.11442
1.11901
1.12348
1.12784
1.13209
1.13623
1.14025
1.14416
1.14796
1.15164
1.15521
1.15866
1.162
1.16522
1.16832
1.17131
1.17418
1.17693
1.17957
1.18209
1.18449
1.18677
1.18894
1.19098
1.19291
1.19471
1.1964
1.19797
1.19942
1.20075
1.20196
1.20305
1.20402
1.20486
1.20559
1.2062
1.20669
1.20705
1.2073
1.20743
1.20743
1.20731
1.20708
1.20672
1.20624
1.20564
1.20492
1.20408
1.20312
1.20204
1.20084
1.19952
1.19807
1.19651
1.19483
1.19303
1.19111
1.18907
1.18691
1.18463
1.18223
1.17972
1.17709
1.17433
1.17147
1.16848
1.16538
1.16215
1.15882
1.15536
1.1518
1.14811
1.14431
1.1404
1.13637
1.13222
1.12797
1.1236
1.11911
1.11452
1.10981
1.10499
1.10006
1.09502
1.08987
1.08461
1.07925
1.07377
1.06818
1.06249
1.05669
1.05079
1.04478
1.03866
1.03244
1.02611
1.01969
1.01316
1.00652
0.999791
0.992957
0.986022
0.978989
0.971857
0.964627
0.9573
0.949876
0.942357
0.934742
0.927034
0.919231
0.911337
0.90335
0.895272
0.887104
0.878846
0.8705
0.862065
0.853544
0.844937
0.836244
0.827466
0.818605
0.809661
0.800636
0.791529
0.782342
0.773077
0.763733
0.754311
0.744813
0.73524
0.725593
0.715871
0.706078
0.696212
0.686277
0.676271
0.666197
0.656055
0.645847
0.635573
0.625234
0.614832
0.604367
0.593841
0.583254
0.572608
0.561904
0.551142
0.540325
0.529452
0.518525
0.507545
0.496513
0.485431
0.474298
0.463118
0.45189
0.440615
0.429296
0.417932
0.406525
0.395077
0.383588
0.372059
0.360493
0.348888
0.337248
0.325573
0.313864
0.302123
0.29035
0.278547
0.266716
0.254856
0.242969
0.231057
0.219121
0.207162
0.19518
0.183178
0.171157
0.159117
0.14706
0.134987
0.1229
0.110798
0.0986851
0.0865606
0.0744263
0.0622833
0.0501329
0.0379763
0.0258146
0.0136492
0.00148113
-0.0106883
-0.0228578
-0.0350263
-0.0471925
-0.0593552
-0.0715132
-0.0836652
-0.0958101
-0.107947
-0.120074
-0.13219
-0.144294
-0.156385
-0.168461
-0.180522
-0.192566
-0.204592
-0.216599
-0.228585
-0.240549
-0.252491
-0.264409
-0.276301
-0.288167
-0.300006
-0.311815
-0.323595
-0.335343
-0.347059
-0.358741
-0.370389
-0.382001
-0.393576
-0.405112
-0.41661
-0.428067
-0.439482
-0.450854
-0.462182
-0.473466
-0.484703
-0.495892
-0.507033
-0.518125
-0.529166
-0.540155
-0.551091
-0.561974
-0.572801
-0.583571
-0.594285
-0.60494
-0.615536
-0.626071
-0.636545
-0.646956
-0.657304
-0.667587
-0.677804
-0.687954
-0.698037
-0.70805
-0.717994
-0.727867
-0.737669
-0.747397
-0.757052
-0.766632
-0.776137
-0.785564
-0.794914
-0.804186
-0.813378
-0.822489
-0.83152
-0.840468
-0.849332
-0.858113
-0.866809
-0.875419
-0.883943
-0.892378
-0.900726
-0.908984
-0.917152
-0.925229
-0.933215
-0.941108
-0.948908
-0.956613
-0.964224
-0.971739
-0.979158
-0.986479
-0.993702
-1.00083
-1.00785
-1.01478
-1.0216
-1.02833
-1.03495
-1.04147
-1.04788
-1.05419
-1.0604
-1.0665
-1.07249
-1.07838
-1.08416
-1.08983
-1.0954
-1.10085
-1.1062
-1.11143
-1.11656
-1.12157
-1.12647
-1.13126
-1.13594
-1.1405
-1.14495
-1.14929
-1.15351
-1.15762
-1.16161
-1.16549
-1.16925
-1.17289
-1.17642
-1.17983
-1.18312
-1.18629
-1.18935
-1.19228
-1.1951
-1.1978
-1.20038
-1.20284
-1.20517
-1.20739
-1.20949
-1.21147
-1.21333
-1.21506
-1.21667
-1.21817
-1.21954
-1.22079
-1.22191
-1.22292
-1.2238
-1.22456
-1.2252
-1.22572
-1.22611
-1.22638
-1.22653
-1.22655
-1.22646
-1.22624
-1.22589
-1.22543
-1.22484
-1.22413
-1.2233
-1.22234
-1.22126
-1.22006
-1.21874
-1.2173
-1.21573
-1.21405
-1.21224
-1.21031
-1.20825
-1.20608
-1.20379
-1.20137
-1.19884
-1.19618
-1.19341
-1.19051
-1.1875
-1.18437
-1.18112
-1.17775
-1.17426
-1.17065
-1.16693
-1.16309
-1.15913
-1.15506
-1.15087
-1.14657
-1.14215
-1.13761
-1.13296
-1.1282
-1.12333
-1.11834
-1.11324
-1.10802
-1.1027
-1.09727
-1.09172
-1.08607
-1.0803
-1.07443
-1.06845
-1.06236
-1.05617
-1.04986
-1.04346
-1.03695
-1.03033
-1.02361
-1.01679
-1.00986
-1.00284
-0.995708
-0.98848
-0.981152
-0.973726
-0.966201
-0.958579
-0.95086
-0.943046
-0.935136
-0.927133
-0.919035
-0.910845
-0.902563
-0.89419
-0.885727
-0.877174
-0.868533
-0.859804
-0.850988
-0.842086
-0.833099
-0.824028
-0.814873
-0.805636
-0.796318
-0.786919
-0.777441
-0.767883
-0.758248
-0.748536
-0.738749
-0.728886
-0.71895
-0.708941
-0.69886
-0.688708
-0.678486
-0.668195
-0.657836
-0.647411
-0.63692
-0.626364
-0.615744
-0.605062
-0.594318
-0.583513
-0.57265
-0.561727
-0.550748
-0.539712
-0.528622
-0.517477
-0.50628
-0.49503
-0.48373
-0.472381
-0.460983
-0.449538
-0.438047
-0.426511
-0.414931
-0.403309
-0.391645
-0.37994
-0.368197
-0.356415
-0.344597
-0.332743
-0.320855
-0.308933
-0.296979
-0.284995
-0.27298
-0.260937
-0.248867
-0.236771
-0.22465
-0.212505
-0.200338
-0.188149
-0.175941
-0.163713
-0.151468
-0.139207
-0.12693
-0.11464
-0.102337
-0.0900223
-0.0776975
-0.0653637
-0.0530221
-0.040674
-0.0283206
-0.0159631
-0.00360277
0.00875914
0.0211214
0.0334828
0.0458421
0.058198
0.0705494
0.0828949
0.0952334
0.107564
0.119884
0.132194
0.144492
0.156777
0.169047
0.181302
0.193539
0.205759
0.217959
0.230139
0.242296
0.254431
0.266542
0.278627
0.290685
0.302716
0.314718
0.326689
0.338629
0.350536
0.362409
0.374247
0.386049
0.397814
0.40954
0.421226
0.432871
0.444474
0.456034
0.467549
0.479019
0.490442
0.501817
0.513143
0.524419
0.535644
0.546816
0.557934
0.568998
0.580006
0.590957
0.601851
0.612685
0.623458
0.634171
0.644821
0.655408
0.665931
0.676387
0.686778
0.6971
0.707354
0.717538
0.727652
0.737694
0.747663
0.757558
0.767378
0.777123
0.786791
0.796381
0.805893
0.815324
0.824676
0.833946
0.843133
0.852237
0.861256
0.870191
0.879039
0.8878
0.896474
0.905058
0.913553
0.921957
0.93027
0.938491
0.946619
0.954653
0.962592
0.970436
0.978184
0.985834
0.993387
1.00084
1.0082
1.01545
1.0226
1.02966
1.03661
1.04345
1.0502
1.05684
1.06337
1.0698
1.07612
1.08234
1.08844
1.09444
1.10033
1.10611
1.11179
1.11735
1.12279
1.12813
1.13336
1.13847
1.14347
1.14835
1.15312
1.15778
1.16232
1.16675
1.17105
1.17525
1.17932
1.18328
1.18712
1.19084
1.19444
1.19792
1.20129
1.20453
1.20766
1.21066
1.21354
1.2163
1.21894
1.22146
1.22386
1.22613
1.22829
1.23032
1.23222
1.23401
1.23567
1.2372
1.23862
1.23991
1.24107
1.24212
1.24303
1.24383
1.2445
1.24504
1.24546
1.24576
1.24593
1.24598
1.2459
1.2457
1.24537
1.24492
1.24434
1.24364
1.24282
1.24187
1.24079
1.2396
1.23827
1.23683
1.23526
1.23357
1.23175
1.22981
1.22775
1.22556
1.22325
1.22082
1.21826
1.21559
1.21279
1.20987
1.20683
1.20367
1.20039
1.19698
1.19346
1.18982
1.18606
1.18217
1.17818
1.17406
1.16982
1.16547
1.161
1.15641
1.15171
1.14689
1.14196
1.13691
1.13175
1.12647
1.12108
1.11558
1.10997
1.10424
1.09841
1.09246
1.0864
1.08024
1.07396
1.06758
1.06109
1.05449
1.04779
1.04098
1.03407
1.02705
1.01993
1.01271
1.00538
0.997956
0.990429
0.982802
0.975076
0.967252
0.95933
0.951312
0.943197
0.934988
0.926684
0.918287
0.909797
0.901215
0.892542
0.883779
0.874927
0.865987
0.856959
0.847844
0.838644
0.829358
0.81999
0.810538
0.801004
0.791389
0.781694
0.771919
0.762067
0.752138
0.742132
0.732051
0.721896
0.711667
0.701367
0.690995
0.680553
0.670042
0.659463
0.648817
0.638105
0.627328
0.616487
0.605584
0.594619
0.583593
0.572508
0.561364
0.550164
0.538907
0.527595
0.516229
0.504811
0.493341
0.48182
0.47025
0.458632
0.446967
0.435256
0.4235
0.411701
0.399859
0.387976
0.376054
0.364092
0.352093
0.340057
0.327987
0.315882
0.303744
0.291575
0.279376
0.267147
0.25489
0.242607
0.230298
0.217965
0.205609
0.193231
0.180832
0.168415
0.155979
0.143526
0.131058
0.118575
0.106079
0.0935716
0.0810534
0.0685257
0.05599
0.0434475
0.0308993
0.0183468
0.00579118
-0.00676626
-0.0193243
-0.0318816
-0.044437
-0.0569892
-0.069537
-0.0820791
-0.0946142
-0.107141
-0.119659
-0.132165
-0.14466
-0.157142
-0.169609
-0.18206
-0.194495
-0.206911
-0.219308
-0.231684
-0.244038
-0.256369
-0.268675
-0.280956
-0.29321
-0.305436
-0.317633
-0.329799
-0.341933
-0.354035
-0.366102
-0.378134
-0.390129
-0.402086
-0.414004
-0.425883
-0.437719
-0.449513
-0.461264
-0.472969
-0.484628
-0.49624
-0.507804
-0.519318
-0.530781
-0.542192
-0.55355
-0.564854
-0.576103
-0.587295
-0.598429
-0.609505
-0.620521
-0.631476
-0.642368
-0.653198
-0.663964
-0.674664
-0.685298
-0.695864
-0.706362
-0.71679
-0.727147
-0.737433
-0.747646
-0.757786
-0.76785
-0.777839
-0.787751
-0.797586
-0.807341
-0.817017
-0.826612
-0.836125
-0.845556
-0.854903
-0.864165
-0.873342
-0.882433
-0.891436
-0.900351
-0.909177
-0.917913
-0.926558
-0.935111
-0.943571
-0.951938
-0.960211
-0.968388
-0.97647
-0.984454
-0.992341
-1.00013
-1.00782
-1.01541
-1.0229
-1.03028
-1.03757
-1.04475
-1.05183
-1.0588
-1.06567
-1.07243
-1.07909
-1.08564
-1.09208
-1.09841
-1.10463
-1.11074
-1.11675
-1.12264
-1.12842
-1.13408
-1.13964
-1.14508
-1.15041
-1.15562
-1.16072
-1.1657
-1.17057
-1.17532
-1.17995
-1.18446
-1.18886
-1.19314
-1.1973
-1.20134
-1.20526
-1.20906
-1.21274
-1.2163
-1.21974
-1.22305
-1.22625
-1.22932
-1.23227
-1.23509
-1.2378
-1.24038
-1.24283
-1.24516
-1.24737
-1.24945
-1.25141
-1.25324
-1.25495
-1.25654
-1.25799
-1.25932
-1.26053
-1.26161
-1.26256
-1.26339
-1.26409
-1.26467
-1.26512
-1.26544
-1.26563
-1.2657
-1.26565
-1.26546
-1.26515
-1.26471
-1.26415
-1.26346
-1.26264
-1.2617
-1.26063
-1.25944
-1.25812
-1.25667
-1.25509
-1.2534
-1.25157
-1.24962
-1.24755
-1.24535
-1.24302
-1.24057
-1.238
-1.2353
-1.23248
-1.22954
-1.22647
-1.22328
-1.21996
-1.21653
-1.21297
-1.20929
-1.20549
-1.20157
-1.19753
-1.19336
-1.18908
-1.18468
-1.18016
-1.17552
-1.17076
-1.16589
-1.1609
-1.15579
-1.15056
-1.14522
-1.13977
-1.1342
-1.12852
-1.12272
-1.11681
-1.11079
-1.10465
-1.09841
-1.09205
-1.08559
-1.07902
-1.07233
-1.06554
-1.05864
-1.05164
-1.04453
-1.03731
-1.02999
-1.02257
-1.01504
-1.00741
-0.999684
-0.991852
-0.983921
-0.975891
-0.967762
-0.959536
-0.951213
-0.942794
-0.934279
-0.925671
-0.916969
-0.908175
-0.899288
-0.890311
-0.881245
-0.872089
-0.862845
-0.853513
-0.844096
-0.834593
-0.825005
-0.815335
-0.805581
-0.795747
-0.785831
-0.775836
-0.765763
-0.755612
-0.745384
-0.735081
-0.724703
-0.714252
-0.703728
-0.693133
-0.682467
-0.671732
-0.660929
-0.650059
-0.639122
-0.628121
-0.617056
-0.605928
-0.594738
-0.583487
-0.572177
-0.560809
-0.549384
-0.537902
-0.526366
-0.514775
-0.503132
-0.491438
-0.479693
-0.4679
-0.456058
-0.444169
-0.432235
-0.420256
-0.408234
-0.396171
-0.384066
-0.371922
-0.359739
-0.347519
-0.335263
-0.322972
-0.310648
-0.298292
-0.285904
-0.273487
-0.261041
-0.248568
-0.236068
-0.223544
-0.210996
-0.198426
-0.185835
-0.173223
-0.160594
-0.147947
-0.135283
-0.122606
-0.109914
-0.0972104
-0.0844957
-0.0717713
-0.0590384
-0.0462984
-0.0335524
-0.0208019
-0.00804792
0.0047081
0.0174649
0.0302213
0.0429759
0.0557275
0.0684747
0.0812164
0.0939513
0.106678
0.119395
0.132102
0.144797
0.157478
0.170145
0.182797
0.195431
0.208047
0.220643
0.233219
0.245773
0.258303
0.270809
0.283289
0.295741
0.308166
0.320561
0.332925
0.345257
0.357555
0.36982
0.382048
0.39424
0.406393
0.418507
0.43058
0.442611
0.454599
0.466543
0.478442
0.490294
0.502098
0.513853
0.525558
0.537211
0.548812
0.560359
0.571852
0.583288
0.594667
0.605988
0.617249
0.628449
0.639588
0.650665
0.661677
0.672624
0.683505
0.694318
0.705064
0.715739
0.726345
0.736878
0.74734
0.757727
0.76804
0.778277
0.788437
0.798519
0.808523
0.818446
0.828289
0.83805
0.847728
0.857322
0.866832
0.876256
0.885593
0.894842
0.904003
0.913075
0.922056
0.930945
0.939743
0.948447
0.957058
0.965573
0.973993
0.982316
0.990542
0.99867
1.0067
1.01463
1.02246
1.03018
1.03781
1.04533
1.05275
1.06006
1.06727
1.07437
1.08136
1.08825
1.09503
1.1017
1.10826
1.11471
1.12105
1.12728
1.1334
1.1394
1.14529
1.15107
1.15673
1.16228
1.16771
1.17303
1.17822
1.1833
1.18827
1.19311
1.19784
1.20245
1.20693
1.2113
1.21554
1.21967
1.22367
1.22755
1.23131
1.23495
1.23846
1.24185
1.24512
1.24826
1.25128
1.25417
1.25694
1.25958
1.26209
1.26448
1.26675
1.26888
1.27089
1.27278
1.27454
1.27616
1.27767
1.27904
1.28029
1.28141
1.2824
1.28326
1.28399
1.2846
1.28508
1.28543
1.28565
1.28574
1.2857
1.28554
1.28524
1.28482
1.28427
1.28359
1.28278
1.28185
1.28078
1.27959
1.27827
1.27682
1.27525
1.27354
1.27171
1.26975
1.26766
1.26545
1.26311
1.26065
1.25805
1.25533
1.25249
1.24952
1.24642
1.2432
1.23986
1.23639
1.2328
1.22908
1.22524
1.22128
1.21719
1.21298
1.20865
1.2042
1.19963
1.19494
1.19013
1.1852
1.18014
1.17498
1.16969
1.16428
1.15876
1.15312
1.14737
1.1415
1.13552
1.12942
1.12321
1.11688
1.11045
1.1039
1.09724
1.09047
1.08359
1.0766
1.0695
1.0623
1.05499
1.04757
1.04005
1.03242
1.02469
1.01685
1.00891
1.00087
0.992733
0.984492
0.976152
0.967714
0.959178
0.950545
0.941817
0.932993
0.924076
0.915064
0.905961
0.896766
0.88748
0.878105
0.868641
0.859089
0.84945
0.839726
0.829916
0.820023
0.810046
0.799988
0.789848
0.779629
0.76933
0.758954
0.7485
0.737971
0.727367
0.716689
0.705938
0.695116
0.684223
0.67326
0.662229
0.651131
0.639967
0.628737
0.617444
0.606087
0.594669
0.58319
0.571652
0.560055
0.548402
0.536692
0.524927
0.513109
0.501238
0.489316
0.477344
0.465323
0.453254
0.441139
0.428978
0.416773
0.404526
0.392236
0.379906
0.367537
0.35513
0.342687
0.330207
0.317694
0.305147
0.292569
0.27996
0.267322
0.254655
0.241963
0.229244
0.216502
0.203736
0.190949
0.178142
0.165315
0.152471
0.13961
0.126734
0.113843
0.100941
0.0880265
0.0751022
0.0621691
0.0492285
0.0362817
0.02333
0.0103746
-0.00258309
-0.0155418
-0.0285003
-0.0414572
-0.0544113
-0.0673612
-0.0803057
-0.0932435
-0.106173
-0.119094
-0.132003
-0.144901
-0.157786
-0.170656
-0.18351
-0.196348
-0.209167
-0.221966
-0.234745
-0.247501
-0.260234
-0.272942
-0.285624
-0.298278
-0.310904
-0.323501
-0.336066
-0.348599
-0.361098
-0.373562
-0.385991
-0.398382
-0.410734
-0.423046
-0.435318
-0.447547
-0.459733
-0.471873
-0.483968
-0.496016
-0.508015
-0.519965
-0.531864
-0.543711
-0.555504
-0.567244
-0.578927
-0.590554
-0.602124
-0.613634
-0.625084
-0.636472
-0.647798
-0.65906
-0.670258
-0.68139
-0.692454
-0.703451
-0.714378
-0.725235
-0.73602
-0.746733
-0.757373
-0.767937
-0.778426
-0.788839
-0.799173
-0.809428
-0.819604
-0.829698
-0.839711
-0.849641
-0.859486
-0.869247
-0.878922
-0.88851
-0.898009
-0.907421
-0.916742
-0.925972
-0.935111
-0.944158
-0.95311
-0.961969
-0.970732
-0.979398
-0.987968
-0.99644
-1.00481
-1.01309
-1.02126
-1.02933
-1.0373
-1.04517
-1.05293
-1.06059
-1.06814
-1.07559
-1.08293
-1.09016
-1.09728
-1.1043
-1.11121
-1.118
-1.12468
-1.13126
-1.13772
-1.14406
-1.1503
-1.15641
-1.16242
-1.16831
-1.17408
-1.17973
-1.18527
-1.19069
-1.19599
-1.20117
-1.20623
-1.21117
-1.216
-1.2207
-1.22527
-1.22973
-1.23407
-1.23828
-1.24236
-1.24633
-1.25017
-1.25388
-1.25747
-1.26094
-1.26428
-1.26749
-1.27057
-1.27353
-1.27637
-1.27907
-1.28165
-1.2841
-1.28642
-1.28861
-1.29068
-1.29261
-1.29442
-1.2961
-1.29764
-1.29906
-1.30035
-1.30151
-1.30254
-1.30344
-1.3042
-1.30484
-1.30535
-1.30573
-1.30597
-1.30609
-1.30607
-1.30593
-1.30565
-1.30524
-1.30471
-1.30404
-1.30324
-1.30231
-1.30125
-1.30006
-1.29874
-1.29729
-1.29572
-1.29401
-1.29217
-1.2902
-1.2881
-1.28588
-1.28352
-1.28104
-1.27843
-1.27569
-1.27282
-1.26982
-1.2667
-1.26345
-1.26007
-1.25657
-1.25294
-1.24919
-1.24531
-1.2413
-1.23717
-1.23292
-1.22854
-1.22404
-1.21942
-1.21467
-1.20981
-1.20482
-1.19971
-1.19448
-1.18913
-1.18366
-1.17807
-1.17236
-1.16654
-1.16059
-1.15454
-1.14836
-1.14207
-1.13566
-1.12915
-1.12251
-1.11577
-1.10891
-1.10194
-1.09486
-1.08767
-1.08037
-1.07296
-1.06544
-1.05782
-1.05009
-1.04225
-1.03431
-1.02626
-1.01811
-1.00986
-1.00151
-0.993052
-0.984497
-0.975842
-0.96709
-0.958239
-0.949292
-0.94025
-0.931112
-0.92188
-0.912555
-0.903138
-0.89363
-0.884031
-0.874343
-0.864567
-0.854703
-0.844753
-0.834717
-0.824597
-0.814393
-0.804107
-0.793739
-0.783291
-0.772764
-0.762158
-0.751475
-0.740716
-0.729881
-0.718973
-0.707992
-0.696938
-0.685814
-0.67462
-0.663358
-0.652028
-0.640632
-0.629171
-0.617645
-0.606057
-0.594407
-0.582696
-0.570926
-0.559097
-0.547212
-0.53527
-0.523274
-0.511224
-0.499122
-0.486969
-0.474766
-0.462514
-0.450215
-0.43787
-0.425479
-0.413045
-0.400568
-0.38805
-0.375492
-0.362895
-0.35026
-0.337589
-0.324883
-0.312144
-0.299372
-0.286568
-0.273735
-0.260873
-0.247984
-0.235068
-0.222128
-0.209164
-0.196179
-0.183172
-0.170145
-0.1571
-0.144039
-0.130961
-0.117869
-0.104764
-0.0916476
-0.0785203
-0.0653839
-0.0522396
-0.0390888
-0.0259328
-0.0127729
0.000389656
0.0135535
0.0267172
0.0398796
0.0530394
0.0661951
0.0793456
0.0924894
0.105625
0.118752
0.131868
0.144972
0.158063
0.17114
0.184201
0.197244
0.210269
0.223275
0.236259
0.249221
0.26216
0.275073
0.287961
0.300821
0.313652
0.326453
0.339222
0.351959
0.364662
0.37733
0.389961
0.402555
0.41511
0.427624
0.440097
0.452527
0.464913
0.477254
0.489548
0.501795
0.513992
0.52614
0.538236
0.55028
0.562269
0.574204
0.586082
0.597903
0.609666
0.621368
0.63301
0.644589
0.656105
0.667557
0.678943
0.690263
0.701514
0.712697
0.723809
0.73485
0.745818
0.756714
0.767534
0.778279
0.788947
0.799537
0.810049
0.82048
0.830831
0.841099
0.851285
0.861386
0.871402
0.881332
0.891175
0.900929
0.910595
0.92017
0.929655
0.939047
0.948346
0.957552
0.966663
0.975678
0.984596
0.993417
1.00214
1.01076
1.01928
1.02771
1.03603
1.04424
1.05236
1.06036
1.06827
1.07607
1.08376
1.09134
1.09881
1.10618
1.11344
1.12058
1.12762
1.13454
1.14135
1.14804
1.15462
1.16109
1.16744
1.17368
1.17979
1.18579
1.19168
1.19744
1.20309
1.20861
1.21402
1.2193
1.22447
1.22951
1.23442
1.23922
1.24389
1.24844
1.25286
1.25716
1.26134
1.26538
1.26931
1.2731
1.27677
1.28031
1.28372
1.28701
1.29017
1.2932
1.29609
1.29886
1.3015
1.30402
1.3064
1.30865
1.31076
1.31275
1.31461
1.31634
1.31793
1.31939
1.32072
1.32192
1.32299
1.32393
1.32473
1.3254
1.32594
1.32634
1.32661
1.32675
1.32676
1.32664
1.32638
1.32599
1.32546
1.32481
1.32402
1.3231
1.32205
1.32086
1.31954
1.31809
1.31651
1.3148
1.31295
1.31097
1.30887
1.30663
1.30426
1.30176
1.29912
1.29636
1.29347
1.29045
1.2873
1.28402
1.28061
1.27708
1.27341
1.26962
1.2657
1.26165
1.25748
1.25318
1.24876
1.24421
1.23953
1.23473
1.22981
1.22476
1.21959
1.2143
1.20888
1.20335
1.19769
1.19191
1.18602
1.18
1.17387
1.16761
1.16124
1.15476
1.14815
1.14144
1.1346
1.12765
1.12059
1.11342
1.10613
1.09874
1.09123
1.08361
1.07589
1.06805
1.06011
1.05206
1.0439
1.03564
1.02728
1.01881
1.01024
1.00157
0.992791
0.983917
0.974943
0.965871
0.956701
0.947435
0.938073
0.928617
0.919067
0.909423
0.899688
0.889862
0.879946
0.869941
0.859848
0.849668
0.839402
0.829051
0.818617
0.808099
0.797499
0.786819
0.776059
0.76522
0.754303
0.74331
0.732242
0.721099
0.709883
0.698595
0.687236
0.675807
0.664309
0.652744
0.641112
0.629415
0.617654
0.60583
0.593944
0.581998
0.569992
0.557928
0.545807
0.533631
0.521399
0.509115
0.496778
0.48439
0.471953
0.459467
0.446934
0.434355
0.421731
0.409064
0.396355
0.383604
0.370815
0.357986
0.345121
0.33222
0.319284
0.306316
0.293315
0.280284
0.267223
0.254134
0.241019
0.227878
0.214713
0.201525
0.188316
0.175086
0.161838
0.148572
0.135291
0.121994
0.108683
0.095361
0.0820276
0.0686847
0.0553336
0.0419756
0.0286121
0.0152444
0.00187384
-0.0114982
-0.0248705
-0.0382416
-0.0516103
-0.0649751
-0.0783348
-0.0916879
-0.105033
-0.118369
-0.131695
-0.145009
-0.158309
-0.171596
-0.184866
-0.198119
-0.211354
-0.224569
-0.237762
-0.250934
-0.264081
-0.277203
-0.290299
-0.303368
-0.316407
-0.329416
-0.342393
-0.355337
-0.368248
-0.381122
-0.39396
-0.406759
-0.41952
-0.432239
-0.444917
-0.457551
-0.470141
-0.482685
-0.495182
-0.507631
-0.52003
-0.532379
-0.544675
-0.556919
-0.569107
-0.581241
-0.593317
-0.605335
-0.617294
-0.629192
-0.641029
-0.652802
-0.664512
-0.676156
-0.687734
-0.699244
-0.710685
-0.722057
-0.733357
-0.744585
-0.75574
-0.76682
-0.777825
-0.788753
-0.799604
-0.810375
-0.821067
-0.831677
-0.842205
-0.852651
-0.863012
-0.873287
-0.883477
-0.893579
-0.903593
-0.913517
-0.923351
-0.933094
-0.942744
-0.952301
-0.961764
-0.971131
-0.980403
-0.989577
-0.998653
-1.00763
-1.01651
-1.02528
-1.03396
-1.04253
-1.051
-1.05937
-1.06762
-1.07578
-1.08383
-1.09177
-1.0996
-1.10732
-1.11493
-1.12243
-1.12982
-1.1371
-1.14426
-1.15131
-1.15825
-1.16507
-1.17178
-1.17836
-1.18484
-1.19119
-1.19743
-1.20354
-1.20954
-1.21541
-1.22117
-1.2268
-1.23231
-1.2377
-1.24297
-1.24811
-1.25313
-1.25802
-1.26279
-1.26743
-1.27195
-1.27633
-1.2806
-1.28473
-1.28873
-1.29261
-1.29636
-1.29998
-1.30347
-1.30683
-1.31006
-1.31316
-1.31612
-1.31896
-1.32166
-1.32424
-1.32668
-1.32898
-1.33116
-1.3332
-1.33511
-1.33689
-1.33853
-1.34004
-1.34141
-1.34265
-1.34376
-1.34473
-1.34557
-1.34628
-1.34685
-1.34728
-1.34758
-1.34774
-1.34777
-1.34767
-1.34743
-1.34706
-1.34655
-1.34591
-1.34513
-1.34421
-1.34317
-1.34199
-1.34067
-1.33922
-1.33764
-1.33592
-1.33407
-1.33208
-1.32996
-1.32771
-1.32532
-1.32281
-1.32016
-1.31737
-1.31446
-1.31141
-1.30823
-1.30492
-1.30148
-1.29791
-1.29421
-1.29038
-1.28642
-1.28234
-1.27812
-1.27377
-1.2693
-1.2647
-1.25997
-1.25512
-1.25014
-1.24503
-1.2398
-1.23444
-1.22897
-1.22336
-1.21764
-1.21179
-1.20582
-1.19973
-1.19352
-1.18719
-1.18074
-1.17417
-1.16748
-1.16067
-1.15375
-1.14671
-1.13956
-1.13229
-1.12491
-1.11742
-1.10981
-1.10209
-1.09426
-1.08632
-1.07827
-1.07011
-1.06184
-1.05347
-1.04499
-1.03641
-1.02772
-1.01892
-1.01003
-1.00103
-0.991932
-0.982733
-0.973436
-0.964039
-0.954546
-0.944956
-0.93527
-0.925491
-0.915617
-0.905651
-0.895594
-0.885445
-0.875208
-0.864882
-0.854468
-0.843968
-0.833382
-0.822712
-0.811958
-0.801123
-0.790206
-0.779209
-0.768133
-0.756979
-0.745748
-0.734442
-0.723061
-0.711606
-0.70008
-0.688482
-0.676814
-0.665077
-0.653272
-0.641402
-0.629465
-0.617465
-0.605401
-0.593276
-0.581091
-0.568846
-0.556542
-0.544182
-0.531767
-0.519297
-0.506774
-0.494198
-0.481573
-0.468897
-0.456174
-0.443404
-0.430588
-0.417727
-0.404824
-0.391879
-0.378893
-0.365869
-0.352806
-0.339707
-0.326572
-0.313404
-0.300202
-0.28697
-0.273707
-0.260416
-0.247098
-0.233753
-0.220384
-0.206991
-0.193576
-0.180141
-0.166686
-0.153213
-0.139724
-0.126219
-0.1127
-0.0991686
-0.0856259
-0.0720734
-0.0585122
-0.0449438
-0.0313696
-0.0177909
-0.00420907
0.00937456
0.0229586
0.0365417
0.0501225
0.0636997
0.0772718
0.0908376
0.104396
0.117945
0.131483
0.14501
0.158523
0.172023
0.185506
0.198972
0.212419
0.225847
0.239253
0.252637
0.265997
0.279331
0.292639
0.305919
0.31917
0.33239
0.345579
0.358734
0.371854
0.384939
0.397986
0.410995
0.423964
0.436892
0.449778
0.46262
0.475417
0.488167
0.50087
0.513525
0.526129
0.538682
0.551182
0.563628
0.57602
0.588355
0.600632
0.61285
0.625009
0.637106
0.649141
0.661112
0.673018
0.684858
0.69663
0.708334
0.719969
0.731532
0.743024
0.754442
0.765787
0.777055
0.788247
0.799362
0.810397
0.821353
0.832228
0.84302
0.85373
0.864355
0.874894
0.885347
0.895713
0.90599
0.916178
0.926275
0.93628
0.946193
0.956012
0.965736
0.975365
0.984898
0.994332
1.00367
1.01291
1.02204
1.03108
1.04001
1.04884
1.05757
1.06619
1.0747
1.08311
1.09141
1.0996
1.10769
1.11566
1.12353
1.13128
1.13892
1.14644
1.15385
1.16115
1.16833
1.1754
1.18235
1.18918
1.19589
1.20249
1.20896
1.21532
1.22155
1.22766
1.23365
1.23952
1.24526
1.25088
1.25638
1.26175
1.26699
1.27211
1.2771
1.28197
1.2867
1.29131
1.29579
1.30014
1.30436
1.30846
1.31242
1.31625
1.31995
1.32351
1.32695
1.33025
1.33342
1.33646
1.33936
1.34213
1.34477
1.34727
1.34964
1.35187
1.35397
1.35593
1.35776
1.35945
1.361
1.36242
1.36371
1.36485
1.36587
1.36674
1.36748
1.36808
1.36854
1.36887
1.36906
1.36912
1.36903
1.36881
1.36846
1.36796
1.36733
1.36657
1.36566
1.36462
1.36344
1.36213
1.36068
1.3591
1.35737
1.35551
1.35352
1.35139
1.34913
1.34673
1.34419
1.34152
1.33872
1.33578
1.33271
1.3295
1.32616
1.32269
1.31909
1.31535
1.31148
1.30748
1.30335
1.29909
1.2947
1.29017
1.28552
1.28074
1.27583
1.2708
1.26563
1.26034
1.25492
1.24938
1.24371
1.23791
1.23199
1.22595
1.21978
1.21349
1.20708
1.20055
1.1939
1.18712
1.18023
1.17322
1.16609
1.15884
1.15148
1.144
1.13641
1.1287
1.12088
1.11294
1.10489
1.09674
1.08847
1.08009
1.0716
1.06301
1.0543
1.04549
1.03658
1.02756
1.01844
1.00921
0.999885
0.990457
0.980929
0.971302
0.961577
0.951754
0.941836
0.931822
0.921714
0.911513
0.90122
0.890835
0.880361
0.869797
0.859146
0.848407
0.837583
0.826673
0.81568
0.804604
0.793447
0.782209
0.770892
0.759497
0.748024
0.736476
0.724853
0.713156
0.701386
0.689546
0.677635
0.665655
0.653608
0.641493
0.629314
0.61707
0.604764
0.592396
0.579967
0.567479
0.554933
0.54233
0.529672
0.51696
0.504194
0.491377
0.47851
0.465593
0.452629
0.439618
0.426561
0.413461
0.400318
0.387134
0.373909
0.360646
0.347346
0.334009
0.320638
0.307234
0.293797
0.28033
0.266833
0.253308
0.239756
0.22618
0.212579
0.198955
0.185311
0.171646
0.157963
0.144263
0.130547
0.116816
0.103073
0.0893174
0.0755518
0.0617774
0.0479953
0.0342071
0.0204141
0.00661771
-0.00718076
-0.0209799
-0.0347783
-0.0485746
-0.0623674
-0.0761554
-0.0899372
-0.103711
-0.117476
-0.131231
-0.144974
-0.158704
-0.172419
-0.186119
-0.199801
-0.213465
-0.227109
-0.240731
-0.254331
-0.267906
-0.281456
-0.29498
-0.308475
-0.32194
-0.335375
-0.348778
-0.362147
-0.375481
-0.388779
-0.40204
-0.415261
-0.428443
-0.441583
-0.45468
-0.467733
-0.48074
-0.493701
-0.506613
-0.519476
-0.532289
-0.545049
-0.557757
-0.57041
-0.583007
-0.595547
-0.608028
-0.62045
-0.632812
-0.645111
-0.657347
-0.669519
-0.681624
-0.693663
-0.705634
-0.717535
-0.729366
-0.741125
-0.752811
-0.764423
-0.77596
-0.78742
-0.798802
-0.810106
-0.82133
-0.832473
-0.843534
-0.854512
-0.865405
-0.876213
-0.886934
-0.897568
-0.908113
-0.918568
-0.928932
-0.939205
-0.949384
-0.95947
-0.969461
-0.979356
-0.989154
-0.998854
-1.00845
-1.01796
-1.02736
-1.03665
-1.04585
-1.05494
-1.06393
-1.07281
-1.08159
-1.09026
-1.09882
-1.10727
-1.11561
-1.12384
-1.13196
-1.13996
-1.14786
-1.15564
-1.1633
-1.17085
-1.17828
-1.1856
-1.1928
-1.19988
-1.20684
-1.21368
-1.2204
-1.22699
-1.23347
-1.23982
-1.24605
-1.25216
-1.25814
-1.264
-1.26973
-1.27533
-1.28081
-1.28616
-1.29138
-1.29647
-1.30143
-1.30627
-1.31097
-1.31554
-1.31999
-1.3243
-1.32848
-1.33252
-1.33643
-1.34021
-1.34386
-1.34737
-1.35075
-1.35399
-1.3571
-1.36007
-1.36291
-1.36561
-1.36818
-1.3706
-1.3729
-1.37505
-1.37707
-1.37895
-1.38069
-1.38229
-1.38376
-1.38509
-1.38627
-1.38733
-1.38824
-1.38901
-1.38964
-1.39014
-1.3905
-1.39071
-1.39079
-1.39073
-1.39053
-1.39019
-1.38972
-1.3891
-1.38834
-1.38745
-1.38642
-1.38524
-1.38393
-1.38248
-1.3809
-1.37917
-1.3773
-1.3753
-1.37316
-1.37089
-1.36847
-1.36592
-1.36323
-1.36041
-1.35744
-1.35435
-1.35111
-1.34774
-1.34424
-1.3406
-1.33683
-1.33292
-1.32888
-1.32471
-1.3204
-1.31596
-1.31139
-1.30669
-1.30185
-1.29689
-1.29179
-1.28657
-1.28121
-1.27573
-1.27012
-1.26438
-1.25852
-1.25252
-1.24641
-1.24016
-1.2338
-1.22731
-1.22069
-1.21395
-1.20709
-1.20011
-1.19301
-1.18579
-1.17845
-1.17099
-1.16341
-1.15572
-1.14791
-1.13998
-1.13194
-1.12378
-1.11551
-1.10713
-1.09864
-1.09004
-1.08132
-1.0725
-1.06357
-1.05453
-1.04539
-1.03614
-1.02679
-1.01733
-1.00777
-0.998109
-0.988346
-0.978484
-0.968523
-0.958464
-0.948308
-0.938056
-0.927709
-0.917269
-0.906736
-0.896111
-0.885395
-0.87459
-0.863697
-0.852715
-0.841648
-0.830495
-0.819258
-0.807938
-0.796536
-0.785054
-0.773491
-0.76185
-0.750132
-0.738338
-0.726468
-0.714525
-0.702509
-0.690422
-0.678264
-0.666037
-0.653743
-0.641382
-0.628955
-0.616465
-0.603911
-0.591296
-0.578621
-0.565886
-0.553093
-0.540244
-0.52734
-0.514381
-0.50137
-0.488308
-0.475195
-0.462033
-0.448824
-0.435569
-0.422269
-0.408925
-0.395539
-0.382112
-0.368646
-0.355141
-0.341599
-0.328022
-0.314411
-0.300767
-0.287092
-0.273386
-0.259652
-0.245891
-0.232103
-0.218291
-0.204456
-0.190599
-0.176721
-0.162824
-0.14891
-0.134979
-0.121034
-0.107075
-0.0931039
-0.0791221
-0.065131
-0.051132
-0.0371265
-0.0231159
-0.0091015
0.00491517
0.0189327
0.0329498
0.046965
0.0609769
0.0749841
0.0889852
0.102979
0.116964
0.130938
0.144901
0.15885
0.172785
0.186705
0.200607
0.21449
0.228353
0.242195
0.256014
0.269809
0.283578
0.29732
0.311034
0.324718
0.338371
0.351991
0.365578
0.379129
0.392644
0.406121
0.419559
0.432956
0.446311
0.459623
0.47289
0.486111
0.499285
0.512411
0.525486
0.53851
0.551482
0.5644
0.577262
0.590069
0.602817
0.615507
0.628136
0.640703
0.653208
0.665649
0.678024
0.690333
0.702574
0.714746
0.726848
0.738878
0.750836
0.76272
0.774528
0.786261
0.797916
0.809492
0.820988
0.832404
0.843737
0.854988
0.866153
0.877234
0.888227
0.899133
0.909951
0.920678
0.931314
0.941858
0.952309
0.962666
0.972928
0.983093
0.993161
1.00313
1.013
1.02277
1.03244
1.04201
1.05147
1.06083
1.07008
1.07923
1.08827
1.09721
1.10603
1.11474
1.12335
1.13184
1.14022
1.14849
1.15664
1.16468
1.1726
1.18041
1.18809
1.19566
1.20312
1.21045
1.21766
1.22475
1.23172
1.23857
1.24529
1.25189
1.25836
1.26471
1.27094
1.27704
1.28301
1.28885
1.29456
1.30015
1.30561
1.31093
1.31613
1.32119
1.32612
1.33092
1.33559
1.34013
1.34453
1.3488
1.35293
1.35693
1.36079
1.36452
1.36811
1.37156
1.37488
1.37806
1.3811
1.38401
1.38678
1.3894
1.3919
1.39425
1.39646
1.39853
1.40046
1.40226
1.40391
1.40542
1.40679
1.40803
1.40912
1.41007
1.41088
1.41155
1.41207
1.41246
1.4127
1.41281
1.41277
1.41259
1.41227
1.41181
1.41121
1.41046
1.40958
1.40855
1.40739
1.40608
1.40463
1.40304
1.40131
1.39944
1.39743
1.39528
1.39299
1.39056
1.38799
1.38529
1.38244
1.37946
1.37633
1.37307
1.36967
1.36614
1.36246
1.35865
1.35471
1.35063
1.34641
1.34206
1.33757
1.33295
1.32819
1.32331
1.31828
1.31313
1.30785
1.30243
1.29688
1.2912
1.2854
1.27946
1.2734
1.2672
1.26088
1.25444
1.24786
1.24117
1.23434
1.2274
1.22032
1.21313
1.20582
1.19838
1.19082
1.18314
1.17535
1.16743
1.1594
1.15125
1.14299
1.13461
1.12611
1.11751
1.10879
1.09995
1.09101
1.08196
1.0728
1.06353
1.05415
1.04466
1.03507
1.02538
1.01558
1.00568
0.995682
0.985581
0.975379
0.965079
0.954681
0.944187
0.933598
0.922914
0.912136
0.901267
0.890306
0.879255
0.868115
0.856887
0.845572
0.834172
0.822687
0.811119
0.799468
0.787736
0.775924
0.764034
0.752066
0.740021
0.727902
0.715708
0.703441
0.691103
0.678695
0.666217
0.653672
0.64106
0.628383
0.615641
0.602837
0.589971
0.577045
0.56406
0.551017
0.537917
0.524763
0.511555
0.498294
0.484982
0.471621
0.458211
0.444753
0.43125
0.417703
0.404112
0.39048
0.376807
0.363095
0.349345
0.335559
0.321738
0.307884
0.293997
0.28008
0.266133
0.252158
0.238157
0.22413
0.21008
0.196007
0.181913
0.1678
0.153668
0.13952
0.125356
0.111178
0.0969877
0.0827863
0.0685752
0.0543558
0.0401296
0.0258979
0.0116622
-0.00257606
-0.0168155
-0.0310547
-0.0452922
-0.0595266
-0.0737565
-0.0879804
-0.102197
-0.116405
-0.130602
-0.144788
-0.158961
-0.173119
-0.187262
-0.201387
-0.215493
-0.229579
-0.243644
-0.257686
-0.271703
-0.285695
-0.299659
-0.313595
-0.327501
-0.341376
-0.355218
-0.369025
-0.382798
-0.396533
-0.41023
-0.423887
-0.437503
-0.451077
-0.464607
-0.478092
-0.491531
-0.504922
-0.518263
-0.531555
-0.544794
-0.55798
-0.571112
-0.584188
-0.597206
-0.610167
-0.623067
-0.635907
-0.648684
-0.661398
-0.674047
-0.68663
-0.699145
-0.711591
-0.723968
-0.736274
-0.748507
-0.760666
-0.772751
-0.78476
-0.796691
-0.808544
-0.820317
-0.832009
-0.84362
-0.855147
-0.86659
-0.877947
-0.889217
-0.9004
-0.911494
-0.922498
-0.933411
-0.944231
-0.954958
-0.965591
-0.976128
-0.986569
-0.996912
-1.00716
-1.0173
-1.02734
-1.03729
-1.04713
-1.05686
-1.06649
-1.07602
-1.08544
-1.09475
-1.10395
-1.11304
-1.12203
-1.1309
-1.13966
-1.1483
-1.15683
-1.16525
-1.17355
-1.18174
-1.18981
-1.19776
-1.20559
-1.2133
-1.22089
-1.22836
-1.2357
-1.24293
-1.25003
-1.257
-1.26385
-1.27058
-1.27718
-1.28365
-1.29
-1.29621
-1.3023
-1.30826
-1.31408
-1.31978
-1.32534
-1.33078
-1.33608
-1.34124
-1.34628
-1.35118
-1.35594
-1.36057
-1.36507
-1.36942
-1.37365
-1.37773
-1.38168
-1.38549
-1.38916
-1.39269
-1.39608
-1.39934
-1.40245
-1.40543
-1.40826
-1.41096
-1.41351
-1.41592
-1.4182
-1.42032
-1.42231
-1.42416
-1.42586
-1.42742
-1.42884
-1.43012
-1.43125
-1.43224
-1.43308
-1.43379
-1.43435
-1.43476
-1.43504
-1.43517
-1.43515
-1.435
-1.4347
-1.43425
-1.43366
-1.43293
-1.43206
-1.43104
-1.42988
-1.42857
-1.42713
-1.42554
-1.4238
-1.42193
-1.41991
-1.41775
-1.41545
-1.41301
-1.41042
-1.40769
-1.40483
-1.40182
-1.39867
-1.39538
-1.39195
-1.38838
-1.38468
-1.38083
-1.37685
-1.37272
-1.36846
-1.36406
-1.35953
-1.35486
-1.35005
-1.34511
-1.34003
-1.33482
-1.32947
-1.32399
-1.31838
-1.31264
-1.30676
-1.30075
-1.29461
-1.28834
-1.28194
-1.27542
-1.26876
-1.26198
-1.25507
-1.24803
-1.24087
-1.23359
-1.22618
-1.21864
-1.21099
-1.20321
-1.19531
-1.18729
-1.17915
-1.17089
-1.16252
-1.15402
-1.14541
-1.13669
-1.12785
-1.1189
-1.10983
-1.10066
-1.09137
-1.08197
-1.07246
-1.06285
-1.05312
-1.04329
-1.03336
-1.02332
-1.01318
-1.00293
-0.992587
-0.982141
-0.971595
-0.960952
-0.950211
-0.939374
-0.928442
-0.917416
-0.906297
-0.895087
-0.883786
-0.872395
-0.860916
-0.84935
-0.837698
-0.825961
-0.81414
-0.802236
-0.790251
-0.778186
-0.766041
-0.753819
-0.741521
-0.729147
-0.716698
-0.704177
-0.691584
-0.678921
-0.666189
-0.653388
-0.640522
-0.627589
-0.614593
-0.601534
-0.588413
-0.575233
-0.561993
-0.548696
-0.535343
-0.521935
-0.508473
-0.494959
-0.481395
-0.467781
-0.454118
-0.440409
-0.426655
-0.412856
-0.399015
-0.385132
-0.37121
-0.357249
-0.343251
-0.329217
-0.315149
-0.301048
-0.286916
-0.272753
-0.258562
-0.244343
-0.230099
-0.21583
-0.201538
-0.187225
-0.172891
-0.158539
-0.144169
-0.129784
-0.115384
-0.100971
-0.0865463
-0.0721118
-0.0576687
-0.0432183
-0.0287621
-0.0143016
0.000161699
0.0146265
0.0290912
0.0435545
0.0580149
0.072471
0.0869212
0.101364
0.115798
0.130223
0.144635
0.159035
0.17342
0.187789
0.202141
0.216474
0.230787
0.245078
0.259346
0.27359
0.287807
0.301998
0.316159
0.330291
0.34439
0.358457
0.372489
0.386486
0.400445
0.414365
0.428246
0.442085
0.455881
0.469633
0.48334
0.496999
0.51061
0.524172
0.537682
0.55114
0.564544
0.577893
0.591186
0.604421
0.617596
0.630712
0.643765
0.656755
0.669681
0.682542
0.695335
0.70806
0.720716
0.733301
0.745814
0.758253
0.770618
0.782907
0.795119
0.807252
0.819307
0.83128
0.843171
0.85498
0.866704
0.878342
0.889894
0.901358
0.912733
0.924018
0.935212
0.946313
0.957321
0.968234
0.979051
0.989772
1.00039
1.01092
1.02134
1.03166
1.04188
1.052
1.06201
1.07192
1.08172
1.09142
1.101
1.11048
1.11985
1.1291
1.13825
1.14728
1.1562
1.165
1.17369
1.18226
1.19071
1.19904
1.20726
1.21536
1.22333
1.23119
1.23892
1.24652
1.25401
1.26137
1.2686
1.27571
1.28269
1.28955
1.29627
1.30287
1.30933
1.31567
1.32188
1.32795
1.33389
1.3397
1.34538
1.35092
1.35632
1.3616
1.36673
1.37173
1.3766
1.38132
1.38591
1.39036
1.39467
1.39885
1.40288
1.40677
1.41053
1.41414
1.41761
1.42094
1.42413
1.42718
1.43008
1.43284
1.43546
1.43793
1.44027
1.44245
1.4445
1.4464
1.44815
1.44976
1.45123
1.45255
1.45372
1.45475
1.45564
1.45638
1.45697
1.45742
1.45772
1.45788
1.45789
1.45775
1.45747
1.45704
1.45647
1.45575
1.45489
1.45388
1.45273
1.45143
1.44998
1.44839
1.44665
1.44477
1.44275
1.44058
1.43827
1.43581
1.43321
1.43046
1.42757
1.42454
1.42137
1.41805
1.41459
1.41099
1.40725
1.40336
1.39934
1.39518
1.39087
1.38643
1.38184
1.37712
1.37226
1.36727
1.36213
1.35686
1.35145
1.34591
1.34023
1.33442
1.32847
1.32239
1.31618
1.30983
1.30335
1.29674
1.29001
1.28314
1.27614
1.26901
1.26176
1.25438
1.24687
1.23924
1.23149
1.22361
1.2156
1.20748
1.19923
1.19086
1.18237
1.17377
1.16504
1.1562
1.14724
1.13816
1.12897
1.11967
1.11025
1.10073
1.09109
1.08134
1.07148
1.06151
1.05144
1.04126
1.03097
1.02058
1.01009
0.999498
0.988803
0.978007
0.967113
0.956121
0.945033
0.933848
0.922569
0.911197
0.899733
0.888177
0.876532
0.864797
0.852975
0.841067
0.829073
0.816995
0.804834
0.792592
0.780269
0.767866
0.755386
0.742829
0.730196
0.71749
0.70471
0.691858
0.678936
0.665945
0.652885
0.63976
0.626568
0.613313
0.599996
0.586617
0.573178
0.55968
0.546125
0.532514
0.518848
0.505129
0.491359
0.477537
0.463667
0.449749
0.435784
0.421775
0.407722
0.393626
0.37949
0.365315
0.351102
0.336852
0.322567
0.308248
0.293897
0.279515
0.265104
0.250665
0.2362
0.221709
0.207195
0.192658
0.178101
0.163525
0.14893
0.13432
0.119694
0.105055
0.0904044
0.075743
0.0610726
0.0463945
0.0317104
0.0170217
0.00232972
-0.0123639
-0.0270578
-0.0417504
-0.0564404
-0.0711261
-0.0858062
-0.100479
-0.115144
-0.129798
-0.144441
-0.159071
-0.173686
-0.188286
-0.202868
-0.217431
-0.231974
-0.246495
-0.260994
-0.275467
-0.289914
-0.304334
-0.318725
-0.333085
-0.347414
-0.361709
-0.37597
-0.390194
-0.404381
-0.418528
-0.432635
-0.446701
-0.460723
-0.4747
-0.488632
-0.502516
-0.516351
-0.530135
-0.543869
-0.557549
-0.571174
-0.584744
-0.598257
-0.611712
-0.625106
-0.63844
-0.651711
-0.664918
-0.67806
-0.691135
-0.704143
-0.717081
-0.729949
-0.742745
-0.755469
-0.768118
-0.780691
-0.793188
-0.805607
-0.817946
-0.830205
-0.842382
-0.854476
-0.866486
-0.87841
-0.890247
-0.901997
-0.913658
-0.925229
-0.936708
-0.948094
-0.959387
-0.970586
-0.981688
-0.992693
-1.0036
-1.01441
-1.02512
-1.03572
-1.04622
-1.05662
-1.06692
-1.07711
-1.08719
-1.09717
-1.10703
-1.11679
-1.12644
-1.13597
-1.14539
-1.1547
-1.16389
-1.17297
-1.18193
-1.19078
-1.1995
-1.20811
-1.2166
-1.22497
-1.23321
-1.24133
-1.24933
-1.25721
-1.26496
-1.27258
-1.28008
-1.28745
-1.29469
-1.3018
-1.30879
-1.31564
-1.32237
-1.32896
-1.33542
-1.34174
-1.34794
-1.35399
-1.35992
-1.36571
-1.37136
-1.37688
-1.38225
-1.38749
-1.3926
-1.39756
-1.40239
-1.40707
-1.41162
-1.41602
-1.42028
-1.42441
-1.42838
-1.43222
-1.43592
-1.43947
-1.44287
-1.44614
-1.44926
-1.45223
-1.45506
-1.45774
-1.46028
-1.46268
-1.46492
-1.46702
-1.46898
-1.47079
-1.47245
-1.47396
-1.47533
-1.47655
-1.47762
-1.47854
-1.47932
-1.47994
-1.48042
-1.48076
-1.48094
-1.48098
-1.48086
-1.4806
-1.4802
-1.47964
-1.47894
-1.47808
-1.47708
-1.47594
-1.47464
-1.4732
-1.47161
-1.46987
-1.46798
-1.46595
-1.46377
-1.46145
-1.45897
-1.45636
-1.45359
-1.45068
-1.44763
-1.44443
-1.44108
-1.43759
-1.43396
-1.43018
-1.42626
-1.4222
-1.41799
-1.41364
-1.40915
-1.40452
-1.39975
-1.39484
-1.38978
-1.38459
-1.37926
-1.37379
-1.36818
-1.36244
-1.35655
-1.35054
-1.34438
-1.33809
-1.33167
-1.32511
-1.31842
-1.3116
-1.30465
-1.29756
-1.29034
-1.283
-1.27552
-1.26792
-1.26019
-1.25233
-1.24435
-1.23624
-1.228
-1.21965
-1.21117
-1.20256
-1.19384
-1.185
-1.17604
-1.16695
-1.15776
-1.14844
-1.13901
-1.12946
-1.1198
-1.11003
-1.10015
-1.09015
-1.08004
-1.06983
-1.05951
-1.04908
-1.03854
-1.0279
-1.01716
-1.00631
-0.995359
-0.98431
-0.973161
-0.961913
-0.950568
-0.939127
-0.927591
-0.91596
-0.904237
-0.892423
-0.880518
-0.868524
-0.856442
-0.844273
-0.832018
-0.819679
-0.807256
-0.794752
-0.782167
-0.769503
-0.75676
-0.74394
-0.731045
-0.718075
-0.705032
-0.691918
-0.678733
-0.665478
-0.652156
-0.638767
-0.625313
-0.611795
-0.598215
-0.584573
-0.570872
-0.557112
-0.543295
-0.529423
-0.515496
-0.501516
-0.487484
-0.473403
-0.459272
-0.445094
-0.430871
-0.416603
-0.402291
-0.387939
-0.373545
-0.359114
-0.344644
-0.330139
-0.315599
-0.301027
-0.286423
-0.271788
-0.257125
-0.242435
-0.227719
-0.212979
-0.198216
-0.183432
-0.168628
-0.153806
-0.138967
-0.124112
-0.109244
-0.0943626
-0.0794708
-0.0645696
-0.0496604
-0.0347447
-0.0198241
-0.00490001
0.0100261
0.0249526
0.0398782
0.0548013
0.0697203
0.0846339
0.0995406
0.114439
0.129327
0.144204
0.159068
0.173917
0.18875
0.203567
0.218364
0.233141
0.247896
0.262627
0.277334
0.292015
0.306668
0.321292
0.335885
0.350446
0.364973
0.379465
0.393921
0.408339
0.422718
0.437055
0.451351
0.465602
0.479809
0.493969
0.508081
0.522143
0.536155
0.550115
0.564021
0.577872
0.591666
0.605403
0.619081
0.632698
0.646253
0.659745
0.673172
0.686533
0.699827
0.713052
0.726208
0.739292
0.752303
0.765241
0.778103
0.790889
0.803596
0.816225
0.828774
0.841241
0.853625
0.865924
0.878139
0.890267
0.902307
0.914258
0.926119
0.937888
0.949565
0.961148
0.972636
0.984028
0.995322
1.00652
1.01762
1.02861
1.03951
1.0503
1.06098
1.07157
1.08204
1.09241
1.10267
1.11283
1.12287
1.1328
1.14261
1.15232
1.16191
1.17138
1.18074
1.18999
1.19911
1.20811
1.217
1.22576
1.23441
1.24293
1.25132
1.25959
1.26774
1.27576
1.28366
1.29142
1.29906
1.30657
1.31395
1.3212
1.32831
1.3353
1.34215
1.34887
1.35545
1.3619
1.36822
1.3744
1.38044
1.38634
1.39211
1.39773
1.40322
1.40857
1.41378
1.41884
1.42377
1.42855
1.43319
1.43769
1.44204
1.44626
1.45032
1.45424
1.45802
1.46165
1.46514
1.46848
1.47167
1.47472
1.47762
1.48037
1.48297
1.48543
1.48774
1.4899
1.49191
1.49377
1.49548
1.49704
1.49846
1.49972
1.50084
1.5018
1.50261
1.50328
1.50379
1.50415
1.50437
1.50443
1.50434
1.5041
1.50371
1.50317
1.50248
1.50164
1.50065
1.49951
1.49822
1.49678
1.49519
1.49345
1.49156
1.48952
1.48733
1.48499
1.48251
1.47987
1.47709
1.47416
1.47108
1.46786
1.46448
1.46096
1.4573
1.45349
1.44953
1.44542
1.44118
1.43678
1.43225
1.42757
1.42274
1.41778
1.41267
1.40742
1.40202
1.39649
1.39082
1.38501
1.37905
1.37296
1.36674
1.36037
1.35387
1.34723
1.34046
1.33355
1.32651
1.31933
1.31202
1.30458
1.29701
1.28931
1.28148
1.27352
1.26543
1.25722
1.24887
1.24041
1.23181
1.2231
1.21426
1.20529
1.19621
1.187
1.17768
1.16824
1.15868
1.149
1.13921
1.1293
1.11928
1.10914
1.09889
1.08854
1.07807
1.06749
1.05681
1.04602
1.03512
1.02412
1.01301
1.00181
0.990497
0.979088
0.96758
0.955974
0.944272
0.932474
0.920581
0.908595
0.896517
0.884349
0.87209
0.859743
0.847309
0.834789
0.822185
0.809496
0.796726
0.783875
0.770943
0.757934
0.744847
0.731685
0.718448
0.705138
0.691756
0.678304
0.664783
0.651193
0.637537
0.623816
0.610032
0.596185
0.582277
0.568309
0.554283
0.5402
0.526062
0.51187
0.497625
0.483329
0.468983
0.454589
0.440148
0.425662
0.411131
0.396558
0.381944
0.36729
0.352598
0.337869
0.323105
0.308308
0.293477
0.278616
0.263726
0.248808
0.233864
0.218894
0.203901
0.188887
0.173852
0.158798
0.143726
0.128639
0.113538
0.0984232
0.0832974
0.0681618
0.0530178
0.037867
0.0227109
0.00755104
-0.0076111
-0.022774
-0.0379361
-0.053096
-0.0682521
-0.0834028
-0.0985468
-0.113682
-0.128808
-0.143922
-0.159024
-0.174111
-0.189182
-0.204236
-0.219271
-0.234285
-0.249278
-0.264247
-0.279191
-0.294109
-0.308999
-0.323859
-0.338689
-0.353486
-0.368249
-0.382977
-0.397668
-0.412321
-0.426934
-0.441505
-0.456035
-0.470519
-0.484959
-0.499351
-0.513695
-0.527989
-0.542231
-0.556421
-0.570556
-0.584636
-0.598659
-0.612623
-0.626528
-0.640371
-0.654151
-0.667868
-0.681519
-0.695103
-0.708619
-0.722066
-0.735442
-0.748745
-0.761975
-0.77513
-0.788209
-0.801211
-0.814133
-0.826976
-0.839737
-0.852415
-0.86501
-0.877519
-0.889941
-0.902276
-0.914522
-0.926678
-0.938742
-0.950714
-0.962591
-0.974374
-0.98606
-0.997649
-1.00914
-1.02053
-1.03182
-1.04301
-1.05409
-1.06507
-1.07595
-1.08671
-1.09738
-1.10793
-1.11837
-1.1287
-1.13892
-1.14903
-1.15902
-1.1689
-1.17866
-1.1883
-1.19783
-1.20724
-1.21653
-1.2257
-1.23474
-1.24367
-1.25247
-1.26114
-1.26969
-1.27812
-1.28641
-1.29458
-1.30263
-1.31054
-1.31832
-1.32597
-1.33349
-1.34087
-1.34813
-1.35524
-1.36223
-1.36908
-1.37579
-1.38236
-1.3888
-1.3951
-1.40126
-1.40728
-1.41316
-1.4189
-1.4245
-1.42996
-1.43527
-1.44044
-1.44547
-1.45035
-1.45509
-1.45969
-1.46413
-1.46844
-1.47259
-1.4766
-1.48046
-1.48418
-1.48774
-1.49116
-1.49443
-1.49755
-1.50052
-1.50334
-1.50601
-1.50853
-1.5109
-1.51312
-1.51519
-1.51711
-1.51887
-1.52049
-1.52195
-1.52326
-1.52441
-1.52542
-1.52627
-1.52697
-1.52752
-1.52791
-1.52816
-1.52825
-1.52818
-1.52796
-1.5276
-1.52707
-1.5264
-1.52557
-1.52459
-1.52346
-1.52217
-1.52073
-1.51914
-1.5174
-1.51551
-1.51346
-1.51127
-1.50892
-1.50642
-1.50377
-1.50097
-1.49801
-1.49491
-1.49166
-1.48826
-1.48471
-1.48101
-1.47716
-1.47317
-1.46903
-1.46474
-1.4603
-1.45571
-1.45098
-1.44611
-1.44109
-1.43592
-1.43061
-1.42516
-1.41956
-1.41383
-1.40795
-1.40192
-1.39576
-1.38946
-1.38302
-1.37643
-1.36972
-1.36286
-1.35586
-1.34873
-1.34147
-1.33407
-1.32653
-1.31886
-1.31106
-1.30313
-1.29506
-1.28687
-1.27855
-1.27009
-1.26151
-1.2528
-1.24397
-1.23501
-1.22593
-1.21672
-1.20739
-1.19794
-1.18837
-1.17868
-1.16887
-1.15894
-1.14889
-1.13873
-1.12846
-1.11807
-1.10756
-1.09695
-1.08622
-1.07539
-1.06444
-1.05339
-1.04224
-1.03097
-1.01961
-1.00814
-0.996563
-0.98489
-0.973117
-0.961246
-0.949277
-0.937213
-0.925053
-0.9128
-0.900454
-0.888017
-0.87549
-0.862874
-0.85017
-0.837381
-0.824506
-0.811547
-0.798506
-0.785384
-0.772182
-0.758902
-0.745544
-0.73211
-0.718602
-0.705021
-0.691367
-0.677644
-0.663851
-0.64999
-0.636063
-0.622071
-0.608015
-0.593897
-0.579719
-0.565481
-0.551185
-0.536832
-0.522424
-0.507963
-0.493449
-0.478885
-0.464271
-0.44961
-0.434901
-0.420148
-0.405352
-0.390513
-0.375634
-0.360716
-0.34576
-0.330769
-0.315742
-0.300683
-0.285592
-0.270471
-0.255321
-0.240145
-0.224942
-0.209716
-0.194468
-0.179198
-0.163909
-0.148602
-0.133278
-0.11794
-0.102588
-0.0872249
-0.0718513
-0.0564689
-0.0410793
-0.0256841
-0.0102847
0.00511718
0.0205201
0.0359225
0.0513229
0.0667197
0.0821113
0.0974963
0.112873
0.12824
0.143596
0.158939
0.174267
0.18958
0.204875
0.220151
0.235407
0.250641
0.265851
0.281036
0.296195
0.311325
0.326426
0.341496
0.356533
0.371536
0.386503
0.401433
0.416325
0.431176
0.445986
0.460752
0.475474
0.49015
0.504779
0.519358
0.533887
0.548364
0.562787
0.577156
0.591468
0.605723
0.619919
0.634054
0.648127
0.662136
0.676081
0.689959
0.70377
0.717512
0.731184
0.744784
0.75831
0.771763
0.785139
0.798438
0.811659
0.8248
0.83786
0.850837
0.86373
0.876539
0.889261
0.901895
0.91444
0.926896
0.939259
0.95153
0.963708
0.97579
0.987775
0.999663
1.01145
1.02314
1.03473
1.04622
1.0576
1.06888
1.08005
1.09111
1.10207
1.11292
1.12366
1.13428
1.1448
1.1552
1.16548
1.17565
1.18571
1.19564
1.20546
1.21516
1.22474
1.2342
1.24353
1.25274
1.26183
1.27079
1.27962
1.28833
1.29691
1.30536
1.31368
1.32187
1.32993
1.33786
1.34565
1.35331
1.36084
1.36823
1.37548
1.3826
1.38958
1.39642
1.40312
1.40969
1.41611
1.42239
1.42853
1.43453
1.44038
1.4461
1.45166
1.45709
1.46236
1.4675
1.47248
1.47732
1.48201
1.48656
1.49095
1.4952
1.4993
1.50325
1.50705
1.51069
1.51419
1.51754
1.52073
1.52378
1.52667
1.52941
1.53199
1.53443
1.53671
1.53883
1.54081
1.54263
1.54429
1.5458
1.54716
1.54836
1.54941
1.5503
1.55104
1.55162
1.55205
1.55232
1.55244
1.5524
1.5522
1.55185
1.55135
1.55069
1.54988
1.54891
1.54778
1.5465
1.54507
1.54348
1.54174
1.53984
1.53779
1.53558
1.53322
1.53071
1.52804
1.52522
1.52225
1.51913
1.51585
1.51242
1.50884
1.50511
1.50122
1.49719
1.49301
1.48867
1.48419
1.47956
1.47478
1.46985
1.46478
1.45956
1.45419
1.44867
1.44301
1.43721
1.43126
1.42517
1.41893
1.41255
1.40603
1.39937
1.39257
1.38563
1.37855
1.37133
1.36397
1.35647
1.34884
1.34107
1.33317
1.32514
1.31697
1.30866
1.30023
1.29167
1.28297
1.27415
1.2652
1.25612
1.24691
1.23758
1.22812
1.21854
1.20884
1.19902
1.18907
1.17901
1.16882
1.15852
1.1481
1.13757
1.12692
1.11615
1.10528
1.09429
1.08319
1.07198
1.06067
1.04924
1.03771
1.02608
1.01434
1.0025
0.99056
0.978518
0.966377
0.954137
0.941802
0.92937
0.916845
0.904227
0.891517
0.878716
0.865827
0.852849
0.839785
0.826636
0.813402
0.800086
0.786689
0.773212
0.759656
0.746022
0.732313
0.718529
0.704672
0.690743
0.676744
0.662675
0.648539
0.634337
0.620069
0.605738
0.591346
0.576892
0.56238
0.54781
0.533183
0.518502
0.503768
0.488981
0.474145
0.459259
0.444326
0.429347
0.414324
0.399257
0.38415
0.369002
0.353816
0.338593
0.323334
0.308042
0.292718
0.277362
0.261978
0.246565
0.231127
0.215663
0.200177
0.184669
0.169141
0.153595
0.138032
0.122453
0.10686
0.0912557
0.0756403
0.0600157
0.0443836
0.0287455
0.013103
-0.00254241
-0.0181891
-0.0338356
-0.0494803
-0.0651215
-0.0807578
-0.0963876
-0.112009
-0.127621
-0.143222
-0.15881
-0.174384
-0.189942
-0.205483
-0.221004
-0.236505
-0.251984
-0.267439
-0.282869
-0.298272
-0.313647
-0.328992
-0.344306
-0.359587
-0.374834
-0.390044
-0.405217
-0.420351
-0.435445
-0.450496
-0.465504
-0.480467
-0.495383
-0.510251
-0.52507
-0.539838
-0.554553
-0.569214
-0.58382
-0.598369
-0.612859
-0.62729
-0.641659
-0.655965
-0.670208
-0.684385
-0.698494
-0.712536
-0.726507
-0.740408
-0.754235
-0.767989
-0.781667
-0.795268
-0.808791
-0.822235
-0.835598
-0.848878
-0.862075
-0.875188
-0.888213
-0.901152
-0.914001
-0.926761
-0.939429
-0.952004
-0.964486
-0.976872
-0.989162
-1.00135
-1.01345
-1.02544
-1.03733
-1.04912
-1.06081
-1.07239
-1.08386
-1.09523
-1.10649
-1.11764
-1.12867
-1.1396
-1.15042
-1.16112
-1.1717
-1.18217
-1.19252
-1.20275
-1.21287
-1.22286
-1.23274
-1.24249
-1.25211
-1.26162
-1.27099
-1.28025
-1.28937
-1.29837
-1.30723
-1.31597
-1.32458
-1.33305
-1.3414
-1.34961
-1.35768
-1.36562
-1.37343
-1.38109
-1.38862
-1.39602
-1.40327
-1.41039
-1.41736
-1.42419
-1.43088
-1.43743
-1.44384
-1.4501
-1.45622
-1.46219
-1.46802
-1.4737
-1.47923
-1.48462
-1.48985
-1.49494
-1.49989
-1.50468
-1.50932
-1.51381
-1.51815
-1.52234
-1.52638
-1.53026
-1.53399
-1.53757
-1.541
-1.54427
-1.54739
-1.55035
-1.55316
-1.55581
-1.55831
-1.56065
-1.56284
-1.56487
-1.56675
-1.56846
-1.57003
-1.57143
-1.57268
-1.57377
-1.5747
-1.57548
-1.57609
-1.57656
-1.57686
-1.577
-1.57699
-1.57682
-1.57649
-1.57601
-1.57537
-1.57457
-1.57361
-1.57249
-1.57122
-1.56979
-1.5682
-1.56646
-1.56456
-1.5625
-1.56028
-1.55791
-1.55539
-1.5527
-1.54987
-1.54687
-1.54373
-1.54042
-1.53697
-1.53335
-1.52959
-1.52567
-1.5216
-1.51738
-1.513
-1.50847
-1.50379
-1.49896
-1.49398
-1.48885
-1.48358
-1.47815
-1.47257
-1.46685
-1.46097
-1.45496
-1.44879
-1.44248
-1.43603
-1.42943
-1.42268
-1.4158
-1.40877
-1.4016
-1.39429
-1.38684
-1.37925
-1.37152
-1.36365
-1.35565
-1.34751
-1.33923
-1.33082
-1.32228
-1.3136
-1.30479
-1.29585
-1.28678
-1.27758
-1.26825
-1.25879
-1.24921
-1.2395
-1.22966
-1.2197
-1.20962
-1.19942
-1.18909
-1.17865
-1.16808
-1.1574
-1.1466
-1.13569
-1.12466
-1.11352
-1.10226
-1.0909
-1.07942
-1.06783
-1.05614
-1.04434
-1.03243
-1.02042
-1.00831
-0.996093
-0.983777
-0.97136
-0.958846
-0.946234
-0.933527
-0.920724
-0.907829
-0.894841
-0.881763
-0.868595
-0.855339
-0.841996
-0.828568
-0.815055
-0.801459
-0.787782
-0.774025
-0.760189
-0.746276
-0.732287
-0.718223
-0.704086
-0.689877
-0.675597
-0.661249
-0.646833
-0.632351
-0.617804
-0.603194
-0.588522
-0.57379
-0.558999
-0.54415
-0.529246
-0.514288
-0.499276
-0.484213
-0.4691
-0.453939
-0.43873
-0.423477
-0.408179
-0.392839
-0.377458
-0.362038
-0.346581
-0.331087
-0.315558
-0.299996
-0.284403
-0.26878
-0.253128
-0.23745
-0.221746
-0.206018
-0.190268
-0.174498
-0.158708
-0.142901
-0.127079
-0.111242
-0.0953918
-0.0795309
-0.0636605
-0.0477821
-0.0318974
-0.0160078
-0.000115121
0.0157792
0.0316735
0.0475663
0.0634559
0.0793407
0.0952192
0.11109
0.126951
0.142801
0.158638
0.174461
0.190268
0.206058
0.221828
0.237578
0.253306
0.26901
0.284689
0.300341
0.315964
0.331557
0.347119
0.362648
0.378142
0.393599
0.409019
0.424399
0.439739
0.455036
0.470289
0.485497
0.500657
0.515769
0.530831
0.545842
0.560799
0.575702
0.590548
0.605337
0.620067
0.634737
0.649344
0.663888
0.678367
0.69278
0.707125
0.7214
0.735605
0.749738
0.763797
0.777781
0.791689
0.805519
0.81927
0.83294
0.846529
0.860034
0.873454
0.886789
0.900036
0.913194
0.926262
0.939239
0.952124
0.964914
0.97761
0.990209
1.00271
1.01511
1.02741
1.03961
1.05171
1.0637
1.07559
1.08738
1.09905
1.11062
1.12207
1.13342
1.14465
1.15577
1.16677
1.17766
1.18843
1.19909
1.20962
1.22004
1.23034
1.24051
1.25056
1.26048
1.27029
1.27996
1.28951
1.29893
1.30822
1.31738
1.32641
1.33531
1.34407
1.35271
1.3612
1.36957
1.37779
1.38588
1.39383
1.40165
1.40932
1.41685
1.42425
1.4315
1.43861
1.44557
1.45239
1.45907
1.4656
1.47199
1.47823
1.48432
1.49026
1.49606
1.50171
1.5072
1.51255
1.51775
1.52279
1.52768
1.53242
1.53701
1.54145
1.54573
1.54986
1.55383
1.55765
1.56131
1.56481
1.56816
1.57136
1.5744
1.57728
1.58
1.58256
1.58497
1.58722
1.58931
1.59124
1.59301
1.59462
1.59608
1.59737
1.59851
1.59948
1.6003
1.60095
1.60145
1.60178
1.60196
1.60197
1.60183
1.60152
1.60105
1.60043
1.59964
1.5987
1.59759
1.59632
1.5949
1.59331
1.59157
1.58966
1.5876
1.58538
1.583
1.58046
1.57776
1.5749
1.57189
1.56872
1.56539
1.56191
1.55826
1.55447
1.55051
1.5464
1.54214
1.53772
1.53315
1.52842
1.52354
1.51851
1.51332
1.50798
1.50249
1.49686
1.49107
1.48513
1.47904
1.4728
1.46642
1.45988
1.45321
1.44638
1.43941
1.4323
1.42504
1.41763
1.41009
1.4024
1.39458
1.38661
1.3785
1.37026
1.36187
1.35335
1.3447
1.3359
1.32698
1.31792
1.30873
1.2994
1.28995
1.28036
1.27065
1.2608
1.25083
1.24074
1.23052
1.22017
1.20971
1.19912
1.18841
1.17757
1.16663
1.15556
1.14437
1.13307
1.12166
1.11013
1.09849
1.08674
1.07488
1.06291
1.05084
1.03866
1.02637
1.01398
1.00148
0.988887
0.976191
0.963396
0.950504
0.937515
0.924431
0.911254
0.897984
0.884623
0.871172
0.857633
0.844007
0.830295
0.816498
0.802618
0.788657
0.774616
0.760495
0.746298
0.732024
0.717675
0.703254
0.68876
0.674196
0.659564
0.644863
0.630097
0.615267
0.600373
0.585418
0.570403
0.55533
0.540199
0.525013
0.509772
0.49448
0.479136
0.463743
0.448302
0.432814
0.417282
0.401706
0.386089
0.370432
0.354736
0.339003
0.323234
0.307431
0.291597
0.275731
0.259836
0.243914
0.227966
0.211993
0.195998
0.179981
0.163945
0.14789
0.13182
0.115734
0.0996358
0.0835256
0.0674054
0.0512769
0.0351417
0.0190013
0.00285739
-0.0132884
-0.0294345
-0.0455792
-0.061721
-0.0778583
-0.0939894
-0.110113
-0.126227
-0.142329
-0.15842
-0.174496
-0.190556
-0.206599
-0.222622
-0.238625
-0.254606
-0.270563
-0.286494
-0.302399
-0.318275
-0.33412
-0.349934
-0.365714
-0.381459
-0.397168
-0.412838
-0.428469
-0.444059
-0.459605
-0.475108
-0.490564
-0.505973
-0.521333
-0.536642
-0.551899
-0.567102
-0.58225
-0.597342
-0.612375
-0.627349
-0.642261
-0.65711
-0.671896
-0.686615
-0.701268
-0.715851
-0.730365
-0.744807
-0.759176
-0.773471
-0.787689
-0.80183
-0.815893
-0.829875
-0.843776
-0.857594
-0.871327
-0.884974
-0.898535
-0.912007
-0.925389
-0.93868
-0.951878
-0.964983
-0.977992
-0.990905
-1.00372
-1.01644
-1.02905
-1.04157
-1.05398
-1.06628
-1.07848
-1.09058
-1.10257
-1.11444
-1.12621
-1.13787
-1.14941
-1.16084
-1.17216
-1.18336
-1.19444
-1.2054
-1.21624
-1.22697
-1.23757
-1.24805
-1.2584
-1.26863
-1.27874
-1.28872
-1.29856
-1.30829
-1.31788
-1.32734
-1.33667
-1.34586
-1.35492
-1.36385
-1.37264
-1.3813
-1.38982
-1.3982
-1.40644
-1.41454
-1.4225
-1.43032
-1.438
-1.44553
-1.45292
-1.46017
-1.46727
-1.47422
-1.48103
-1.48769
-1.4942
-1.50056
-1.50678
-1.51284
-1.51875
-1.52452
-1.53013
-1.53558
-1.54089
-1.54604
-1.55104
-1.55588
-1.56057
-1.5651
-1.56947
-1.57369
-1.57775
-1.58166
-1.58541
-1.58899
-1.59242
-1.5957
-1.59881
-1.60176
-1.60455
-1.60719
-1.60966
-1.61197
-1.61412
-1.61611
-1.61794
-1.6196
-1.62111
-1.62245
-1.62363
-1.62465
-1.6255
-1.6262
-1.62673
-1.62709
-1.6273
-1.62734
-1.62722
-1.62694
-1.62649
-1.62589
-1.62511
-1.62418
-1.62309
-1.62183
-1.62041
-1.61882
-1.61708
-1.61517
-1.6131
-1.61087
-1.60848
-1.60593
-1.60322
-1.60034
-1.59731
-1.59411
-1.59076
-1.58725
-1.58357
-1.57974
-1.57575
-1.5716
-1.5673
-1.56284
-1.55822
-1.55344
-1.54851
-1.54343
-1.53818
-1.53279
-1.52724
-1.52154
-1.51568
-1.50967
-1.50351
-1.4972
-1.49074
-1.48413
-1.47737
-1.47047
-1.46341
-1.45621
-1.44886
-1.44136
-1.43373
-1.42594
-1.41802
-1.40995
-1.40173
-1.39338
-1.38489
-1.37626
-1.36749
-1.35858
-1.34954
-1.34035
-1.33104
-1.32159
-1.31201
-1.30229
-1.29245
-1.28247
-1.27236
-1.26213
-1.25177
-1.24128
-1.23067
-1.21993
-1.20908
-1.19809
-1.18699
-1.17577
-1.16443
-1.15297
-1.14139
-1.1297
-1.1179
-1.10598
-1.09395
-1.08181
-1.06956
-1.05721
-1.04474
-1.03217
-1.0195
-1.00672
-0.993842
-0.980861
-0.967782
-0.954604
-0.94133
-0.92796
-0.914495
-0.900939
-0.88729
-0.873552
-0.859724
-0.84581
-0.831809
-0.817724
-0.803556
-0.789306
-0.774976
-0.760566
-0.746079
-0.731517
-0.716879
-0.702168
-0.687386
-0.672534
-0.657612
-0.642624
-0.627569
-0.612451
-0.597269
-0.582027
-0.566725
-0.551364
-0.535947
-0.520475
-0.504949
-0.489371
-0.473742
-0.458065
-0.44234
-0.42657
-0.410755
-0.394897
-0.378999
-0.363061
-0.347085
-0.331073
-0.315026
-0.298946
-0.282834
-0.266693
-0.250523
-0.234327
-0.218105
-0.20186
-0.185594
-0.169307
-0.153001
-0.136679
-0.120341
-0.10399
-0.0876265
-0.0712527
-0.0548702
-0.0384805
-0.0220854
-0.00568641
0.0107148
0.0271166
0.0435172
0.0599152
0.0763089
0.0926965
0.109077
0.125447
0.141807
0.158154
0.174487
0.190805
0.207105
0.223385
0.239645
0.255883
0.272097
0.288285
0.304446
0.320578
0.33668
0.352749
0.368785
0.384786
0.40075
0.416675
0.43256
0.448404
0.464204
0.47996
0.495669
0.51133
0.526941
0.542502
0.558009
0.573463
0.58886
0.604201
0.619482
0.634703
0.649862
0.664958
0.679988
0.694952
0.709848
0.724675
0.73943
0.754114
0.768723
0.783257
0.797713
0.812092
0.826391
0.840608
0.854743
0.868794
0.88276
0.896638
0.910428
0.924129
0.937739
0.951256
0.964679
0.978007
0.991239
1.00437
1.01741
1.03034
1.04317
1.0559
1.06853
1.08105
1.09346
1.10577
1.11796
1.13005
1.14202
1.15388
1.16563
1.17726
1.18877
1.20017
1.21144
1.2226
1.23364
1.24455
1.25534
1.26601
1.27655
1.28696
1.29725
1.30741
1.31743
1.32733
1.3371
1.34673
1.35623
1.36559
1.37482
1.38391
1.39287
1.40168
1.41036
1.4189
1.42729
1.43555
1.44366
1.45163
1.45945
1.46713
1.47466
1.48204
1.48928
1.49637
1.50331
1.5101
1.51674
1.52323
1.52957
1.53576
1.54179
1.54767
1.55339
1.55897
1.56438
1.56964
1.57474
1.57969
1.58448
1.58911
1.59358
1.59789
1.60204
1.60604
1.60987
1.61354
1.61706
1.62041
1.6236
1.62662
1.62949
1.63219
1.63473
1.6371
1.63931
1.64136
1.64325
1.64497
1.64652
1.64792
1.64914
1.6502
1.6511
1.65183
1.6524
1.6528
1.65304
1.65311
1.65302
1.65276
1.65233
1.65174
1.65099
1.65007
1.64898
1.64773
1.64632
1.64474
1.64299
1.64108
1.63901
1.63677
1.63437
1.63181
1.62908
1.62618
1.62313
1.61991
1.61653
1.61299
1.60929
1.60542
1.6014
1.59721
1.59287
1.58836
1.5837
1.57887
1.57389
1.56875
1.56345
1.558
1.55239
1.54662
1.5407
1.53462
1.52839
1.52201
1.51547
1.50878
1.50194
1.49495
1.48781
1.48051
1.47307
1.46549
1.45775
1.44987
1.44184
1.43367
1.42535
1.41689
1.40829
1.39954
1.39066
1.38163
1.37247
1.36317
1.35373
1.34415
1.33444
1.32459
1.31462
1.3045
1.29426
1.28389
1.27338
1.26275
1.25199
1.24111
1.2301
1.21896
1.20771
1.19633
1.18483
1.17321
1.16147
1.14961
1.13764
1.12556
1.11335
1.10104
1.08862
1.07608
1.06344
1.05069
1.03783
1.02487
1.0118
0.998635
0.985366
0.971996
0.958528
0.944963
0.931302
0.917546
0.903697
0.889757
0.875726
0.861606
0.847399
0.833105
0.818727
0.804265
0.789721
0.775097
0.760395
0.745614
0.730758
0.715827
0.700822
0.685747
0.670601
0.655387
0.640105
0.624758
0.609347
0.593874
0.57834
0.562746
0.547094
0.531386
0.515624
0.499808
0.483941
0.468023
0.452058
0.436045
0.419988
0.403886
0.387743
0.37156
0.355337
0.339077
0.322782
0.306453
0.290092
0.2737
0.257279
0.240831
0.224357
0.207859
0.191338
0.174797
0.158236
0.141658
0.125064
0.108456
0.091836
0.0752047
0.0585642
0.0419162
0.0252623
0.00860422
-0.00805637
-0.0247178
-0.0413785
-0.0580366
-0.0746907
-0.0913389
-0.10798
-0.124611
-0.141232
-0.157841
-0.174435
-0.191013
-0.207574
-0.224116
-0.240637
-0.257136
-0.273611
-0.29006
-0.306481
-0.322874
-0.339236
-0.355566
-0.371861
-0.388122
-0.404345
-0.420529
-0.436673
-0.452774
-0.468832
-0.484845
-0.500811
-0.516728
-0.532596
-0.548411
-0.564174
-0.579881
-0.595532
-0.611125
-0.626659
-0.642131
-0.657541
-0.672887
-0.688167
-0.703379
-0.718523
-0.733596
-0.748598
-0.763526
-0.778379
-0.793156
-0.807855
-0.822475
-0.837014
-0.851471
-0.865844
-0.880132
-0.894333
-0.908447
-0.922471
-0.936404
-0.950245
-0.963992
-0.977644
-0.9912
-1.00466
-1.01802
-1.03127
-1.04443
-1.05748
-1.07043
-1.08328
-1.09601
-1.10864
-1.12116
-1.13357
-1.14586
-1.15804
-1.17011
-1.18206
-1.1939
-1.20561
-1.21721
-1.22869
-1.24004
-1.25127
-1.26238
-1.27336
-1.28422
-1.29495
-1.30555
-1.31602
-1.32636
-1.33657
-1.34665
-1.35659
-1.3664
-1.37607
-1.38561
-1.39501
-1.40426
-1.41338
-1.42236
-1.4312
-1.4399
-1.44845
-1.45686
-1.46513
-1.47324
-1.48122
-1.48904
-1.49672
-1.50424
-1.51162
-1.51885
-1.52593
-1.53285
-1.53962
-1.54624
-1.55271
-1.55902
-1.56517
-1.57117
-1.57701
-1.5827
-1.58822
-1.59359
-1.5988
-1.60385
-1.60875
-1.61348
-1.61805
-1.62246
-1.6267
-1.63079
-1.63471
-1.63847
-1.64206
-1.64549
-1.64876
-1.65186
-1.6548
-1.65757
-1.66018
-1.66262
-1.6649
-1.66701
-1.66895
-1.67073
-1.67233
-1.67378
-1.67505
-1.67616
-1.6771
-1.67787
-1.67848
-1.67891
-1.67918
-1.67928
-1.67921
-1.67898
-1.67858
-1.67801
-1.67727
-1.67636
-1.67529
-1.67405
-1.67264
-1.67106
-1.66932
-1.6674
-1.66533
-1.66308
-1.66067
-1.65809
-1.65535
-1.65244
-1.64937
-1.64613
-1.64272
-1.63915
-1.63542
-1.63152
-1.62746
-1.62323
-1.61885
-1.6143
-1.60958
-1.60471
-1.59968
-1.59448
-1.58913
-1.58361
-1.57794
-1.57211
-1.56612
-1.55998
-1.55367
-1.54721
-1.5406
-1.53383
-1.52691
-1.51983
-1.5126
-1.50522
-1.49769
-1.49001
-1.48217
-1.47419
-1.46606
-1.45779
-1.44936
-1.44079
-1.43208
-1.42322
-1.41422
-1.40507
-1.39579
-1.38636
-1.3768
-1.36709
-1.35725
-1.34727
-1.33716
-1.32691
-1.31653
-1.30601
-1.29536
-1.28459
-1.27368
-1.26264
-1.25148
-1.24019
-1.22878
-1.21724
-1.20558
-1.19379
-1.18189
-1.16987
-1.15773
-1.14547
-1.13309
-1.1206
-1.108
-1.09529
-1.08246
-1.06953
-1.05649
-1.04334
-1.03008
-1.01672
-1.00326
-0.989697
-0.976032
-0.962269
-0.948408
-0.934451
-0.920399
-0.906253
-0.892016
-0.877688
-0.86327
-0.848765
-0.834174
-0.819497
-0.804737
-0.789896
-0.774974
-0.759972
-0.744894
-0.729739
-0.71451
-0.699208
-0.683834
-0.668391
-0.652879
-0.6373
-0.621656
-0.605948
-0.590178
-0.574348
-0.558458
-0.542511
-0.526509
-0.510452
-0.494342
-0.478181
-0.461971
-0.445713
-0.429409
-0.41306
-0.396668
-0.380235
-0.363763
-0.347252
-0.330705
-0.314123
-0.297508
-0.280862
-0.264186
-0.247482
-0.230751
-0.213996
-0.197217
-0.180418
-0.163598
-0.146761
-0.129907
-0.113038
-0.0961565
-0.0792636
-0.0623612
-0.0454508
-0.0285341
-0.0116129
0.00531112
0.0222363
0.039161
0.0560834
0.073002
0.0899149
0.106821
0.123717
0.140603
0.157477
0.174336
0.19118
0.208006
0.224814
0.2416
0.258364
0.275104
0.291818
0.308504
0.325161
0.341788
0.358382
0.374941
0.391465
0.407952
0.424399
0.440805
0.457169
0.473489
0.489763
0.50599
0.522168
0.538295
0.55437
0.570392
0.586357
0.602266
0.618116
0.633906
0.649634
0.665299
0.680899
0.696432
0.711897
0.727292
0.742617
0.757868
0.773045
0.788147
0.803171
0.818116
0.832981
0.847765
0.862465
0.87708
0.891609
0.90605
0.920402
0.934663
0.948833
0.962909
0.97689
0.990775
1.00456
1.01825
1.03184
1.04532
1.05871
1.07198
1.08516
1.09822
1.11118
1.12402
1.13676
1.14938
1.16189
1.17429
1.18656
1.19872
1.21077
1.22269
1.23449
1.24617
1.25773
1.26916
1.28046
1.29164
1.30269
1.31361
1.3244
1.33506
1.34559
1.35598
1.36624
1.37636
1.38635
1.3962
1.40591
1.41548
1.42491
1.4342
1.44334
1.45235
1.46121
1.46992
1.47849
1.48691
1.49518
1.5033
1.51128
1.5191
1.52677
1.53429
1.54166
1.54887
1.55594
1.56284
1.56959
1.57618
1.58262
1.5889
1.59502
1.60098
1.60678
1.61243
1.61791
1.62323
1.62839
1.63338
1.63822
1.64289
1.64739
1.65173
1.65591
1.65992
1.66377
1.66745
1.67096
1.67431
1.67749
1.68051
1.68335
1.68603
1.68854
1.69088
1.69305
1.69505
1.69688
1.69855
1.70004
1.70136
1.70252
1.7035
1.70431
1.70496
1.70543
1.70573
1.70586
1.70582
1.70561
1.70523
1.70468
1.70396
1.70307
1.70201
1.70077
1.69937
1.6978
1.69606
1.69414
1.69206
1.68981
1.68739
1.6848
1.68204
1.67911
1.67602
1.67276
1.66933
1.66573
1.66196
1.65803
1.65393
1.64967
1.64524
1.64065
1.63589
1.63097
1.62588
1.62063
1.61522
1.60965
1.60391
1.59802
1.59196
1.58574
1.57937
1.57283
1.56614
1.55929
1.55229
1.54512
1.53781
1.53034
1.52271
1.51493
1.507
1.49892
1.49069
1.4823
1.47377
1.46509
1.45626
1.44729
1.43817
1.42891
1.4195
1.40995
1.40025
1.39042
1.38045
1.37033
1.36008
1.34969
1.33917
1.32851
1.31772
1.30679
1.29573
1.28454
1.27323
1.26178
1.25021
1.23851
1.22668
1.21473
1.20266
1.19047
1.17816
1.16572
1.15317
1.14051
1.12773
1.11483
1.10182
1.0887
1.07547
1.06213
1.04868
1.03513
1.02147
1.00771
0.993848
0.979884
0.96582
0.951658
0.9374
0.923047
0.908599
0.89406
0.879429
0.86471
0.849902
0.835008
0.820029
0.804966
0.789821
0.774596
0.759292
0.743911
0.728453
0.712921
0.697316
0.68164
0.665894
0.650081
0.6342
0.618254
0.602245
0.586175
0.570044
0.553854
0.537607
0.521305
0.50495
0.488542
0.472083
0.455576
0.439021
0.422421
0.405777
0.389091
0.372365
0.355599
0.338796
0.321958
0.305085
0.288181
0.271246
0.254282
0.237291
0.220274
0.203234
0.186172
0.16909
0.151988
0.13487
0.117737
0.10059
0.083432
0.0662635
0.0490866
0.0319031
0.0147147
-0.00247695
-0.01967
-0.0368629
-0.0540537
-0.0712409
-0.0884227
-0.105597
-0.122763
-0.139918
-0.157061
-0.17419
-0.191304
-0.208399
-0.225476
-0.242532
-0.259565
-0.276574
-0.293558
-0.310513
-0.327439
-0.344334
-0.361197
-0.378024
-0.394816
-0.41157
-0.428285
-0.444958
-0.461588
-0.478174
-0.494714
-0.511206
-0.527649
-0.54404
-0.560379
-0.576663
-0.592891
-0.609062
-0.625173
-0.641224
-0.657212
-0.673135
-0.688993
-0.704784
-0.720506
-0.736157
-0.751736
-0.767242
-0.782672
-0.798026
-0.813302
-0.828497
-0.843612
-0.858643
-0.87359
-0.888452
-0.903225
-0.917911
-0.932505
-0.947008
-0.961418
-0.975733
-0.989952
-1.00407
-1.0181
-1.03202
-1.04584
-1.05955
-1.07317
-1.08667
-1.10007
-1.11336
-1.12654
-1.13961
-1.15257
-1.16541
-1.17814
-1.19075
-1.20324
-1.21561
-1.22787
-1.24
-1.25201
-1.26389
-1.27565
-1.28729
-1.29879
-1.31017
-1.32142
-1.33253
-1.34352
-1.35437
-1.36509
-1.37567
-1.38611
-1.39642
-1.40659
-1.41661
-1.4265
-1.43625
-1.44585
-1.45531
-1.46463
-1.4738
-1.48282
-1.4917
-1.50043
-1.50901
-1.51743
-1.52571
-1.53384
-1.54181
-1.54963
-1.5573
-1.56481
-1.57216
-1.57936
-1.5864
-1.59329
-1.60001
-1.60658
-1.61298
-1.61923
-1.62531
-1.63123
-1.63699
-1.64259
-1.64802
-1.65329
-1.65839
-1.66333
-1.6681
-1.67271
-1.67715
-1.68142
-1.68552
-1.68946
-1.69323
-1.69683
-1.70025
-1.70351
-1.7066
-1.70952
-1.71227
-1.71485
-1.71725
-1.71949
-1.72155
-1.72344
-1.72516
-1.72671
-1.72808
-1.72928
-1.73031
-1.73117
-1.73185
-1.73236
-1.7327
-1.73286
-1.73285
-1.73266
-1.73231
-1.73178
-1.73107
-1.7302
-1.72915
-1.72793
-1.72653
-1.72496
-1.72322
-1.72131
-1.71922
-1.71696
-1.71453
-1.71193
-1.70916
-1.70621
-1.7031
-1.69981
-1.69636
-1.69273
-1.68894
-1.68497
-1.68084
-1.67654
-1.67206
-1.66743
-1.66262
-1.65765
-1.65251
-1.64721
-1.64174
-1.6361
-1.63031
-1.62434
-1.61822
-1.61193
-1.60548
-1.59887
-1.5921
-1.58517
-1.57808
-1.57083
-1.56343
-1.55586
-1.54814
-1.54027
-1.53224
-1.52405
-1.51572
-1.50723
-1.49859
-1.48979
-1.48085
-1.47176
-1.46252
-1.45314
-1.4436
-1.43393
-1.4241
-1.41414
-1.40403
-1.39378
-1.38339
-1.37286
-1.36219
-1.35139
-1.34045
-1.32937
-1.31816
-1.30682
-1.29534
-1.28374
-1.272
-1.26014
-1.24815
-1.23603
-1.22379
-1.21143
-1.19894
-1.18633
-1.1736
-1.16076
-1.14779
-1.13471
-1.12152
-1.10821
-1.09479
-1.08125
-1.06761
-1.05386
-1.04001
-1.02605
-1.01198
-0.997812
-0.983542
-0.969173
-0.954706
-0.940142
-0.925482
-0.910728
-0.895881
-0.880944
-0.865917
-0.850802
-0.8356
-0.820313
-0.804943
-0.78949
-0.773957
-0.758346
-0.742656
-0.726891
-0.711052
-0.69514
-0.679157
-0.663104
-0.646983
-0.630796
-0.614545
-0.59823
-0.581854
-0.565418
-0.548924
-0.532373
-0.515768
-0.499109
-0.482398
-0.465638
-0.44883
-0.431975
-0.415075
-0.398131
-0.381147
-0.364122
-0.34706
-0.329961
-0.312827
-0.29566
-0.278462
-0.261234
-0.243979
-0.226697
-0.209392
-0.192063
-0.174713
-0.157345
-0.139958
-0.122556
-0.10514
-0.0877122
-0.0702734
-0.0528259
-0.0353714
-0.0179116
-0.000448236
0.0170169
0.0344821
0.0519456
0.0694056
0.0868605
0.104308
0.121748
0.139176
0.156593
0.173996
0.191383
0.208752
0.226103
0.243432
0.260739
0.278022
0.295279
0.312508
0.329707
0.346875
0.36401
0.38111
0.398174
0.4152
0.432186
0.449131
0.466032
0.482888
0.499698
0.516459
0.533171
0.549831
0.566437
0.582989
0.599484
0.615921
0.632297
0.648612
0.664864
0.681051
0.697172
0.713224
0.729207
0.745118
0.760957
0.77672
0.792408
0.808018
0.823549
0.839
0.854367
0.869651
0.88485
0.899961
0.914984
0.929917
0.944758
0.959507
0.974161
0.988719
1.00318
1.01754
1.0318
1.04596
1.06002
1.07397
1.08782
1.10156
1.11519
1.1287
1.14211
1.15541
1.16859
1.18165
1.1946
1.20743
1.22014
1.23273
1.2452
1.25755
1.26977
1.28186
1.29383
1.30567
1.31738
1.32896
1.34041
1.35172
1.3629
1.37395
1.38486
1.39563
1.40626
1.41676
1.42711
1.43732
1.44739
1.45732
1.4671
1.47673
1.48622
1.49556
1.50475
1.51379
1.52269
1.53143
1.54001
1.54845
1.55673
1.56486
1.57283
1.58064
1.5883
1.5958
1.60314
1.61032
1.61734
1.62419
1.63089
1.63743
1.6438
1.65001
1.65605
1.66193
1.66764
1.67319
1.67857
1.68378
1.68882
1.6937
1.69841
1.70295
1.70731
1.71151
1.71554
1.7194
1.72308
1.72659
1.72993
1.7331
1.7361
1.73892
1.74156
1.74404
1.74634
1.74846
1.75041
1.75219
1.75379
1.75522
1.75647
1.75754
1.75844
1.75916
1.75971
1.76008
1.76028
1.7603
1.76014
1.75981
1.7593
1.75861
1.75775
1.75672
1.7555
1.75412
1.75255
1.75081
1.7489
1.74681
1.74455
1.74211
1.7395
1.73671
1.73375
1.73061
1.7273
1.72382
1.72017
1.71634
1.71234
1.70817
1.70383
1.69932
1.69464
1.68978
1.68476
1.67957
1.67421
1.66868
1.66299
1.65713
1.6511
1.64491
1.63855
1.63202
1.62534
1.61849
1.61147
1.6043
1.59696
1.58947
1.58181
1.574
1.56602
1.55789
1.5496
1.54116
1.53256
1.52381
1.51491
1.50585
1.49664
1.48728
1.47777
1.46811
1.45831
1.44835
1.43825
1.42801
1.41762
1.40709
1.39642
1.38561
1.37466
1.36357
1.35234
1.34097
1.32947
1.31784
1.30607
1.29418
1.28215
1.26999
1.2577
1.24529
1.23275
1.22008
1.2073
1.19439
1.18136
1.16821
1.15494
1.14155
1.12805
1.11444
1.10071
1.08687
1.07293
1.05887
1.0447
1.03043
1.01606
1.00158
0.987002
0.972322
0.957544
0.942668
0.927697
0.912631
0.897473
0.882223
0.866884
0.851456
0.835942
0.820343
0.804659
0.788894
0.773049
0.757124
0.741123
0.725045
0.708894
0.69267
0.676375
0.660011
0.643579
0.627081
0.610519
0.593894
0.577208
0.560462
0.543659
0.5268
0.509887
0.492921
0.475903
0.458837
0.441723
0.424563
0.407359
0.390112
0.372825
0.355499
0.338135
0.320736
0.303303
0.285838
0.268343
0.250819
0.233268
0.215692
0.198093
0.180472
0.162832
0.145173
0.127498
0.109809
0.0921067
0.0743935
0.0566712
0.0389414
0.021206
0.00346662
-0.0142748
-0.0320167
-0.049757
-0.0674942
-0.0852264
-0.102952
-0.120669
-0.138375
-0.15607
-0.173751
-0.191416
-0.209064
-0.226692
-0.2443
-0.261885
-0.279446
-0.29698
-0.314486
-0.331963
-0.349409
-0.366821
-0.384198
-0.401538
-0.418841
-0.436102
-0.453322
-0.470499
-0.48763
-0.504714
-0.521749
-0.538734
-0.555667
-0.572546
-0.589369
-0.606135
-0.622842
-0.639488
-0.656072
-0.672592
-0.689047
-0.705434
-0.721753
-0.738001
-0.754176
-0.770278
-0.786305
-0.802254
-0.818125
-0.833915
-0.849624
-0.86525
-0.88079
-0.896244
-0.91161
-0.926886
-0.942071
-0.957163
-0.972161
-0.987064
-1.00187
-1.01658
-1.03118
-1.04569
-1.06009
-1.07438
-1.08858
-1.10266
-1.11663
-1.1305
-1.14425
-1.15789
-1.17142
-1.18483
-1.19812
-1.21129
-1.22435
-1.23728
-1.25009
-1.26278
-1.27534
-1.28777
-1.30008
-1.31226
-1.32431
-1.33623
-1.34801
-1.35966
-1.37118
-1.38256
-1.39381
-1.40491
-1.41588
-1.4267
-1.43739
-1.44793
-1.45833
-1.46858
-1.47869
-1.48865
-1.49846
-1.50812
-1.51764
-1.527
-1.53621
-1.54527
-1.55418
-1.56293
-1.57152
-1.57996
-1.58824
-1.59636
-1.60433
-1.61213
-1.61978
-1.62726
-1.63458
-1.64174
-1.64874
-1.65557
-1.66223
-1.66874
-1.67507
-1.68124
-1.68724
-1.69307
-1.69873
-1.70423
-1.70955
-1.7147
-1.71969
-1.7245
-1.72914
-1.7336
-1.7379
-1.74202
-1.74596
-1.74974
-1.75333
-1.75676
-1.76001
-1.76308
-1.76597
-1.76869
-1.77124
-1.7736
-1.77579
-1.7778
-1.77964
-1.78129
-1.78277
-1.78407
-1.78519
-1.78614
-1.7869
-1.78749
-1.7879
-1.78812
-1.78817
-1.78805
-1.78774
-1.78725
-1.78659
-1.78574
-1.78472
-1.78352
-1.78214
-1.78058
-1.77885
-1.77693
-1.77484
-1.77257
-1.77012
-1.7675
-1.7647
-1.76172
-1.75856
-1.75523
-1.75173
-1.74804
-1.74419
-1.74015
-1.73595
-1.73157
-1.72701
-1.72229
-1.71739
-1.71231
-1.70707
-1.70165
-1.69607
-1.69031
-1.68439
-1.67829
-1.67203
-1.6656
-1.659
-1.65223
-1.6453
-1.63821
-1.63095
-1.62352
-1.61593
-1.60818
-1.60027
-1.5922
-1.58397
-1.57558
-1.56703
-1.55832
-1.54946
-1.54044
-1.53126
-1.52193
-1.51245
-1.50282
-1.49303
-1.48309
-1.47301
-1.46278
-1.4524
-1.44187
-1.4312
-1.42038
-1.40942
-1.39832
-1.38708
-1.37569
-1.36417
-1.35251
-1.34072
-1.32879
-1.31673
-1.30453
-1.2922
-1.27974
-1.26715
-1.25443
-1.24159
-1.22862
-1.21553
-1.20231
-1.18898
-1.17552
-1.16194
-1.14825
-1.13444
-1.12051
-1.10648
-1.09233
-1.07806
-1.06369
-1.04922
-1.03463
-1.01994
-1.00515
-0.990254
-0.975258
-0.960164
-0.944972
-0.929684
-0.914302
-0.898826
-0.883259
-0.867603
-0.851858
-0.836026
-0.820109
-0.804108
-0.788025
-0.771862
-0.755621
-0.739302
-0.722907
-0.706438
-0.689898
-0.673286
-0.656606
-0.639858
-0.623044
-0.606167
-0.589227
-0.572227
-0.555168
-0.538051
-0.520879
-0.503653
-0.486376
-0.469047
-0.45167
-0.434247
-0.416778
-0.399265
-0.381711
-0.364117
-0.346485
-0.328816
-0.311113
-0.293377
-0.27561
-0.257813
-0.239989
-0.222139
-0.204265
-0.186369
-0.168453
-0.150517
-0.132565
-0.114598
-0.096618
-0.0786262
-0.0606247
-0.0426154
-0.0246
-0.00658039
0.0114417
0.0294645
0.0474861
0.0655048
0.0835187
0.101526
0.119525
0.137514
0.155491
0.173454
0.191402
0.209332
0.227243
0.245133
0.263001
0.280844
0.29866
0.316449
0.334208
0.351935
0.369628
0.387287
0.404908
0.422491
0.440033
0.457533
0.474989
0.4924
0.509762
0.527076
0.544338
0.561548
0.578704
0.595803
0.612844
0.629826
0.646747
0.663604
0.680397
0.697123
0.713782
0.730371
0.746888
0.763332
0.779702
0.795995
0.812211
0.828346
0.844401
0.860373
0.87626
0.892061
0.907775
0.923399
0.938933
0.954374
0.969721
0.984973
1.00013
1.01518
1.03014
1.045
1.05975
1.0744
1.08894
1.10337
1.1177
1.13191
1.14601
1.16
1.17388
1.18764
1.20128
1.2148
1.22821
1.24149
1.25465
1.26768
1.28059
1.29337
1.30603
1.31855
1.33094
1.34321
1.35534
1.36733
1.37919
1.39091
1.4025
1.41394
1.42525
1.43641
1.44743
1.45831
1.46905
1.47963
1.49007
1.50037
1.51051
1.5205
1.53035
1.54004
1.54957
1.55896
1.56818
1.57726
1.58617
1.59493
1.60353
1.61197
1.62025
1.62837
1.63632
1.64412
1.65175
1.65921
1.66651
1.67365
1.68061
1.68741
1.69405
1.70051
1.7068
1.71293
1.71888
1.72466
1.73027
1.73571
1.74097
1.74607
1.75098
1.75572
1.76029
1.76468
1.7689
1.77294
1.7768
1.78049
1.78399
1.78732
1.79047
1.79344
1.79624
1.79885
1.80129
1.80354
1.80561
1.80751
1.80922
1.81075
1.8121
1.81327
1.81426
1.81507
1.8157
1.81614
1.81641
1.81649
1.81639
1.81611
1.81564
1.815
1.81417
1.81316
1.81198
1.8106
1.80905
1.80732
1.80541
1.80331
1.80104
1.79858
1.79595
1.79313
1.79014
1.78696
1.78361
1.78008
1.77637
1.77248
1.76841
1.76417
1.75975
1.75515
1.75038
1.74543
1.74031
1.73501
1.72954
1.72389
1.71808
1.71209
1.70592
1.69959
1.69309
1.68641
1.67957
1.67256
1.66538
1.65803
1.65052
1.64284
1.63499
1.62698
1.61881
1.61048
1.60198
1.59332
1.5845
1.57553
1.56639
1.5571
1.54765
1.53804
1.52828
1.51837
1.5083
1.49808
1.48771
1.47719
1.46652
1.45571
1.44474
1.43363
1.42238
1.41098
1.39945
1.38777
1.37595
1.36399
1.35189
1.33966
1.32729
1.31479
1.30216
1.28939
1.2765
1.26347
1.25032
1.23704
1.22364
1.21011
1.19646
1.18269
1.1688
1.15479
1.14066
1.12642
1.11207
1.0976
1.08302
1.06833
1.05353
1.03863
1.02362
1.00851
0.993291
0.977975
0.962559
0.947045
0.931436
0.915731
0.899933
0.884044
0.868065
0.851997
0.835843
0.819603
0.80328
0.786875
0.770389
0.753825
0.737184
0.720467
0.703677
0.686815
0.669882
0.65288
0.635812
0.618678
0.601481
0.584222
0.566903
0.549525
0.53209
0.514601
0.497058
0.479464
0.461821
0.444129
0.426391
0.408609
0.390784
0.372918
0.355013
0.337071
0.319093
0.301082
0.283039
0.264965
0.246864
0.228736
0.210583
0.192407
0.17421
0.155994
0.137761
0.119512
0.101249
0.0829739
0.064689
0.0463958
0.0280961
0.00979182
-0.00851531
-0.0268234
-0.0451307
-0.0634352
-0.0817353
-0.100029
-0.118315
-0.13659
-0.154854
-0.173104
-0.191338
-0.209556
-0.227754
-0.245931
-0.264085
-0.282215
-0.300319
-0.318394
-0.336439
-0.354452
-0.372432
-0.390376
-0.408283
-0.426151
-0.443978
-0.461762
-0.479503
-0.497196
-0.514842
-0.532439
-0.549983
-0.567475
-0.584911
-0.602291
-0.619612
-0.636874
-0.654073
-0.671208
-0.688278
-0.705281
-0.722215
-0.739078
-0.75587
-0.772587
-0.789229
-0.805793
-0.822279
-0.838684
-0.855007
-0.871246
-0.887399
-0.903466
-0.919443
-0.93533
-0.951126
-0.966827
-0.982434
-0.997944
-1.01336
-1.02867
-1.04388
-1.05899
-1.07399
-1.08889
-1.10368
-1.11836
-1.13293
-1.14739
-1.16173
-1.17596
-1.19008
-1.20408
-1.21795
-1.23171
-1.24535
-1.25886
-1.27225
-1.28551
-1.29865
-1.31165
-1.32453
-1.33727
-1.34989
-1.36237
-1.37471
-1.38692
-1.39899
-1.41092
-1.42271
-1.43437
-1.44587
-1.45724
-1.46846
-1.47954
-1.49046
-1.50124
-1.51187
-1.52236
-1.53269
-1.54286
-1.55289
-1.56276
-1.57247
-1.58203
-1.59143
-1.60067
-1.60976
-1.61868
-1.62744
-1.63605
-1.64448
-1.65276
-1.66087
-1.66881
-1.67659
-1.6842
-1.69165
-1.69892
-1.70603
-1.71297
-1.71973
-1.72633
-1.73275
-1.739
-1.74508
-1.75098
-1.75671
-1.76226
-1.76764
-1.77284
-1.77787
-1.78272
-1.78739
-1.79188
-1.79619
-1.80032
-1.80428
-1.80805
-1.81164
-1.81506
-1.81829
-1.82134
-1.82421
-1.82689
-1.8294
-1.83172
-1.83385
-1.83581
-1.83758
-1.83917
-1.84057
-1.84179
-1.84283
-1.84368
-1.84435
-1.84483
-1.84513
-1.84525
-1.84517
-1.84492
-1.84448
-1.84386
-1.84305
-1.84206
-1.84088
-1.83952
-1.83797
-1.83624
-1.83433
-1.83224
-1.82996
-1.82749
-1.82485
-1.82202
-1.81901
-1.81581
-1.81244
-1.80888
-1.80514
-1.80122
-1.79712
-1.79284
-1.78838
-1.78374
-1.77893
-1.77393
-1.76876
-1.76341
-1.75788
-1.75217
-1.74629
-1.74024
-1.73401
-1.7276
-1.72102
-1.71427
-1.70735
-1.70026
-1.69299
-1.68556
-1.67795
-1.67018
-1.66224
-1.65413
-1.64586
-1.63742
-1.62882
-1.62005
-1.61112
-1.60203
-1.59278
-1.58336
-1.57379
-1.56406
-1.55417
-1.54412
-1.53392
-1.52357
-1.51306
-1.5024
-1.49159
-1.48063
-1.46952
-1.45826
-1.44685
-1.4353
-1.4236
-1.41176
-1.39978
-1.38765
-1.37539
-1.36299
-1.35045
-1.33777
-1.32496
-1.31202
-1.29894
-1.28573
-1.27239
-1.25892
-1.24533
-1.23161
-1.21776
-1.20379
-1.1897
-1.17549
-1.16117
-1.14672
-1.13216
-1.11748
-1.10269
-1.08778
-1.07277
-1.05765
-1.04242
-1.02709
-1.01165
-0.996106
-0.980463
-0.964721
-0.94888
-0.932943
-0.916911
-0.900786
-0.88457
-0.868263
-0.851867
-0.835385
-0.818818
-0.802167
-0.785434
-0.768621
-0.75173
-0.734761
-0.717718
-0.700601
-0.683412
-0.666153
-0.648826
-0.631432
-0.613973
-0.596451
-0.578868
-0.561225
-0.543524
-0.525768
-0.507956
-0.490092
-0.472178
-0.454214
-0.436203
-0.418147
-0.400047
-0.381905
-0.363724
-0.345504
-0.327247
-0.308957
-0.290633
-0.272279
-0.253895
-0.235484
-0.217048
-0.198589
-0.180107
-0.161606
-0.143087
-0.124551
-0.106002
-0.0874394
-0.0688666
-0.0502851
-0.0316966
-0.0131032
0.0054934
0.0240913
0.0426887
0.0612837
0.0798743
0.0984589
0.117035
0.135602
0.154157
0.172699
0.191225
0.209734
0.228223
0.246692
0.265138
0.283559
0.301954
0.32032
0.338656
0.35696
0.37523
0.393465
0.411662
0.42982
0.447936
0.46601
0.484038
0.50202
0.519954
0.537838
0.555669
0.573447
0.591169
0.608834
0.62644
0.643985
0.661467
0.678884
0.696236
0.71352
0.730734
0.747877
0.764946
0.781941
0.79886
0.8157
0.83246
0.849139
0.865735
0.882245
0.898669
0.915005
0.931251
0.947405
0.963467
0.979433
0.995304
1.01108
1.02675
1.04232
1.05779
1.07315
1.08841
1.10356
1.11861
1.13354
1.14836
1.16307
1.17766
1.19214
1.20649
1.22073
1.23485
1.24885
1.26272
1.27647
1.29009
1.30359
1.31695
1.33019
1.34329
1.35626
1.36909
1.38179
1.39436
1.40678
1.41907
1.43121
1.44322
1.45508
1.46679
1.47836
1.48978
1.50106
1.51219
1.52316
1.53399
1.54466
1.55518
1.56554
1.57575
1.58581
1.5957
1.60544
1.61502
1.62443
1.63369
1.64278
1.65171
1.66048
1.66908
1.67751
1.68578
1.69388
1.70181
1.70957
1.71716
1.72458
1.73183
1.7389
1.74581
1.75253
1.75909
1.76547
1.77167
1.7777
1.78355
1.78922
1.79471
1.80003
1.80516
1.81012
1.81489
1.81948
1.8239
1.82813
1.83217
1.83604
1.83972
1.84322
1.84653
1.84966
1.85261
1.85537
1.85794
1.86033
1.86253
1.86455
1.86638
1.86803
1.86948
1.87075
1.87184
1.87274
1.87345
1.87397
1.8743
1.87445
1.87441
1.87419
1.87377
1.87317
1.87238
1.8714
1.87024
1.86889
1.86735
1.86563
1.86372
1.86162
1.85933
1.85686
1.85421
1.85136
1.84834
1.84512
1.84173
1.83814
1.83438
1.83043
1.82629
1.82198
1.81748
1.8128
1.80793
1.80289
1.79766
1.79226
1.78667
1.78091
1.77497
1.76884
1.76255
1.75607
1.74942
1.74259
1.73559
1.72841
1.72106
1.71354
1.70584
1.69798
1.68994
1.68173
1.67336
1.66481
1.6561
1.64722
1.63818
1.62897
1.6196
1.61006
1.60037
1.59051
1.58049
1.57031
1.55998
1.54949
1.53884
1.52804
1.51708
1.50597
1.49471
1.4833
1.47173
1.46002
1.44817
1.43616
1.42402
1.41172
1.39929
1.38672
1.374
1.36115
1.34816
1.33503
1.32177
1.30837
1.29484
1.28119
1.2674
1.25348
1.23944
1.22527
1.21098
1.19656
1.18203
1.16737
1.1526
1.13771
1.1227
1.10758
1.09235
1.07701
1.06156
1.046
1.03033
1.01456
0.99869
0.982715
0.966641
0.950468
0.934199
0.917834
0.901376
0.884827
0.868187
0.851459
0.834644
0.817744
0.80076
0.783694
0.766549
0.749325
0.732024
0.714649
0.6972
0.67968
0.66209
0.644432
0.626708
0.60892
0.591069
0.573157
0.555185
0.537157
0.519073
0.500935
0.482746
0.464506
0.446218
0.427884
0.409504
0.391083
0.37262
0.354118
0.335579
0.317004
0.298396
0.279756
0.261086
0.242389
0.223665
0.204917
0.186147
0.167356
0.148546
0.12972
0.110879
0.0920251
0.0731599
0.0542856
0.035404
0.0165169
-0.00237372
-0.021266
-0.040158
-0.0590479
-0.0779338
-0.0968138
-0.115686
-0.134548
-0.153399
-0.172237
-0.191059
-0.209864
-0.22865
-0.247415
-0.266157
-0.284874
-0.303564
-0.322226
-0.340858
-0.359458
-0.378023
-0.396553
-0.415044
-0.433496
-0.451907
-0.470274
-0.488596
-0.506871
-0.525097
-0.543273
-0.561396
-0.579464
-0.597477
-0.615431
-0.633326
-0.651159
-0.668929
-0.686634
-0.704272
-0.721841
-0.73934
-0.756766
-0.774119
-0.791396
-0.808595
-0.825716
-0.842756
-0.859713
-0.876585
-0.893372
-0.910071
-0.926681
-0.9432
-0.959626
-0.975957
-0.992193
-1.00833
-1.02437
-1.04031
-1.05614
-1.07188
-1.0875
-1.10302
-1.11843
-1.13373
-1.14892
-1.16399
-1.17895
-1.1938
-1.20852
-1.22313
-1.23761
-1.25198
-1.26622
-1.28033
-1.29432
-1.30818
-1.32191
-1.3355
-1.34897
-1.3623
-1.3755
-1.38857
-1.40149
-1.41428
-1.42692
-1.43943
-1.45179
-1.464
-1.47608
-1.488
-1.49978
-1.51141
-1.52289
-1.53422
-1.54539
-1.55642
-1.56729
-1.578
-1.58855
-1.59895
-1.60919
-1.61927
-1.62919
-1.63895
-1.64854
-1.65797
-1.66723
-1.67633
-1.68526
-1.69403
-1.70262
-1.71105
-1.71931
-1.72739
-1.73531
-1.74305
-1.75061
-1.75801
-1.76522
-1.77227
-1.77913
-1.78582
-1.79233
-1.79866
-1.80481
-1.81079
-1.81658
-1.82219
-1.82762
-1.83287
-1.83793
-1.84281
-1.84751
-1.85202
-1.85635
-1.86049
-1.86445
-1.86822
-1.87181
-1.87521
-1.87842
-1.88144
-1.88428
-1.88692
-1.88938
-1.89165
-1.89373
-1.89563
-1.89733
-1.89884
-1.90017
-1.9013
-1.90224
-1.903
-1.90356
-1.90393
-1.90412
-1.90411
-1.90391
-1.90352
-1.90294
-1.90217
-1.90121
-1.90006
-1.89872
-1.89719
-1.89547
-1.89356
-1.89146
-1.88918
-1.8867
-1.88403
-1.88118
-1.87813
-1.8749
-1.87148
-1.86788
-1.86408
-1.8601
-1.85593
-1.85158
-1.84704
-1.84232
-1.83741
-1.83231
-1.82704
-1.82158
-1.81593
-1.81011
-1.8041
-1.79792
-1.79155
-1.785
-1.77827
-1.77137
-1.76428
-1.75702
-1.74959
-1.74198
-1.73419
-1.72623
-1.71809
-1.70978
-1.7013
-1.69265
-1.68383
-1.67484
-1.66569
-1.65636
-1.64687
-1.63721
-1.62739
-1.6174
-1.60725
-1.59694
-1.58647
-1.57584
-1.56505
-1.5541
-1.543
-1.53174
-1.52032
-1.50876
-1.49704
-1.48517
-1.47315
-1.46098
-1.44867
-1.4362
-1.4236
-1.41085
-1.39796
-1.38492
-1.37175
-1.35844
-1.34499
-1.3314
-1.31769
-1.30383
-1.28985
-1.27573
-1.26149
-1.24712
-1.23262
-1.218
-1.20326
-1.18839
-1.1734
-1.1583
-1.14307
-1.12773
-1.11228
-1.09671
-1.08104
-1.06525
-1.04935
-1.03335
-1.01724
-1.00103
-0.984723
-0.968311
-0.951801
-0.935194
-0.918491
-0.901695
-0.884807
-0.867829
-0.850763
-0.83361
-0.816372
-0.79905
-0.781647
-0.764163
-0.746602
-0.728964
-0.711252
-0.693467
-0.67561
-0.657684
-0.639691
-0.621632
-0.603509
-0.585323
-0.567078
-0.548774
-0.530413
-0.511997
-0.493528
-0.475008
-0.456439
-0.437822
-0.41916
-0.400453
-0.381705
-0.362917
-0.344091
-0.325228
-0.306331
-0.287401
-0.268441
-0.249452
-0.230436
-0.211396
-0.192332
-0.173247
-0.154143
-0.135021
-0.115884
-0.0967337
-0.0775717
-0.0584
-0.0392206
-0.0200353
-0.00084607
0.0183451
0.0375364
0.0567259
0.0759116
0.0950916
0.114264
0.133427
0.152579
0.171717
0.19084
0.209945
0.229032
0.248098
0.26714
0.286158
0.30515
0.324112
0.343044
0.361944
0.380809
0.399639
0.41843
0.437181
0.45589
0.474556
0.493176
0.511748
0.530271
0.548743
0.567163
0.585527
0.603834
0.622083
0.640271
0.658398
0.67646
0.694456
0.712385
0.730245
0.748033
0.765748
0.783388
0.800952
0.818437
0.835842
0.853166
0.870405
0.88756
0.904627
0.921606
0.938494
0.95529
0.971993
0.988599
1.00511
1.02152
1.03783
1.05404
1.07014
1.08614
1.10203
1.11782
1.13349
1.14905
1.1645
1.17983
1.19505
1.21015
1.22512
1.23998
1.25472
1.26933
1.28382
1.29817
1.31241
1.32651
1.34048
1.35431
1.36802
1.38158
1.39501
1.40831
1.42146
1.43447
1.44734
1.46007
1.47265
1.48509
1.49737
1.50951
1.52151
1.53334
1.54503
1.55657
1.56795
1.57917
1.59024
1.60114
1.61189
1.62248
1.63291
1.64318
1.65328
1.66322
1.673
1.6826
1.69204
1.70131
1.71042
1.71935
1.72811
1.7367
1.74512
1.75336
1.76143
1.76932
1.77704
1.78458
1.79194
1.79912
1.80613
1.81295
1.8196
1.82606
1.83234
1.83844
1.84435
1.85008
1.85563
1.86099
1.86617
1.87116
1.87596
1.88058
1.88501
1.88925
1.8933
1.89716
1.90084
1.90432
1.90762
1.91072
1.91363
1.91635
1.91888
1.92122
1.92337
1.92532
1.92709
1.92866
1.93003
1.93122
1.93221
1.93301
1.93361
1.93402
1.93424
1.93427
1.9341
1.93374
1.93318
1.93243
1.93149
1.93036
1.92903
1.92751
1.92579
1.92389
1.92179
1.91949
1.91701
1.91433
1.91147
1.90841
1.90516
1.90171
1.89808
1.89426
1.89025
1.88605
1.88166
1.87708
1.87231
1.86736
1.86221
1.85689
1.85137
1.84567
1.83978
1.83371
1.82746
1.82102
1.8144
1.8076
1.80062
1.79345
1.78611
1.77858
1.77088
1.763
1.75494
1.74671
1.7383
1.72971
1.72096
1.71202
1.70292
1.69365
1.6842
1.67459
1.66481
1.65486
1.64474
1.63446
1.62401
1.6134
1.60263
1.5917
1.5806
1.56935
1.55794
1.54637
1.53465
1.52277
1.51074
1.49855
1.48622
1.47373
1.4611
1.44832
1.43539
1.42232
1.40911
1.39575
1.38225
1.36861
1.35483
1.34092
1.32687
1.31269
1.29837
1.28393
1.26935
1.25465
1.23981
1.22486
1.20978
1.19457
1.17925
1.1638
1.14824
1.13256
1.11677
1.10086
1.08484
1.06872
1.05248
1.03613
1.01969
1.00313
0.986478
0.969723
0.95287
0.935919
0.918873
0.901734
0.884502
0.867181
0.849771
0.832274
0.814693
0.797028
0.779282
0.761456
0.743552
0.725571
0.707517
0.68939
0.671192
0.652926
0.634592
0.616193
0.59773
0.579206
0.560622
0.54198
0.523282
0.50453
0.485725
0.46687
0.447967
0.429017
0.410022
0.390984
0.371905
0.352787
0.333632
0.314441
0.295218
0.275962
0.256678
0.237365
0.218027
0.198665
0.179282
0.159878
0.140457
0.121019
0.101568
0.0821045
0.0626309
0.043149
0.0236608
0.00416835
-0.0153265
-0.0348217
-0.0543155
-0.0738057
-0.0932905
-0.112768
-0.132236
-0.151693
-0.171136
-0.190565
-0.209976
-0.229368
-0.24874
-0.268088
-0.287411
-0.306708
-0.325976
-0.345213
-0.364418
-0.383588
-0.402722
-0.421817
-0.440872
-0.459885
-0.478854
-0.497776
-0.516651
-0.535476
-0.55425
-0.57297
-0.591634
-0.610241
-0.628789
-0.647276
-0.6657
-0.68406
-0.702353
-0.720577
-0.738731
-0.756813
-0.774822
-0.792754
-0.810609
-0.828385
-0.84608
-0.863692
-0.881219
-0.89866
-0.916013
-0.933276
-0.950447
-0.967525
-0.984508
-1.00139
-1.01818
-1.03487
-1.05146
-1.06794
-1.08431
-1.10059
-1.11675
-1.1328
-1.14874
-1.16457
-1.18028
-1.19587
-1.21135
-1.22671
-1.24195
-1.25706
-1.27205
-1.28691
-1.30165
-1.31626
-1.33074
-1.34508
-1.3593
-1.37338
-1.38732
-1.40113
-1.41479
-1.42832
-1.44171
-1.45495
-1.46805
-1.481
-1.49381
-1.50646
-1.51897
-1.53133
-1.54354
-1.55559
-1.56749
-1.57923
-1.59082
-1.60225
-1.61351
-1.62462
-1.63557
-1.64636
-1.65698
-1.66744
-1.67773
-1.68785
-1.69781
-1.7076
-1.71721
-1.72666
-1.73594
-1.74504
-1.75397
-1.76273
-1.77131
-1.77971
-1.78794
-1.79598
-1.80385
-1.81154
-1.81905
-1.82638
-1.83353
-1.84049
-1.84727
-1.85387
-1.86028
-1.86651
-1.87255
-1.8784
-1.88407
-1.88954
-1.89483
-1.89994
-1.90485
-1.90957
-1.9141
-1.91844
-1.92259
-1.92655
-1.93031
-1.93388
-1.93726
-1.94045
-1.94344
-1.94624
-1.94884
-1.95125
-1.95346
-1.95548
-1.95731
-1.95893
-1.96037
-1.9616
-1.96264
-1.96349
-1.96414
-1.96459
-1.96484
-1.9649
-1.96476
-1.96443
-1.9639
-1.96317
-1.96225
-1.96113
-1.95981
-1.9583
-1.95659
-1.95469
-1.95259
-1.95029
-1.9478
-1.94512
-1.94224
-1.93916
-1.93589
-1.93243
-1.92877
-1.92492
-1.92088
-1.91664
-1.91222
-1.9076
-1.90279
-1.89779
-1.8926
-1.88722
-1.88165
-1.87589
-1.86994
-1.8638
-1.85748
-1.85098
-1.84428
-1.8374
-1.83034
-1.82309
-1.81566
-1.80805
-1.80026
-1.79228
-1.78413
-1.77579
-1.76728
-1.75859
-1.74972
-1.74068
-1.73146
-1.72207
-1.71251
-1.70277
-1.69286
-1.68278
-1.67254
-1.66212
-1.65154
-1.64079
-1.62987
-1.61879
-1.60755
-1.59615
-1.58458
-1.57286
-1.56098
-1.54894
-1.53674
-1.52439
-1.51189
-1.49923
-1.48642
-1.47346
-1.46036
-1.4471
-1.4337
-1.42016
-1.40647
-1.39264
-1.37867
-1.36456
-1.35031
-1.33593
-1.32141
-1.30675
-1.29197
-1.27705
-1.26201
-1.24684
-1.23154
-1.21611
-1.20057
-1.1849
-1.16911
-1.1532
-1.13718
-1.12104
-1.10479
-1.08842
-1.07195
-1.05536
-1.03867
-1.02188
-1.00497
-0.987972
-0.970868
-0.953666
-0.936366
-0.918972
-0.901483
-0.883903
-0.866233
-0.848474
-0.830628
-0.812698
-0.794685
-0.77659
-0.758416
-0.740164
-0.721837
-0.703435
-0.684961
-0.666417
-0.647804
-0.629125
-0.610381
-0.591574
-0.572706
-0.553779
-0.534794
-0.515755
-0.496661
-0.477516
-0.458322
-0.43908
-0.419791
-0.400459
-0.381085
-0.361671
-0.342219
-0.322731
-0.303208
-0.283653
-0.264068
-0.244455
-0.224815
-0.205151
-0.185464
-0.165756
-0.14603
-0.126288
-0.106531
-0.0867612
-0.0669808
-0.0471917
-0.027396
-0.00759554
0.0122077
0.0320116
0.0518144
0.0716139
0.0914083
0.111195
0.130974
0.15074
0.170494
0.190233
0.209955
0.229657
0.249339
0.268998
0.288632
0.308239
0.327817
0.347364
0.366878
0.386358
0.405801
0.425205
0.444569
0.46389
0.483167
0.502398
0.52158
0.540712
0.559791
0.578817
0.597787
0.616698
0.63555
0.654341
0.673067
0.691729
0.710323
0.728848
0.747301
0.765682
0.783989
0.802218
0.820369
0.838441
0.85643
0.874335
0.892154
0.909886
0.927529
0.945081
0.96254
0.979905
0.997173
1.01434
1.03141
1.04838
1.06525
1.08201
1.09867
1.11521
1.13165
1.14797
1.16419
1.18028
1.19626
1.21213
1.22787
1.24349
1.25899
1.27436
1.28961
1.30473
1.31973
1.33459
1.34932
1.36392
1.37838
1.3927
1.40689
1.42094
1.43485
1.44861
1.46223
1.47571
1.48904
1.50222
1.51526
1.52814
1.54087
1.55345
1.56588
1.57815
1.59026
1.60222
1.61402
1.62565
1.63713
1.64844
1.65959
1.67057
1.68139
1.69204
1.70253
1.71284
1.72298
1.73296
1.74276
1.75238
1.76183
1.77111
1.78021
1.78914
1.79788
1.80645
1.81484
1.82304
1.83107
1.83891
1.84657
1.85404
1.86134
1.86844
1.87536
1.88209
1.88864
1.895
1.90116
1.90714
1.91293
1.91853
1.92393
1.92915
1.93417
1.939
1.94364
1.94808
1.95233
1.95638
1.96024
1.9639
1.96736
1.97063
1.97371
1.97658
1.97926
1.98174
1.98402
1.98611
1.98799
1.98968
1.99117
1.99246
1.99355
1.99444
1.99513
1.99563
1.99592
1.99601
1.99591
1.9956
1.9951
1.99439
1.99349
1.99238
1.99108
1.98958
1.98788
1.98597
1.98388
1.98158
1.97908
1.97639
1.97349
1.9704
1.96712
1.96363
1.95995
1.95607
1.952
1.94773
1.94327
1.93861
1.93376
1.92871
1.92347
1.91803
1.91241
1.90659
1.90058
1.89438
1.88799
1.88141
1.87465
1.86769
1.86055
1.85322
1.8457
1.838
1.83011
1.82204
1.81379
1.80536
1.79674
1.78794
1.77897
1.76981
1.76048
1.75097
1.74128
1.73142
1.72138
1.71117
1.70079
1.69024
1.67952
1.66863
1.65757
1.64634
1.63495
1.6234
1.61168
1.59979
1.58775
1.57555
1.56318
1.55066
1.53799
1.52516
1.51217
1.49904
1.48575
1.47231
1.45872
1.44499
1.43111
1.41708
1.40291
1.38861
1.37416
1.35957
1.34484
1.32998
1.31498
1.29985
1.28459
1.2692
1.25368
1.23804
1.22226
1.20637
1.19035
1.17421
1.15795
1.14158
1.12509
1.10848
1.09177
1.07494
1.058
1.04096
1.02381
1.00655
0.989195
0.971737
0.95418
0.936527
0.918777
0.900934
0.883
0.864975
0.846862
0.828662
0.810378
0.79201
0.773562
0.755035
0.73643
0.71775
0.698996
0.68017
0.661274
0.642311
0.623281
0.604187
0.585031
0.565814
0.546539
0.527207
0.50782
0.488381
0.468891
0.449352
0.429766
0.410136
0.390462
0.370747
0.350994
0.331203
0.311377
0.291518
0.271628
0.251709
0.231762
0.211791
0.191796
0.17178
0.151745
0.131692
0.111625
0.0915443
0.0714525
0.0513515
0.0312434
0.0111301
-0.00898627
-0.0291038
-0.0492204
-0.0693341
-0.0894428
-0.109545
-0.129638
-0.14972
-0.169788
-0.189842
-0.20988
-0.229898
-0.249895
-0.269869
-0.289818
-0.30974
-0.329633
-0.349495
-0.369324
-0.389118
-0.408876
-0.428594
-0.448272
-0.467906
-0.487496
-0.507039
-0.526533
-0.545977
-0.565368
-0.584704
-0.603984
-0.623205
-0.642366
-0.661465
-0.680499
-0.699467
-0.718367
-0.737197
-0.755956
-0.77464
-0.793249
-0.811781
-0.830233
-0.848604
-0.866892
-0.885096
-0.903212
-0.92124
-0.939178
-0.957023
-0.974775
-0.992431
-1.00999
-1.02745
-1.04481
-1.06206
-1.07921
-1.09626
-1.11319
-1.13002
-1.14674
-1.16334
-1.17983
-1.1962
-1.21246
-1.22859
-1.2446
-1.26049
-1.27626
-1.2919
-1.30741
-1.32279
-1.33805
-1.35316
-1.36815
-1.383
-1.39772
-1.41229
-1.42673
-1.44102
-1.45517
-1.46918
-1.48304
-1.49676
-1.51033
-1.52374
-1.53701
-1.55012
-1.56308
-1.57589
-1.58854
-1.60103
-1.61336
-1.62554
-1.63755
-1.64939
-1.66108
-1.6726
-1.68395
-1.69514
-1.70616
-1.71701
-1.72768
-1.73819
-1.74852
-1.75868
-1.76867
-1.77848
-1.78811
-1.79756
-1.80684
-1.81594
-1.82485
-1.83358
-1.84213
-1.8505
-1.85869
-1.86668
-1.8745
-1.88212
-1.88956
-1.89681
-1.90387
-1.91074
-1.91742
-1.92391
-1.93021
-1.93632
-1.94223
-1.94795
-1.95347
-1.95881
-1.96394
-1.96888
-1.97362
-1.97817
-1.98252
-1.98667
-1.99062
-1.99437
-1.99793
-2.00128
-2.00444
-2.00739
-2.01015
-2.0127
-2.01505
-2.01721
-2.01916
-2.0209
-2.02245
-2.0238
-2.02494
-2.02588
-2.02661
-2.02715
-2.02748
-2.02761
-2.02754
-2.02726
-2.02678
-2.0261
-2.02522
-2.02413
-2.02284
-2.02135
-2.01965
-2.01776
-2.01566
-2.01336
-2.01086
-2.00816
-2.00525
-2.00215
-1.99884
-1.99534
-1.99163
-1.98773
-1.98362
-1.97932
-1.97482
-1.97012
-1.96522
-1.96013
-1.95484
-1.94935
-1.94367
-1.93779
-1.93172
-1.92546
-1.919
-1.91235
-1.90551
-1.89847
-1.89125
-1.88383
-1.87623
-1.86844
-1.86046
-1.85229
-1.84394
-1.83541
-1.82668
-1.81778
-1.80869
-1.79942
-1.78997
-1.78034
-1.77053
-1.76054
-1.75038
-1.74004
-1.72952
-1.71883
-1.70797
-1.69694
-1.68573
-1.67436
-1.66281
-1.6511
-1.63922
-1.62718
-1.61497
-1.60261
-1.59008
-1.57738
-1.56453
-1.55153
-1.53836
-1.52504
-1.51157
-1.49795
-1.48417
-1.47024
-1.45617
-1.44195
-1.42758
-1.41307
-1.39841
-1.38362
-1.36868
-1.35361
-1.3384
-1.32305
-1.30757
-1.29196
-1.27621
-1.26034
-1.24434
-1.22822
-1.21197
-1.19559
-1.1791
-1.16248
-1.14575
-1.12891
-1.11194
-1.09487
-1.07768
-1.06038
-1.04298
-1.02547
-1.00786
-0.990139
-0.972321
-0.954404
-0.93639
-0.918281
-0.900078
-0.881783
-0.863398
-0.844925
-0.826366
-0.807722
-0.788996
-0.770188
-0.751302
-0.732339
-0.713301
-0.694189
-0.675006
-0.655754
-0.636434
-0.617049
-0.5976
-0.578089
-0.558519
-0.53889
-0.519206
-0.499468
-0.479678
-0.459839
-0.439951
-0.420017
-0.400039
-0.380019
-0.359959
-0.339862
-0.319728
-0.29956
-0.27936
-0.25913
-0.238873
-0.218589
-0.198282
-0.177952
-0.157603
-0.137236
-0.116853
-0.0964569
-0.0760487
-0.055631
-0.0352056
-0.0147746
0.00565985
0.0260958
0.0465312
0.066964
0.0873921
0.107813
0.128226
0.148628
0.169017
0.189391
0.209749
0.230087
0.250404
0.270699
0.290968
0.31121
0.331424
0.351606
0.371755
0.391868
0.411945
0.431982
0.451979
0.471932
0.491839
0.5117
0.531511
0.551272
0.570979
0.590631
0.610226
0.629762
0.649236
0.668648
0.687995
0.707275
0.726486
0.745627
0.764695
0.783688
0.802605
0.821443
0.840201
0.858878
0.87747
0.895976
0.914394
0.932723
0.95096
0.969104
0.987153
1.00511
1.02296
1.04071
1.05836
1.07591
1.09335
1.11068
1.12791
1.14502
1.16202
1.1789
1.19567
1.21232
1.22886
1.24527
1.26155
1.27772
1.29375
1.30966
1.32544
1.34109
1.35661
1.37199
1.38724
1.40235
1.41732
1.43215
1.44684
1.46138
1.47578
1.49004
1.50414
1.5181
1.53191
1.54556
1.55907
1.57242
1.58561
1.59864
1.61152
1.62423
1.63679
1.64918
1.66141
1.67348
1.68537
1.69711
1.70867
1.72006
1.73128
1.74233
1.75321
1.76391
1.77444
1.78479
1.79496
1.80496
1.81477
1.82441
1.83386
1.84313
1.85222
1.86112
1.86984
1.87837
1.88671
1.89487
1.90284
1.91062
1.91821
1.9256
1.93281
1.93982
1.94664
1.95327
1.9597
1.96593
1.97197
1.97782
1.98346
1.98891
1.99416
1.99921
2.00406
2.00872
2.01317
2.01742
2.02147
2.02531
2.02896
2.0324
2.03564
2.03868
2.04151
2.04414
2.04656
2.04878
2.0508
2.05261
2.05422
2.05562
2.05681
2.0578
2.05859
2.05916
2.05954
2.0597
2.05966
2.05942
2.05897
2.05831
2.05745
2.05638
2.0551
2.05362
2.05194
2.05004
2.04795
2.04565
2.04314
2.04043
2.03751
2.03439
2.03107
2.02754
2.02381
2.01988
2.01575
2.01141
2.00687
2.00213
1.99719
1.99205
1.98671
1.98117
1.97543
1.9695
1.96337
1.95703
1.95051
1.94378
1.93687
1.92976
1.92245
1.91495
1.90726
1.89938
1.8913
1.88304
1.87459
1.86595
1.85712
1.84811
1.83891
1.82952
1.81995
1.8102
1.80027
1.79015
1.77986
1.76938
1.75873
1.7479
1.7369
1.72572
1.71436
1.70284
1.69114
1.67927
1.66723
1.65503
1.64266
1.63012
1.61742
1.60456
1.59153
1.57834
1.565
1.5515
1.53784
1.52402
1.51005
1.49593
1.48166
1.46724
1.45267
1.43795
1.42309
1.40808
1.39293
1.37765
1.36222
1.34665
1.33095
1.31511
1.29914
1.28304
1.26681
1.25045
1.23396
1.21735
1.20062
1.18376
1.16679
1.14969
1.13248
1.11515
1.09771
1.08016
1.0625
1.04473
1.02686
1.00888
0.990794
0.97261
0.954328
0.935948
0.917473
0.898904
0.880244
0.861493
0.842655
0.82373
0.804722
0.78563
0.766459
0.747208
0.727881
0.70848
0.689005
0.66946
0.649846
0.630165
0.610419
0.59061
0.57074
0.55081
0.530824
0.510783
0.490688
0.470543
0.450348
0.430107
0.40982
0.38949
0.36912
0.34871
0.328264
0.307782
0.287268
0.266723
0.246149
0.225549
0.204924
0.184276
0.163608
0.142922
0.122219
0.101502
0.0807723
0.0600328
0.0392852
0.0185316
-0.00222589
-0.0229853
-0.0437444
-0.0645013
-0.0852538
-0.106
-0.126737
-0.147464
-0.168178
-0.188878
-0.209561
-0.230224
-0.250867
-0.271487
-0.292082
-0.312649
-0.333188
-0.353695
-0.374168
-0.394607
-0.415008
-0.435369
-0.455689
-0.475966
-0.496197
-0.51638
-0.536514
-0.556596
-0.576624
-0.596597
-0.616512
-0.636368
-0.656161
-0.675892
-0.695556
-0.715153
-0.73468
-0.754136
-0.773519
-0.792826
-0.812055
-0.831206
-0.850275
-0.869261
-0.888162
-0.906976
-0.925701
-0.944336
-0.962878
-0.981325
-0.999677
-1.01793
-1.03608
-1.05413
-1.07208
-1.08992
-1.10766
-1.12529
-1.1428
-1.1602
-1.17749
-1.19466
-1.21172
-1.22866
-1.24547
-1.26216
-1.27873
-1.29517
-1.31148
-1.32766
-1.34372
-1.35963
-1.37542
-1.39107
-1.40658
-1.42195
-1.43718
-1.45227
-1.46722
-1.48202
-1.49667
-1.51118
-1.52553
-1.53974
-1.55379
-1.56769
-1.58143
-1.59502
-1.60845
-1.62171
-1.63482
-1.64777
-1.66055
-1.67317
-1.68562
-1.6979
-1.71002
-1.72196
-1.73374
-1.74534
-1.75677
-1.76802
-1.7791
-1.79
-1.80073
-1.81127
-1.82164
-1.83182
-1.84182
-1.85164
-1.86127
-1.87072
-1.87999
-1.88906
-1.89795
-1.90665
-1.91516
-1.92348
-1.9316
-1.93954
-1.94728
-1.95483
-1.96218
-1.96934
-1.9763
-1.98306
-1.98963
-1.996
-2.00217
-2.00814
-2.01391
-2.01947
-2.02484
-2.03001
-2.03497
-2.03973
-2.04429
-2.04864
-2.05279
-2.05673
-2.06047
-2.064
-2.06732
-2.07044
-2.07336
-2.07606
-2.07856
-2.08085
-2.08294
-2.08481
-2.08648
-2.08794
-2.08918
-2.09023
-2.09106
-2.09168
-2.09209
-2.0923
-2.09229
-2.09208
-2.09166
-2.09102
-2.09018
-2.08913
-2.08787
-2.0864
-2.08473
-2.08284
-2.08075
-2.07844
-2.07593
-2.07321
-2.07029
-2.06715
-2.06381
-2.06027
-2.05651
-2.05255
-2.04839
-2.04402
-2.03944
-2.03466
-2.02968
-2.02449
-2.0191
-2.01351
-2.00771
-2.00172
-1.99552
-1.98912
-1.98253
-1.97573
-1.96874
-1.96155
-1.95416
-1.94657
-1.93879
-1.93082
-1.92265
-1.91429
-1.90574
-1.89699
-1.88806
-1.87893
-1.86962
-1.86012
-1.85043
-1.84055
-1.83049
-1.82025
-1.80982
-1.79921
-1.78842
-1.77745
-1.7663
-1.75498
-1.74347
-1.7318
-1.71994
-1.70792
-1.69572
-1.68335
-1.67081
-1.6581
-1.64523
-1.63219
-1.61899
-1.60562
-1.59209
-1.5784
-1.56455
-1.55054
-1.53638
-1.52206
-1.50759
-1.49296
-1.47819
-1.46326
-1.44819
-1.43297
-1.41761
-1.4021
-1.38645
-1.37067
-1.35474
-1.33867
-1.32247
-1.30614
-1.28967
-1.27308
-1.25635
-1.2395
-1.22252
-1.20542
-1.18819
-1.17085
-1.15338
-1.1358
-1.11811
-1.1003
-1.08237
-1.06434
-1.0462
-1.02796
-1.0096
-0.991151
-0.972596
-0.953942
-0.93519
-0.916344
-0.897404
-0.878372
-0.85925
-0.840041
-0.820745
-0.801366
-0.781904
-0.762363
-0.742743
-0.723047
-0.703277
-0.683434
-0.663521
-0.64354
-0.623492
-0.60338
-0.583206
-0.562971
-0.542678
-0.522329
-0.501925
-0.48147
-0.460964
-0.440409
-0.419809
-0.399165
-0.378479
-0.357753
-0.336989
-0.316189
-0.295355
-0.27449
-0.253596
-0.232673
-0.211726
-0.190755
-0.169763
-0.148752
-0.127725
-0.106682
-0.0856261
-0.0645599
-0.0434851
-0.0224038
-0.00131816
0.0197697
0.0408577
0.0619437
0.0830256
0.104101
0.125169
0.146226
0.16727
0.1883
0.209313
0.230308
0.251281
0.272231
0.293157
0.314055
0.334923
0.355761
0.376565
0.397333
0.418063
0.438754
0.459403
0.480008
0.500568
0.521079
0.54154
0.561949
0.582304
0.602603
0.622843
0.643023
0.663141
0.683195
0.703182
0.723101
0.74295
0.762726
0.782428
0.802054
0.821601
0.841069
0.860454
0.879755
0.89897
0.918097
0.937134
0.95608
0.974931
0.993687
1.01235
1.03091
1.04936
1.06772
1.08597
1.10411
1.12215
1.14007
1.15788
1.17558
1.19316
1.21063
1.22797
1.2452
1.2623
1.27927
1.29612
1.31285
1.32944
1.3459
1.36223
1.37843
1.39448
1.4104
1.42618
1.44182
1.45732
1.47267
1.48788
1.50294
1.51785
1.53261
1.54722
1.56168
1.57598
1.59012
1.60411
1.61794
1.63161
1.64511
1.65846
1.67163
1.68465
1.69749
1.71017
1.72268
1.73501
1.74718
1.75917
1.77098
1.78262
1.79409
1.80537
1.81647
1.8274
1.83814
1.8487
1.85908
1.86927
1.87928
1.88909
1.89872
1.90817
1.91742
1.92648
1.93535
1.94402
1.95251
1.9608
1.96889
1.97679
1.98449
1.99199
1.9993
2.0064
2.01331
2.02001
2.02651
2.03281
2.03891
2.04481
2.0505
2.05599
2.06127
2.06635
2.07122
2.07588
2.08034
2.08458
2.08862
2.09246
2.09608
2.09949
2.1027
2.10569
2.10848
2.11105
2.11342
2.11557
2.11751
2.11924
2.12075
2.12206
2.12315
2.12403
2.1247
2.12516
2.1254
2.12543
2.12525
2.12486
2.12425
2.12343
2.1224
2.12116
2.1197
2.11804
2.11616
2.11406
2.11176
2.10925
2.10652
2.10358
2.10044
2.09708
2.09351
2.08973
2.08575
2.08155
2.07715
2.07253
2.06771
2.06268
2.05745
2.05201
2.04636
2.04051
2.03446
2.0282
2.02173
2.01507
2.0082
2.00113
1.99386
1.98638
1.97871
1.97084
1.96278
1.95451
1.94605
1.9374
1.92855
1.9195
1.91027
1.90084
1.89122
1.88141
1.87141
1.86122
1.85085
1.84028
1.82954
1.81861
1.8075
1.7962
1.78473
1.77307
1.76124
1.74923
1.73704
1.72468
1.71214
1.69944
1.68656
1.67351
1.66029
1.6469
1.63335
1.61964
1.60576
1.59172
1.57752
1.56316
1.54864
1.53396
1.51913
1.50415
1.48901
1.47373
1.45829
1.44271
1.42698
1.41111
1.3951
1.37894
1.36265
1.34621
1.32964
1.31294
1.2961
1.27914
1.26204
1.24481
1.22746
1.20998
1.19238
1.17466
1.15682
1.13887
1.1208
1.10261
1.08431
1.0659
1.04738
1.02876
1.01003
0.9912
0.972268
0.953236
0.934107
0.914883
0.895566
0.876157
0.856658
0.837072
0.8174
0.797645
0.777807
0.75789
0.737895
0.717825
0.69768
0.677464
0.657178
0.636824
0.616405
0.595922
0.575377
0.554773
0.534111
0.513394
0.492623
0.471801
0.450929
0.430011
0.409047
0.38804
0.366993
0.345907
0.324783
0.303626
0.282436
0.261215
0.239966
0.218692
0.197393
0.176072
0.154732
0.133373
0.112
0.0906131
0.069215
0.0478078
0.0263938
0.00497492
-0.0164466
-0.0378685
-0.0592889
-0.0807054
-0.102116
-0.123519
-0.144911
-0.166291
-0.187656
-0.209005
-0.230335
-0.251645
-0.272931
-0.294192
-0.315425
-0.33663
-0.357802
-0.378942
-0.400045
-0.42111
-0.442136
-0.463119
-0.484058
-0.504951
-0.525795
-0.546589
-0.56733
-0.588017
-0.608647
-0.629218
-0.649728
-0.670176
-0.690558
-0.710873
-0.731119
-0.751295
-0.771397
-0.791424
-0.811373
-0.831244
-0.851034
-0.87074
-0.890361
-0.909895
-0.929341
-0.948695
-0.967956
-0.987122
-1.00619
-1.02516
-1.04403
-1.0628
-1.08146
-1.10002
-1.11847
-1.13681
-1.15504
-1.17315
-1.19115
-1.20903
-1.22679
-1.24443
-1.26195
-1.27934
-1.29661
-1.31375
-1.33076
-1.34764
-1.36438
-1.38099
-1.39747
-1.4138
-1.43
-1.44605
-1.46196
-1.47773
-1.49335
-1.50883
-1.52415
-1.53932
-1.55434
-1.56921
-1.58392
-1.59847
-1.61287
-1.62711
-1.64118
-1.65509
-1.66884
-1.68242
-1.69584
-1.70909
-1.72216
-1.73507
-1.74781
-1.76037
-1.77275
-1.78496
-1.797
-1.80885
-1.82052
-1.83202
-1.84333
-1.85446
-1.8654
-1.87616
-1.88673
-1.89712
-1.90732
-1.91732
-1.92714
-1.93676
-1.94619
-1.95543
-1.96447
-1.97332
-1.98197
-1.99042
-1.99868
-2.00674
-2.01459
-2.02225
-2.0297
-2.03695
-2.044
-2.05085
-2.05749
-2.06393
-2.07016
-2.07618
-2.082
-2.08761
-2.09301
-2.0982
-2.10318
-2.10795
-2.11252
-2.11687
-2.12101
-2.12494
-2.12866
-2.13216
-2.13545
-2.13853
-2.14139
-2.14405
-2.14648
-2.1487
-2.15071
-2.15251
-2.15408
-2.15545
-2.15659
-2.15752
-2.15824
-2.15874
-2.15902
-2.15909
-2.15895
-2.15858
-2.158
-2.15721
-2.1562
-2.15497
-2.15353
-2.15187
-2.15
-2.14791
-2.14561
-2.14309
-2.14035
-2.13741
-2.13425
-2.13087
-2.12728
-2.12348
-2.11947
-2.11524
-2.1108
-2.10615
-2.10129
-2.09622
-2.09094
-2.08545
-2.07975
-2.07384
-2.06772
-2.0614
-2.05487
-2.04813
-2.04119
-2.03404
-2.02669
-2.01913
-2.01138
-2.00342
-1.99526
-1.9869
-1.97834
-1.96958
-1.96062
-1.95146
-1.94211
-1.93257
-1.92283
-1.9129
-1.90277
-1.89246
-1.88195
-1.87125
-1.86037
-1.8493
-1.83804
-1.8266
-1.81497
-1.80317
-1.79118
-1.779
-1.76666
-1.75413
-1.74142
-1.72854
-1.71549
-1.70226
-1.68887
-1.6753
-1.66156
-1.64766
-1.63359
-1.61935
-1.60495
-1.59039
-1.57567
-1.56079
-1.54575
-1.53056
-1.51521
-1.49971
-1.48405
-1.46825
-1.4523
-1.4362
-1.41996
-1.40357
-1.38704
-1.37037
-1.35356
-1.33662
-1.31954
-1.30232
-1.28498
-1.2675
-1.24989
-1.23216
-1.2143
-1.19632
-1.17822
-1.16
-1.14166
-1.12321
-1.10464
-1.08596
-1.06717
-1.04827
-1.02926
-1.01015
-0.990932
-0.971616
-0.952201
-0.932689
-0.913082
-0.893381
-0.873589
-0.853708
-0.833739
-0.813685
-0.793548
-0.773329
-0.753031
-0.732655
-0.712204
-0.69168
-0.671085
-0.650421
-0.629689
-0.608893
-0.588033
-0.567113
-0.546133
-0.525098
-0.504007
-0.482864
-0.46167
-0.440429
-0.419141
-0.397809
-0.376435
-0.355021
-0.33357
-0.312083
-0.290563
-0.269012
-0.247431
-0.225824
-0.204192
-0.182537
-0.160862
-0.139169
-0.117459
-0.0957361
-0.074001
-0.0522564
-0.0305043
-0.00874706
0.0130133
0.0347745
0.0565343
0.0782908
0.100042
0.121784
0.143517
0.165238
0.186945
0.208634
0.230306
0.251956
0.273583
0.295185
0.31676
0.338305
0.359819
0.381298
0.402742
0.424148
0.445513
0.466836
0.488114
0.509346
0.530529
0.551661
0.57274
0.593763
0.61473
0.635637
0.656483
0.677265
0.697981
0.71863
0.739208
0.759715
0.780148
0.800506
0.820785
0.840984
0.861101
0.881133
0.90108
0.920939
0.940707
0.960384
0.979966
0.999452
1.01884
1.03813
1.05732
1.0764
1.09538
1.11424
1.133
1.15165
1.17019
1.18861
1.20691
1.22509
1.24316
1.2611
1.27892
1.29661
1.31417
1.3316
1.3489
1.36607
1.3831
1.4
1.41676
1.43338
1.44985
1.46619
1.48238
1.49842
1.51431
1.53006
1.54565
1.56109
1.57637
1.5915
1.60647
1.62128
1.63593
1.65042
1.66475
1.67891
1.6929
1.70673
1.72039
1.73387
1.74719
1.76033
1.77329
1.78608
1.7987
1.81113
1.82338
1.83546
1.84735
1.85905
1.87058
1.88191
1.89306
1.90402
1.9148
1.92538
1.93577
1.94596
1.95597
1.96578
1.97539
1.98481
1.99403
2.00305
2.01187
2.02049
2.02891
2.03713
2.04515
2.05296
2.06057
2.06797
2.07516
2.08215
2.08893
2.09551
2.10187
2.10803
2.11397
2.1197
2.12523
2.13054
2.13563
2.14052
2.14519
2.14965
2.15389
2.15792
2.16173
2.16533
2.16871
2.17187
2.17482
2.17755
2.18006
2.18235
2.18443
2.18629
2.18793
2.18935
2.19055
2.19154
2.1923
2.19285
2.19317
2.19328
2.19317
2.19283
2.19228
2.19151
2.19052
2.18931
2.18789
2.18624
2.18437
2.18229
2.17999
2.17747
2.17473
2.17177
2.1686
2.1652
2.1616
2.15777
2.15373
2.14947
2.145
2.14032
2.13541
2.1303
2.12497
2.11943
2.11367
2.10771
2.10153
2.09514
2.08854
2.08173
2.07472
2.06749
2.06006
2.05242
2.04457
2.03652
2.02827
2.01981
2.01115
2.00228
1.99322
1.98395
1.97449
1.96483
1.95497
1.94491
1.93466
1.92421
1.91357
1.90274
1.89171
1.8805
1.8691
1.8575
1.84573
1.83376
1.82161
1.80928
1.79677
1.78407
1.7712
1.75814
1.74491
1.73151
1.71793
1.70417
1.69025
1.67615
1.66189
1.64745
1.63285
1.61809
1.60316
1.58808
1.57283
1.55742
1.54185
1.52613
1.51026
1.49423
1.47805
1.46172
1.44525
1.42863
1.41186
1.39495
1.3779
1.36071
1.34338
1.32592
1.30832
1.29059
1.27273
1.25474
1.23662
1.21837
1.20001
1.18152
1.16291
1.14418
1.12534
1.10638
1.08731
1.06813
1.04884
1.02944
1.00994
0.990336
0.970631
0.950826
0.930925
0.910928
0.890838
0.870658
0.850388
0.830031
0.809589
0.789064
0.768458
0.747773
0.727011
0.706175
0.685266
0.664286
0.643238
0.622123
0.600944
0.579703
0.558401
0.537042
0.515627
0.494158
0.472637
0.451067
0.42945
0.407788
0.386083
0.364337
0.342552
0.320731
0.298876
0.276989
0.255071
0.233127
0.211156
0.189162
0.167148
0.145114
0.123063
0.100998
0.078921
0.0568336
0.0347383
0.0126373
-0.00946715
-0.0315729
-0.0536776
-0.0757793
-0.0978755
-0.119964
-0.142043
-0.16411
-0.186163
-0.208199
-0.230217
-0.252213
-0.274187
-0.296136
-0.318057
-0.339948
-0.361808
-0.383634
-0.405424
-0.427175
-0.448885
-0.470553
-0.492176
-0.513752
-0.535279
-0.556755
-0.578177
-0.599543
-0.620851
-0.6421
-0.663286
-0.684408
-0.705464
-0.726451
-0.747368
-0.768212
-0.788982
-0.809674
-0.830288
-0.850821
-0.871271
-0.891635
-0.911913
-0.932101
-0.952198
-0.972202
-0.992111
-1.01192
-1.03163
-1.05125
-1.07075
-1.09016
-1.10945
-1.12864
-1.14771
-1.16668
-1.18553
-1.20426
-1.22287
-1.24136
-1.25973
-1.27798
-1.2961
-1.31409
-1.33195
-1.34969
-1.36728
-1.38475
-1.40207
-1.41926
-1.43631
-1.45321
-1.46998
-1.48659
-1.50306
-1.51938
-1.53556
-1.55157
-1.56744
-1.58315
-1.5987
-1.6141
-1.62933
-1.64441
-1.65932
-1.67407
-1.68865
-1.70306
-1.7173
-1.73138
-1.74528
-1.75901
-1.77256
-1.78594
-1.79914
-1.81217
-1.82501
-1.83767
-1.85015
-1.86245
-1.87456
-1.88648
-1.89822
-1.90977
-1.92112
-1.93229
-1.94327
-1.95405
-1.96464
-1.97503
-1.98522
-1.99522
-2.00502
-2.01462
-2.02402
-2.03322
-2.04222
-2.05101
-2.0596
-2.06798
-2.07616
-2.08413
-2.09189
-2.09944
-2.10679
-2.11393
-2.12085
-2.12756
-2.13406
-2.14035
-2.14643
-2.15229
-2.15793
-2.16337
-2.16858
-2.17358
-2.17836
-2.18293
-2.18727
-2.1914
-2.19531
-2.199
-2.20247
-2.20573
-2.20876
-2.21157
-2.21416
-2.21652
-2.21867
-2.2206
-2.2223
-2.22378
-2.22504
-2.22608
-2.22689
-2.22748
-2.22785
-2.228
-2.22792
-2.22762
-2.2271
-2.22636
-2.22539
-2.2242
-2.22279
-2.22115
-2.21929
-2.21721
-2.21491
-2.21239
-2.20964
-2.20668
-2.20349
-2.20008
-2.19646
-2.19261
-2.18854
-2.18425
-2.17975
-2.17502
-2.17008
-2.16492
-2.15955
-2.15395
-2.14814
-2.14212
-2.13588
-2.12943
-2.12276
-2.11588
-2.10879
-2.10148
-2.09397
-2.08624
-2.07831
-2.07017
-2.06182
-2.05326
-2.04449
-2.03552
-2.02635
-2.01697
-2.00739
-1.99761
-1.98763
-1.97745
-1.96707
-1.95649
-1.94571
-1.93474
-1.92358
-1.91222
-1.90067
-1.88892
-1.87699
-1.86487
-1.85256
-1.84006
-1.82738
-1.81452
-1.80147
-1.78824
-1.77483
-1.76124
-1.74748
-1.73354
-1.71942
-1.70513
-1.69067
-1.67604
-1.66123
-1.64627
-1.63113
-1.61583
-1.60037
-1.58474
-1.56896
-1.55302
-1.53692
-1.52066
-1.50425
-1.48769
-1.47098
-1.45412
-1.43711
-1.41996
-1.40266
-1.38523
-1.36765
-1.34993
-1.33208
-1.31409
-1.29596
-1.27771
-1.25933
-1.24082
-1.22218
-1.20342
-1.18454
-1.16553
-1.14641
-1.12717
-1.10782
-1.08835
-1.06878
-1.04909
-1.0293
-1.0094
-0.989402
-0.969301
-0.949101
-0.928804
-0.908412
-0.887928
-0.867352
-0.846688
-0.825937
-0.805101
-0.784183
-0.763184
-0.742106
-0.720953
-0.699725
-0.678425
-0.657055
-0.635617
-0.614114
-0.592547
-0.570919
-0.549231
-0.527486
-0.505687
-0.483834
-0.461931
-0.43998
-0.417982
-0.395941
-0.373857
-0.351734
-0.329574
-0.307378
-0.28515
-0.262891
-0.240603
-0.218289
-0.195951
-0.173591
-0.151212
-0.128815
-0.106403
-0.0839779
-0.0615424
-0.0390985
-0.0166484
0.00580553
0.0282612
0.0507162
0.0731684
0.0956156
0.118055
0.140486
0.162904
0.185309
0.207697
0.230066
0.252415
0.274741
0.297042
0.319315
0.341558
0.363769
0.385947
0.408088
0.43019
0.452252
0.47427
0.496243
0.518169
0.540046
0.56187
0.58364
0.605355
0.62701
0.648606
0.670138
0.691606
0.713007
0.734339
0.755599
0.776786
0.797897
0.818931
0.839884
0.860756
0.881544
0.902246
0.92286
0.943383
0.963815
0.984151
1.00439
1.02453
1.04458
1.06451
1.08435
1.10408
1.1237
1.14321
1.1626
1.18189
1.20105
1.2201
1.23903
1.25784
1.27652
1.29507
1.3135
1.3318
1.34997
1.36801
1.38591
1.40367
1.42129
1.43878
1.45612
1.47332
1.49037
1.50727
1.52403
1.54064
1.55709
1.57339
1.58953
1.60552
1.62134
1.63701
1.65251
1.66785
1.68303
1.69804
1.71288
1.72755
1.74205
1.75637
1.77053
1.7845
1.7983
1.81192
1.82536
1.83862
1.8517
1.86459
1.8773
1.88982
1.90216
1.9143
1.92626
1.93802
1.94959
1.96097
1.97215
1.98314
1.99393
2.00452
2.01491
2.0251
2.03509
2.04488
2.05446
2.06384
2.07301
2.08198
2.09074
2.09929
2.10763
2.11576
2.12368
2.13139
2.13889
2.14618
2.15325
2.1601
2.16674
2.17317
2.17938
2.18537
2.19114
2.19669
2.20203
2.20715
2.21204
2.21671
2.22117
2.2254
2.22941
2.2332
2.23676
2.2401
2.24322
2.24611
2.24878
2.25122
2.25344
2.25544
2.25721
2.25875
2.26007
2.26116
2.26202
2.26266
2.26308
2.26326
2.26322
2.26296
2.26247
2.26175
2.2608
2.25963
2.25824
2.25661
2.25476
2.25269
2.25039
2.24787
2.24512
2.24214
2.23894
2.23552
2.23187
2.228
2.22391
2.21959
2.21505
2.21029
2.20531
2.2001
2.19468
2.18903
2.18317
2.17709
2.17079
2.16427
2.15753
2.15058
2.14341
2.13603
2.12843
2.12062
2.1126
2.10436
2.09591
2.08725
2.07839
2.06931
2.06003
2.05054
2.04084
2.03094
2.02083
2.01052
2.00001
1.9893
1.97839
1.96728
1.95597
1.94446
1.93276
1.92087
1.90878
1.8965
1.88402
1.87136
1.85851
1.84548
1.83225
1.81885
1.80526
1.79148
1.77753
1.7634
1.74909
1.7346
1.71994
1.70511
1.6901
1.67492
1.65958
1.64406
1.62838
1.61254
1.59653
1.58036
1.56404
1.54755
1.53091
1.51411
1.49716
1.48006
1.46281
1.44541
1.42786
1.41017
1.39234
1.37437
1.35625
1.338
1.31962
1.3011
1.28244
1.26366
1.24475
1.22572
1.20655
1.18727
1.16787
1.14834
1.1287
1.10895
1.08908
1.0691
1.04902
1.02882
1.00852
0.98812
0.967617
0.947015
0.926317
0.905524
0.884638
0.863662
0.842597
0.821446
0.80021
0.778893
0.757495
0.73602
0.714468
0.692843
0.671147
0.649382
0.627549
0.605651
0.583691
0.56167
0.539591
0.517455
0.495266
0.473024
0.450734
0.428396
0.406013
0.383587
0.36112
0.338615
0.316074
0.293499
0.270893
0.248257
0.225594
0.202906
0.180196
0.157466
0.134717
0.111953
0.0891748
0.0663858
0.0435879
0.0207833
-0.00202566
-0.0248367
-0.0476475
-0.0704558
-0.0932594
-0.116056
-0.138843
-0.161619
-0.18438
-0.207126
-0.229853
-0.252559
-0.275243
-0.297901
-0.320532
-0.343132
-0.365701
-0.388236
-0.410734
-0.433193
-0.455611
-0.477985
-0.500314
-0.522596
-0.544827
-0.567006
-0.589131
-0.611198
-0.633207
-0.655155
-0.67704
-0.698859
-0.72061
-0.742291
-0.763901
-0.785436
-0.806894
-0.828275
-0.849574
-0.870791
-0.891922
-0.912967
-0.933922
-0.954787
-0.975557
-0.996233
-1.01681
-1.03729
-1.05766
-1.07794
-1.0981
-1.11816
-1.13811
-1.15795
-1.17767
-1.19728
-1.21677
-1.23614
-1.25539
-1.27452
-1.29352
-1.31239
-1.33113
-1.34974
-1.36822
-1.38656
-1.40477
-1.42284
-1.44077
-1.45855
-1.47619
-1.49369
-1.51103
-1.52823
-1.54528
-1.56217
-1.57891
-1.5955
-1.61192
-1.62819
-1.64429
-1.66024
-1.67601
-1.69163
-1.70707
-1.72235
-1.73745
-1.75238
-1.76714
-1.78172
-1.79613
-1.81036
-1.82441
-1.83827
-1.85196
-1.86546
-1.87877
-1.8919
-1.90485
-1.9176
-1.93016
-1.94253
-1.95471
-1.96669
-1.97848
-1.99007
-2.00146
-2.01266
-2.02365
-2.03444
-2.04503
-2.05542
-2.0656
-2.07558
-2.08535
-2.09491
-2.10426
-2.11341
-2.12234
-2.13106
-2.13958
-2.14787
-2.15596
-2.16382
-2.17148
-2.17891
-2.18613
-2.19314
-2.19992
-2.20648
-2.21283
-2.21895
-2.22485
-2.23053
-2.23599
-2.24122
-2.24623
-2.25102
-2.25558
-2.25992
-2.26403
-2.26791
-2.27157
-2.27501
-2.27821
-2.28119
-2.28394
-2.28646
-2.28875
-2.29082
-2.29265
-2.29426
-2.29564
-2.29678
-2.2977
-2.29839
-2.29885
-2.29908
-2.29908
-2.29885
-2.29839
-2.2977
-2.29677
-2.29562
-2.29424
-2.29264
-2.2908
-2.28873
-2.28643
-2.28391
-2.28115
-2.27817
-2.27496
-2.27152
-2.26785
-2.26396
-2.25984
-2.25549
-2.25092
-2.24612
-2.24109
-2.23585
-2.23037
-2.22468
-2.21876
-2.21262
-2.20625
-2.19967
-2.19287
-2.18584
-2.1786
-2.17113
-2.16345
-2.15555
-2.14744
-2.13911
-2.13057
-2.12181
-2.11284
-2.10365
-2.09426
-2.08465
-2.07484
-2.06481
-2.05458
-2.04415
-2.0335
-2.02266
-2.01161
-2.00035
-1.9889
-1.97725
-1.96539
-1.95334
-1.9411
-1.92865
-1.91602
-1.90319
-1.89017
-1.87695
-1.86355
-1.84997
-1.83619
-1.82223
-1.80809
-1.79376
-1.77926
-1.76457
-1.74971
-1.73467
-1.71946
-1.70407
-1.68851
-1.67278
-1.65688
-1.64081
-1.62458
-1.60818
-1.59162
-1.5749
-1.55802
-1.54099
-1.5238
-1.50645
-1.48895
-1.4713
-1.4535
-1.43556
-1.41747
-1.39923
-1.38086
-1.36234
-1.34369
-1.3249
-1.30597
-1.28692
-1.26773
-1.24841
-1.22897
-1.2094
-1.18971
-1.1699
-1.14997
-1.12992
-1.10976
-1.08948
-1.06909
-1.0486
-1.028
-1.00729
-0.986478
-0.965567
-0.944558
-0.923452
-0.902251
-0.880958
-0.859575
-0.838104
-0.816546
-0.794905
-0.773183
-0.75138
-0.729501
-0.707546
-0.685519
-0.66342
-0.641253
-0.61902
-0.596723
-0.574363
-0.551944
-0.529468
-0.506936
-0.484352
-0.461717
-0.439033
-0.416303
-0.393529
-0.370714
-0.347859
-0.324967
-0.302041
-0.279082
-0.256092
-0.233075
-0.210032
-0.186966
-0.163879
-0.140773
-0.117651
-0.0945149
-0.0713669
-0.0482094
-0.0250448
-0.0018753
0.0212967
0.0444688
0.0676388
0.0908044
0.113963
0.137113
0.160251
0.183376
0.206484
0.229575
0.252644
0.275691
0.298712
0.321706
0.34467
0.367602
0.390499
0.41336
0.436181
0.458961
0.481698
0.504389
0.527031
0.549623
0.572162
0.594647
0.617074
0.639442
0.661748
0.68399
0.706165
0.728273
0.75031
0.772274
0.794163
0.815975
0.837707
0.859358
0.880925
0.902406
0.923799
0.945101
0.966312
0.987427
1.00845
1.02937
1.05019
1.0709
1.09151
1.11202
1.13241
1.1527
1.17287
1.19293
1.21286
1.23268
1.25238
1.27196
1.2914
1.31073
1.32992
1.34898
1.36791
1.3867
1.40536
1.42388
1.44226
1.46049
1.47859
1.49653
1.51433
1.53198
1.54947
1.56682
1.584
1.60104
1.61791
1.63462
1.65117
1.66756
1.68378
1.69984
1.71573
1.73145
1.74699
1.76236
1.77756
1.79258
1.80743
1.82209
1.83658
1.85088
1.865
1.87893
1.89268
1.90624
1.91961
1.93279
1.94577
1.95857
1.97116
1.98357
1.99577
2.00778
2.01959
2.0312
2.0426
2.05381
2.0648
2.0756
2.08618
2.09656
2.10673
2.11669
2.12644
2.13598
2.14531
2.15442
2.16331
2.172
2.18046
2.18871
2.19674
2.20455
2.21214
2.21951
2.22666
2.23359
2.2403
2.24678
2.25304
2.25907
2.26488
2.27046
2.27582
2.28095
2.28585
2.29052
2.29496
2.29918
2.30317
2.30692
2.31045
2.31374
2.31681
2.31964
2.32224
2.32461
2.32674
2.32865
2.33032
2.33176
2.33296
2.33394
2.33468
2.33518
2.33545
2.33549
2.3353
2.33487
2.33421
2.33331
2.33218
2.33082
2.32923
2.3274
2.32534
2.32304
2.32052
2.31776
2.31477
2.31154
2.30809
2.3044
2.30049
2.29634
2.29196
2.28736
2.28252
2.27746
2.27216
2.26664
2.2609
2.25492
2.24872
2.2423
2.23565
2.22877
2.22167
2.21435
2.20681
2.19904
2.19106
2.18285
2.17443
2.16578
2.15692
2.14785
2.13856
2.12905
2.11933
2.10939
2.09925
2.08889
2.07832
2.06755
2.05656
2.04537
2.03398
2.02238
2.01057
1.99857
1.98636
1.97395
1.96135
1.94854
1.93554
1.92235
1.90896
1.89538
1.88161
1.86765
1.8535
1.83917
1.82465
1.80994
1.79505
1.77999
1.76474
1.74931
1.73371
1.71793
1.70198
1.68586
1.66957
1.65311
1.63648
1.61969
1.60273
1.58561
1.56833
1.5509
1.5333
1.51555
1.49765
1.47959
1.46139
1.44304
1.42454
1.4059
1.38711
1.36819
1.34912
1.32992
1.31059
1.29112
1.27152
1.25179
1.23193
1.21195
1.19184
1.17162
1.15127
1.13081
1.11023
1.08954
1.06874
1.04783
1.02681
1.00569
0.984467
0.963141
0.941718
0.920197
0.898583
0.876877
0.855081
0.833197
0.811227
0.789175
0.767041
0.744828
0.722539
0.700175
0.677739
0.655232
0.632658
0.610019
0.587316
0.564552
0.54173
0.518851
0.495918
0.472933
0.449898
0.426816
0.403689
0.38052
0.35731
0.334062
0.310778
0.287461
0.264113
0.240736
0.217332
0.193905
0.170456
0.146987
0.123502
0.100001
0.0764888
0.0529661
0.0294358
0.00590021
-0.0176383
-0.0411775
-0.0647148
-0.0882481
-0.111775
-0.135293
-0.1588
-0.182293
-0.20577
-0.229229
-0.252668
-0.276084
-0.299474
-0.322837
-0.346169
-0.36947
-0.392736
-0.415965
-0.439155
-0.462303
-0.485407
-0.508465
-0.531474
-0.554433
-0.577338
-0.600188
-0.62298
-0.645713
-0.668383
-0.690988
-0.713526
-0.735996
-0.758394
-0.780718
-0.802967
-0.825138
-0.847228
-0.869236
-0.891159
-0.912995
-0.934742
-0.956397
-0.97796
-0.999426
-1.02079
-1.04206
-1.06323
-1.08429
-1.10525
-1.1261
-1.14683
-1.16746
-1.18797
-1.20836
-1.22864
-1.24879
-1.26882
-1.28873
-1.30851
-1.32816
-1.34768
-1.36706
-1.38631
-1.40543
-1.4244
-1.44324
-1.46193
-1.48048
-1.49889
-1.51714
-1.53524
-1.5532
-1.571
-1.58864
-1.60613
-1.62346
-1.64063
-1.65763
-1.67447
-1.69115
-1.70766
-1.72399
-1.74016
-1.75616
-1.77198
-1.78763
-1.8031
-1.81839
-1.8335
-1.84842
-1.86317
-1.87773
-1.8921
-1.90629
-1.92029
-1.93409
-1.94771
-1.96113
-1.97435
-1.98738
-2.00021
-2.01285
-2.02528
-2.03751
-2.04954
-2.06137
-2.07299
-2.0844
-2.09561
-2.10661
-2.1174
-2.12798
-2.13835
-2.1485
-2.15844
-2.16817
-2.17768
-2.18697
-2.19604
-2.2049
-2.21354
-2.22195
-2.23015
-2.23812
-2.24587
-2.2534
-2.2607
-2.26778
-2.27463
-2.28125
-2.28764
-2.29381
-2.29975
-2.30546
-2.31094
-2.31619
-2.32121
-2.32599
-2.33055
-2.33487
-2.33896
-2.34281
-2.34643
-2.34982
-2.35297
-2.35589
-2.35857
-2.36102
-2.36323
-2.3652
-2.36694
-2.36844
-2.36971
-2.37074
-2.37153
-2.37208
-2.3724
-2.37248
-2.37232
-2.37192
-2.37129
-2.37042
-2.36932
-2.36797
-2.36639
-2.36458
-2.36252
-2.36023
-2.35771
-2.35494
-2.35194
-2.34871
-2.34524
-2.34154
-2.3376
-2.33343
-2.32902
-2.32438
-2.31951
-2.3144
-2.30907
-2.3035
-2.2977
-2.29167
-2.28541
-2.27892
-2.2722
-2.26526
-2.25809
-2.25069
-2.24306
-2.23521
-2.22714
-2.21884
-2.21032
-2.20158
-2.19262
-2.18343
-2.17403
-2.16441
-2.15457
-2.14452
-2.13425
-2.12376
-2.11306
-2.10215
-2.09103
-2.0797
-2.06816
-2.05641
-2.04445
-2.03229
-2.01993
-2.00736
-1.99459
-1.98161
-1.96844
-1.95507
-1.94151
-1.92774
-1.91379
-1.89964
-1.8853
-1.87077
-1.85605
-1.84114
-1.82605
-1.81078
-1.79532
-1.77968
-1.76386
-1.74787
-1.73169
-1.71534
-1.69882
-1.68213
-1.66527
-1.64824
-1.63104
-1.61368
-1.59615
-1.57847
-1.56062
-1.54262
-1.52446
-1.50614
-1.48768
-1.46906
-1.45029
-1.43138
-1.41232
-1.39312
-1.37378
-1.3543
-1.33468
-1.31492
-1.29504
-1.27502
-1.25487
-1.23459
-1.21419
-1.19366
-1.17302
-1.15225
-1.13137
-1.11037
-1.08926
-1.06803
-1.0467
-1.02526
-1.00372
-0.982074
-0.960328
-0.938483
-0.916543
-0.894508
-0.872383
-0.850167
-0.827865
-0.805477
-0.783007
-0.760456
-0.737826
-0.715121
-0.692342
-0.669491
-0.646571
-0.623585
-0.600533
-0.577419
-0.554246
-0.531014
-0.507727
-0.484387
-0.460996
-0.437557
-0.414071
-0.390542
-0.366971
-0.343362
-0.319715
-0.296035
-0.272322
-0.24858
-0.22481
-0.201016
-0.177199
-0.153362
-0.129508
-0.105638
-0.0817546
-0.0578611
-0.0339595
-0.010052
0.0138589
0.0377707
0.0616812
0.0855879
0.109488
0.13338
0.157261
0.181129
0.204981
0.228815
0.252628
0.276419
0.300184
0.323922
0.347629
0.371304
0.394945
0.418548
0.442112
0.465634
0.489111
0.512542
0.535925
0.559256
0.582533
0.605754
0.628918
0.65202
0.67506
0.698034
0.720941
0.743779
0.766544
0.789235
0.811849
0.834384
0.856838
0.879208
0.901493
0.92369
0.945797
0.967811
0.989731
1.01155
1.03328
1.0549
1.07642
1.09784
1.11914
1.14034
1.16142
1.18239
1.20325
1.22398
1.2446
1.26509
1.28546
1.30571
1.32582
1.3458
1.36565
1.38537
1.40495
1.42439
1.44369
1.46285
1.48187
1.50073
1.51945
1.53802
1.55644
1.5747
1.59281
1.61076
1.62855
1.64618
1.66365
1.68095
1.69809
1.71506
1.73186
1.74848
1.76494
1.78122
1.79732
1.81324
1.82899
1.84455
1.85993
1.87513
1.89014
1.90496
1.91959
1.93404
1.94829
1.96234
1.97621
1.98987
2.00334
2.01661
2.02968
2.04255
2.05521
2.06768
2.07993
2.09198
2.10382
2.11545
2.12687
2.13808
2.14908
2.15986
2.17043
2.18078
2.19091
2.20083
2.21053
2.22001
2.22926
2.2383
2.24711
2.2557
2.26406
2.2722
2.28011
2.28779
2.29525
2.30247
2.30947
2.31624
2.32278
2.32908
2.33515
2.34099
2.3466
2.35197
2.35711
2.36201
2.36668
2.37111
2.3753
2.37926
2.38297
2.38646
2.3897
2.3927
2.39547
2.39799
2.40028
2.40233
2.40413
2.4057
2.40702
2.40811
2.40895
2.40956
2.40992
2.41004
2.40992
2.40956
2.40896
2.40812
2.40704
2.40571
2.40415
2.40234
2.4003
2.39801
2.39548
2.39272
2.38971
2.38647
2.38299
2.37926
2.3753
2.3711
2.36667
2.362
2.35709
2.35194
2.34656
2.34094
2.33509
2.32901
2.32269
2.31613
2.30935
2.30233
2.29509
2.28761
2.2799
2.27197
2.26381
2.25542
2.2468
2.23796
2.22889
2.2196
2.21009
2.20035
2.19039
2.18022
2.16982
2.15921
2.14838
2.13733
2.12607
2.11459
2.10291
2.09101
2.0789
2.06658
2.05405
2.04132
2.02838
2.01524
2.00189
1.98834
1.9746
1.96065
1.94651
1.93217
1.91763
1.90291
1.88799
1.87288
1.85758
1.84209
1.82642
1.81057
1.79453
1.77831
1.76191
1.74533
1.72858
1.71165
1.69455
1.67728
1.65984
1.64223
1.62446
1.60652
1.58842
1.57015
1.55173
1.53316
1.51442
1.49554
1.4765
1.45731
1.43798
1.4185
1.39887
1.37911
1.3592
1.33916
1.31898
1.29866
1.27822
1.25764
1.23694
1.21611
1.19516
1.17408
1.15289
1.13158
1.11015
1.08861
1.06696
1.0452
1.02333
1.00136
0.979288
0.957114
0.934843
0.912476
0.890015
0.867464
0.844823
0.822095
0.799283
0.776389
0.753415
0.730363
0.707236
0.684036
0.660765
0.637425
0.61402
0.590551
0.56702
0.543431
0.519784
0.496084
0.472331
0.448529
0.424679
0.400785
0.376848
0.352871
0.328857
0.304807
0.280724
0.256611
0.23247
0.208303
0.184113
0.159902
0.135672
0.111427
0.0871678
0.0628977
0.0386188
0.0143337
-0.00995531
-0.0342457
-0.0585352
-0.0828212
-0.107101
-0.131373
-0.155634
-0.179882
-0.204115
-0.228329
-0.252523
-0.276695
-0.300841
-0.324959
-0.349047
-0.373103
-0.397124
-0.421107
-0.445051
-0.468953
-0.49281
-0.51662
-0.540381
-0.56409
-0.587746
-0.611345
-0.634885
-0.658364
-0.681779
-0.705129
-0.72841
-0.751621
-0.77476
-0.797823
-0.820808
-0.843714
-0.866537
-0.889277
-0.911929
-0.934493
-0.956965
-0.979344
-1.00163
-1.02381
-1.0459
-1.06788
-1.08976
-1.11153
-1.13319
-1.15474
-1.17618
-1.19751
-1.21871
-1.2398
-1.26076
-1.2816
-1.30231
-1.3229
-1.34335
-1.36367
-1.38386
-1.40391
-1.42383
-1.4436
-1.46323
-1.48272
-1.50206
-1.52125
-1.54029
-1.55918
-1.57792
-1.5965
-1.61492
-1.63318
-1.65128
-1.66922
-1.68699
-1.70459
-1.72203
-1.7393
-1.75639
-1.77331
-1.79005
-1.80662
-1.82301
-1.83922
-1.85524
-1.87108
-1.88674
-1.90221
-1.91749
-1.93258
-1.94747
-1.96218
-1.97669
-1.991
-2.00512
-2.01903
-2.03275
-2.04626
-2.05958
-2.07268
-2.08558
-2.09828
-2.11076
-2.12304
-2.1351
-2.14695
-2.15859
-2.17001
-2.18122
-2.19221
-2.20298
-2.21354
-2.22387
-2.23398
-2.24387
-2.25353
-2.26298
-2.27219
-2.28118
-2.28994
-2.29848
-2.30678
-2.31486
-2.3227
-2.33032
-2.3377
-2.34484
-2.35176
-2.35844
-2.36488
-2.37109
-2.37706
-2.3828
-2.3883
-2.39356
-2.39858
-2.40336
-2.4079
-2.4122
-2.41626
-2.42008
-2.42365
-2.42699
-2.43008
-2.43293
-2.43554
-2.4379
-2.44002
-2.4419
-2.44353
-2.44492
-2.44606
-2.44696
-2.44762
-2.44803
-2.44819
-2.44811
-2.44779
-2.44722
-2.44641
-2.44535
-2.44404
-2.4425
-2.4407
-2.43867
-2.43639
-2.43386
-2.43109
-2.42808
-2.42483
-2.42133
-2.41759
-2.41361
-2.40938
-2.40492
-2.40021
-2.39527
-2.39008
-2.38465
-2.37899
-2.37309
-2.36694
-2.36056
-2.35395
-2.3471
-2.34001
-2.33269
-2.32513
-2.31734
-2.30932
-2.30107
-2.29259
-2.28387
-2.27493
-2.26576
-2.25636
-2.24673
-2.23688
-2.2268
-2.2165
-2.20598
-2.19524
-2.18427
-2.17309
-2.16168
-2.15006
-2.13823
-2.12618
-2.11391
-2.10143
-2.08874
-2.07585
-2.06274
-2.04942
-2.0359
-2.02217
-2.00824
-1.99411
-1.97978
-1.96524
-1.95051
-1.93558
-1.92046
-1.90515
-1.88964
-1.87394
-1.85805
-1.84198
-1.82572
-1.80927
-1.79264
-1.77583
-1.75885
-1.74168
-1.72434
-1.70683
-1.68914
-1.67128
-1.65325
-1.63506
-1.6167
-1.59817
-1.57949
-1.56064
-1.54164
-1.52248
-1.50317
-1.4837
-1.46409
-1.44432
-1.42441
-1.40436
-1.38416
-1.36382
-1.34335
-1.32273
-1.30199
-1.28111
-1.2601
-1.23896
-1.2177
-1.19631
-1.1748
-1.15317
-1.13143
-1.10957
-1.08759
-1.06551
-1.04331
-1.02101
-0.998605
-0.976097
-0.95349
-0.930785
-0.907985
-0.885092
-0.862108
-0.839035
-0.815876
-0.792634
-0.769309
-0.745906
-0.722425
-0.69887
-0.675243
-0.651546
-0.627781
-0.603951
-0.580059
-0.556106
-0.532094
-0.508028
-0.483908
-0.459737
-0.435518
-0.411253
-0.386945
-0.362595
-0.338206
-0.313782
-0.289323
-0.264833
-0.240315
-0.215769
-0.1912
-0.166609
-0.141999
-0.117372
-0.0927315
-0.0680789
-0.043417
-0.0187483
0.00592474
0.0305997
0.055274
0.0799452
0.104611
0.129269
0.153916
0.17855
0.203169
0.22777
0.252351
0.276909
0.301442
0.325947
0.350422
0.374864
0.399272
0.423641
0.447971
0.472259
0.496502
0.520697
0.544843
0.568937
0.592976
0.616958
0.640882
0.664743
0.68854
0.712271
0.735933
0.759524
0.783041
0.806482
0.829845
0.853127
0.876327
0.899441
0.922467
0.945403
0.968248
0.990997
1.01365
1.0362
1.05866
1.081
1.10325
1.12538
1.14741
1.16932
1.19112
1.2128
1.23436
1.2558
1.27711
1.2983
1.31937
1.3403
1.3611
1.38177
1.4023
1.42269
1.44295
1.46306
1.48302
1.50284
1.52251
1.54204
1.5614
1.58062
1.59968
1.61858
1.63732
1.6559
1.67431
1.69256
1.71064
1.72856
1.7463
1.76387
1.78126
1.79848
1.81552
1.83238
1.84906
1.86555
1.88186
1.89799
1.91392
1.92967
1.94522
1.96058
1.97575
1.99072
2.00549
2.02007
2.03444
2.04861
2.06258
2.07635
2.0899
2.10325
2.11639
2.12932
2.14204
2.15455
2.16684
2.17891
2.19077
2.20241
2.21384
2.22504
2.23602
2.24678
2.25731
2.26762
2.2777
2.28756
2.29719
2.30659
2.31576
2.3247
2.33341
2.34189
2.35013
2.35814
2.36591
2.37345
2.38075
2.38782
2.39464
2.40123
2.40758
2.41368
2.41955
2.42518
2.43056
2.4357
2.4406
2.44525
2.44966
2.45383
2.45775
2.46143
2.46485
2.46804
2.47098
2.47367
2.47611
2.4783
2.48025
2.48195
2.4834
2.48461
2.48556
2.48627
2.48673
2.48694
2.4869
2.48661
2.48608
2.48529
2.48426
2.48298
2.48145
2.47967
2.47764
2.47537
2.47285
2.47008
2.46706
2.4638
2.46028
2.45653
2.45252
2.44827
2.44378
2.43904
2.43406
2.42883
2.42336
2.41765
2.41169
2.40549
2.39905
2.39237
2.38545
2.3783
2.3709
2.36326
2.35539
2.34728
2.33894
2.33036
2.32155
2.3125
2.30322
2.29372
2.28398
2.27401
2.26381
2.25339
2.24274
2.23186
2.22076
2.20944
2.19789
2.18612
2.17414
2.16193
2.14951
2.13687
2.12402
2.11095
2.09767
2.08418
2.07048
2.05657
2.04245
2.02813
2.01361
1.99888
1.98395
1.96882
1.95349
1.93796
1.92224
1.90633
1.89022
1.87392
1.85744
1.84076
1.8239
1.80686
1.78963
1.77223
1.75464
1.73688
1.71894
1.70083
1.68255
1.66409
1.64547
1.62668
1.60773
1.58861
1.56934
1.5499
1.53031
1.51056
1.49066
1.47061
1.45041
1.43006
1.40957
1.38893
1.36816
1.34724
1.32619
1.305
1.28368
1.26223
1.24065
1.21895
1.19712
1.17517
1.1531
1.13091
1.10861
1.08619
1.06366
1.04103
1.01829
0.995439
0.972491
0.949443
0.926298
0.903058
0.879726
0.856303
0.832792
0.809196
0.785516
0.761756
0.737917
0.714001
0.690012
0.665952
0.641822
0.617626
0.593366
0.569044
0.544663
0.520224
0.495732
0.471187
0.446593
0.421951
0.397265
0.372537
0.347769
0.322963
0.298123
0.273251
0.248349
0.223419
0.198465
0.173488
0.148492
0.123478
0.0984492
0.0734081
0.0483572
0.023299
-0.0017641
-0.0268295
-0.0518948
-0.0769573
-0.102015
-0.127064
-0.152104
-0.177131
-0.202142
-0.227136
-0.25211
-0.27706
-0.301986
-0.326884
-0.351752
-0.376587
-0.401387
-0.426149
-0.450871
-0.475551
-0.500185
-0.524772
-0.549309
-0.573793
-0.598223
-0.622595
-0.646907
-0.671157
-0.695343
-0.719461
-0.743509
-0.767486
-0.791388
-0.815214
-0.83896
-0.862625
-0.886206
-0.909701
-0.933107
-0.956423
-0.979644
-1.00277
-1.0258
-1.04873
-1.07155
-1.09427
-1.11689
-1.13939
-1.16178
-1.18406
-1.20622
-1.22827
-1.25019
-1.27199
-1.29367
-1.31521
-1.33663
-1.35792
-1.37907
-1.40009
-1.42097
-1.44171
-1.46231
-1.48276
-1.50307
-1.52323
-1.54324
-1.56309
-1.5828
-1.60234
-1.62173
-1.64096
-1.66002
-1.67892
-1.69766
-1.71622
-1.73462
-1.75285
-1.7709
-1.78878
-1.80648
-1.824
-1.84134
-1.8585
-1.87547
-1.89226
-1.90886
-1.92527
-1.94149
-1.95752
-1.97335
-1.98899
-2.00443
-2.01967
-2.03471
-2.04955
-2.06419
-2.07862
-2.09284
-2.10686
-2.12067
-2.13426
-2.14765
-2.16082
-2.17377
-2.18651
-2.19904
-2.21134
-2.22343
-2.23529
-2.24693
-2.25835
-2.26954
-2.28051
-2.29125
-2.30176
-2.31204
-2.32209
-2.33191
-2.3415
-2.35086
-2.35998
-2.36887
-2.37752
-2.38593
-2.39411
-2.40205
-2.40974
-2.4172
-2.42442
-2.43139
-2.43813
-2.44462
-2.45086
-2.45686
-2.46262
-2.46813
-2.47339
-2.47841
-2.48318
-2.4877
-2.49198
-2.496
-2.49978
-2.5033
-2.50658
-2.50961
-2.51238
-2.51491
-2.51718
-2.5192
-2.52097
-2.52249
-2.52375
-2.52477
-2.52553
-2.52604
-2.52629
-2.5263
-2.52605
-2.52555
-2.52479
-2.52379
-2.52253
-2.52102
-2.51925
-2.51724
-2.51497
-2.51245
-2.50968
-2.50666
-2.50338
-2.49986
-2.49608
-2.49206
-2.48779
-2.48326
-2.47849
-2.47347
-2.4682
-2.46269
-2.45692
-2.45092
-2.44466
-2.43816
-2.43142
-2.42443
-2.4172
-2.40973
-2.40201
-2.39406
-2.38586
-2.37742
-2.36875
-2.35984
-2.35069
-2.34131
-2.33169
-2.32183
-2.31174
-2.30143
-2.29088
-2.28009
-2.26908
-2.25785
-2.24638
-2.23469
-2.22278
-2.21064
-2.19828
-2.1857
-2.17289
-2.15987
-2.14664
-2.13318
-2.11952
-2.10563
-2.09154
-2.07724
-2.06272
-2.048
-2.03308
-2.01794
-2.00261
-1.98707
-1.97133
-1.9554
-1.93927
-1.92294
-1.90641
-1.8897
-1.87279
-1.8557
-1.83842
-1.82095
-1.8033
-1.78547
-1.76745
-1.74926
-1.73089
-1.71235
-1.69363
-1.67474
-1.65569
-1.63646
-1.61707
-1.59752
-1.5778
-1.55792
-1.53789
-1.5177
-1.49736
-1.47686
-1.45622
-1.43543
-1.41449
-1.39341
-1.37219
-1.35082
-1.32932
-1.30769
-1.28592
-1.26402
-1.242
-1.21984
-1.19757
-1.17517
-1.15265
-1.13001
-1.10726
-1.08439
-1.06142
-1.03834
-1.01514
-0.991851
-0.968455
-0.944961
-0.921369
-0.897683
-0.873905
-0.850037
-0.826082
-0.802041
-0.777918
-0.753715
-0.729434
-0.705078
-0.680649
-0.656149
-0.631581
-0.606948
-0.582251
-0.557494
-0.532678
-0.507807
-0.482882
-0.457907
-0.432883
-0.407814
-0.382701
-0.357548
-0.332356
-0.307129
-0.281868
-0.256576
-0.231257
-0.205911
-0.180543
-0.155154
-0.129747
-0.104324
-0.0788888
-0.0534428
-0.0279889
-0.00252969
0.0229323
0.0483946
0.0738546
0.0993097
0.124757
0.150195
0.175621
0.201031
0.226424
0.251796
0.277146
0.302471
0.327768
0.353035
0.378269
0.403468
0.428629
0.45375
0.478828
0.50386
0.528844
0.553779
0.57866
0.603486
0.628254
0.652961
0.677606
0.702186
0.726697
0.751139
0.775508
0.799801
0.824018
0.848154
0.872208
0.896177
0.920059
0.943851
0.967551
0.991157
1.01467
1.03808
1.06138
1.08459
1.10769
1.13068
1.15356
1.17632
1.19897
1.22151
1.24392
1.26621
1.28838
1.31042
1.33233
1.35411
1.37576
1.39727
1.41864
1.43988
1.46097
1.48192
1.50272
1.52337
1.54388
1.56423
1.58443
1.60447
1.62435
1.64407
1.66363
1.68303
1.70226
1.72132
1.74021
1.75892
1.77747
1.79584
1.81403
1.83204
1.84987
1.86751
1.88497
1.90225
1.91933
1.93623
1.95293
1.96944
1.98576
2.00188
2.0178
2.03351
2.04903
2.06435
2.07946
2.09436
2.10905
2.12354
2.13781
2.15187
2.16572
2.17936
2.19277
2.20597
2.21895
2.23171
2.24425
2.25656
2.26865
2.28051
2.29215
2.30356
2.31474
2.32569
2.3364
2.34689
2.35714
2.36716
2.37694
2.38648
2.39579
2.40486
2.41368
2.42227
2.43062
2.43872
2.44658
2.4542
2.46157
2.4687
2.47558
2.48222
2.4886
2.49474
2.50063
2.50627
2.51166
2.5168
2.52169
2.52633
2.53071
2.53484
2.53872
2.54235
2.54572
2.54883
2.5517
2.5543
2.55666
2.55875
2.56059
2.56218
2.56351
2.56458
2.5654
2.56596
2.56626
2.56631
2.5661
2.56564
2.56491
2.56393
2.5627
2.56121
2.55946
2.55745
2.55519
2.55268
2.54991
2.54688
2.5436
2.54006
2.53627
2.53222
2.52793
2.52337
2.51857
2.51351
2.5082
2.50264
2.49683
2.49077
2.48446
2.4779
2.47109
2.46404
2.45673
2.44918
2.44139
2.43335
2.42506
2.41653
2.40776
2.39875
2.3895
2.38001
2.37028
2.36031
2.3501
2.33966
2.32898
2.31807
2.30692
2.29555
2.28394
2.2721
2.26004
2.24775
2.23523
2.22249
2.20952
2.19633
2.18292
2.16929
2.15544
2.14138
2.1271
2.1126
2.0979
2.08298
2.06785
2.05252
2.03697
2.02122
2.00527
1.98912
1.97276
1.95621
1.93946
1.92251
1.90537
1.88804
1.87052
1.8528
1.83491
1.81682
1.79855
1.7801
1.76147
1.74267
1.72368
1.70453
1.6852
1.6657
1.64603
1.62619
1.60619
1.58603
1.5657
1.54522
1.52458
1.50379
1.48284
1.46175
1.4405
1.41911
1.39758
1.3759
1.35409
1.33213
1.31004
1.28782
1.26547
1.24298
1.22038
1.19764
1.17479
1.15181
1.12872
1.10551
1.08219
1.05876
1.03522
1.01158
0.987829
0.963979
0.940031
0.915986
0.891847
0.867616
0.843296
0.81889
0.794399
0.769827
0.745174
0.720445
0.695642
0.670766
0.645821
0.620809
0.595732
0.570593
0.545394
0.520139
0.494828
0.469466
0.444055
0.418596
0.393093
0.367548
0.341964
0.316343
0.290688
0.265001
0.239286
0.213543
0.187777
0.161989
0.136183
0.11036
0.0845242
0.058677
0.0328213
0.0069598
-0.018905
-0.0447705
-0.0706342
-0.0964933
-0.122345
-0.148188
-0.174018
-0.199833
-0.225631
-0.251409
-0.277165
-0.302895
-0.328598
-0.35427
-0.379909
-0.405514
-0.43108
-0.456605
-0.482087
-0.507524
-0.532913
-0.55825
-0.583535
-0.608763
-0.633934
-0.659043
-0.684089
-0.709069
-0.733981
-0.758822
-0.783589
-0.80828
-0.832894
-0.857426
-0.881875
-0.906238
-0.930513
-0.954698
-0.978789
-1.00279
-1.02668
-1.05048
-1.07418
-1.09777
-1.12125
-1.14462
-1.16788
-1.19103
-1.21406
-1.23697
-1.25976
-1.28242
-1.30496
-1.32737
-1.34965
-1.3718
-1.39381
-1.41569
-1.43743
-1.45902
-1.48047
-1.50178
-1.52293
-1.54394
-1.5648
-1.5855
-1.60604
-1.62642
-1.64665
-1.66671
-1.68661
-1.70634
-1.7259
-1.74529
-1.76451
-1.78356
-1.80242
-1.82111
-1.83962
-1.85795
-1.87609
-1.89405
-1.91182
-1.9294
-1.94679
-1.96398
-1.98099
-1.99779
-2.0144
-2.0308
-2.04701
-2.06301
-2.07881
-2.0944
-2.10979
-2.12496
-2.13992
-2.15467
-2.16921
-2.18353
-2.19764
-2.21152
-2.22519
-2.23863
-2.25186
-2.26486
-2.27763
-2.29018
-2.3025
-2.31459
-2.32645
-2.33808
-2.34947
-2.36063
-2.37156
-2.38225
-2.39271
-2.40292
-2.4129
-2.42263
-2.43213
-2.44138
-2.45039
-2.45916
-2.46768
-2.47595
-2.48398
-2.49176
-2.49929
-2.50657
-2.51361
-2.52039
-2.52692
-2.5332
-2.53922
-2.545
-2.55051
-2.55578
-2.56079
-2.56554
-2.57004
-2.57428
-2.57826
-2.58199
-2.58546
-2.58867
-2.59162
-2.59431
-2.59675
-2.59892
-2.60083
-2.60249
-2.60388
-2.60502
-2.60589
-2.60651
-2.60686
-2.60695
-2.60678
-2.60635
-2.60566
-2.60471
-2.6035
-2.60203
-2.6003
-2.59831
-2.59605
-2.59354
-2.59077
-2.58774
-2.58445
-2.5809
-2.57709
-2.57303
-2.56871
-2.56413
-2.55929
-2.5542
-2.54885
-2.54324
-2.53738
-2.53127
-2.5249
-2.51828
-2.51141
-2.50428
-2.4969
-2.48928
-2.4814
-2.47327
-2.4649
-2.45628
-2.44741
-2.4383
-2.42894
-2.41934
-2.4095
-2.39941
-2.38908
-2.37851
-2.36771
-2.35666
-2.34538
-2.33387
-2.32212
-2.31013
-2.29792
-2.28547
-2.27279
-2.25988
-2.24675
-2.23339
-2.21981
-2.206
-2.19197
-2.17772
-2.16325
-2.14857
-2.13366
-2.11854
-2.10321
-2.08767
-2.07192
-2.05595
-2.03978
-2.02341
-2.00683
-1.99005
-1.97307
-1.95589
-1.93851
-1.92093
-1.90316
-1.8852
-1.86705
-1.84872
-1.83019
-1.81148
-1.79259
-1.77351
-1.75426
-1.73483
-1.71522
-1.69544
-1.67549
-1.65537
-1.63508
-1.61462
-1.59401
-1.57323
-1.55229
-1.53119
-1.50994
-1.48854
-1.46698
-1.44528
-1.42343
-1.40143
-1.37929
-1.35702
-1.3346
-1.31205
-1.28936
-1.26655
-1.2436
-1.22053
-1.19734
-1.17402
-1.15058
-1.12702
-1.10335
-1.07957
-1.05568
-1.03168
-1.00757
-0.98336
-0.959049
-0.93464
-0.910135
-0.885536
-0.860847
-0.836069
-0.811205
-0.786257
-0.761228
-0.736121
-0.710937
-0.68568
-0.660351
-0.634954
-0.609491
-0.583965
-0.558378
-0.532732
-0.50703
-0.481275
-0.45547
-0.429616
-0.403717
-0.377775
-0.351792
-0.325772
-0.299716
-0.273628
-0.24751
-0.221364
-0.195194
-0.169002
-0.14279
-0.116561
-0.0903181
-0.0640633
-0.0377996
-0.0115294
0.0147445
0.0410196
0.0672932
0.0935627
0.119825
0.146079
0.17232
0.198547
0.224757
0.250946
0.277114
0.303256
0.32937
0.355455
0.381506
0.407521
0.433499
0.459436
0.485329
0.511176
0.536975
0.562723
0.588417
0.614055
0.639634
0.665152
0.690605
0.715992
0.741311
0.766557
0.791729
0.816825
0.841841
0.866776
0.891627
0.916391
0.941066
0.965649
0.990138
1.01453
1.03882
1.06302
1.0871
1.11109
1.13496
1.15872
1.18237
1.2059
1.22932
1.25261
1.27578
1.29883
1.32174
1.34453
1.36719
1.38971
1.4121
1.43434
1.45645
1.47841
1.50022
1.52189
1.54341
1.56477
1.58598
1.60704
1.62794
1.64867
1.66924
1.68965
1.70989
1.72996
1.74986
1.76959
1.78915
1.80852
1.82772
1.84673
1.86557
1.88422
1.90268
1.92095
1.93904
1.95693
1.97462
1.99213
2.00943
2.02654
2.04344
2.06014
2.07664
2.09293
2.10901
2.12489
2.14055
2.156
2.17124
2.18626
2.20106
2.21565
2.23001
2.24416
2.25808
2.27177
2.28524
2.29849
2.3115
2.32429
2.33684
2.34916
2.36125
2.3731
2.38472
2.3961
2.40724
2.41814
2.4288
2.43922
2.4494
2.45933
2.46901
2.47846
2.48765
2.4966
2.50529
2.51374
2.52194
2.52988
2.53758
2.54502
2.55221
2.55914
2.56582
2.57224
2.5784
2.58431
2.58996
2.59535
2.60048
2.60536
2.60997
2.61432
2.61841
2.62224
2.62581
2.62911
2.63216
2.63494
2.63746
2.63971
2.6417
2.64342
2.64489
2.64608
2.64702
2.64768
2.64809
2.64823
2.6481
2.64771
2.64705
2.64613
2.64495
2.6435
2.64178
2.6398
2.63756
2.63505
2.63228
2.62925
2.62595
2.62239
2.61857
2.61448
2.61014
2.60553
2.60066
2.59553
2.59014
2.58449
2.57858
2.57241
2.56599
2.55931
2.55237
2.54517
2.53772
2.53002
2.52206
2.51385
2.50539
2.49667
2.48771
2.47849
2.46903
2.45932
2.44936
2.43915
2.4287
2.41801
2.40707
2.3959
2.38448
2.37282
2.36092
2.34879
2.33642
2.32381
2.31097
2.2979
2.2846
2.27107
2.25731
2.24332
2.22911
2.21467
2.20001
2.18513
2.17003
2.15471
2.13917
2.12342
2.10745
2.09127
2.07488
2.05828
2.04147
2.02446
2.00725
1.98983
1.97221
1.95439
1.93637
1.91816
1.89976
1.88116
1.86237
1.8434
1.82424
1.80489
1.78536
1.76566
1.74577
1.7257
1.70547
1.68506
1.66448
1.64373
1.62281
1.60173
1.58049
1.55908
1.53752
1.51581
1.49393
1.47191
1.44974
1.42742
1.40496
1.38235
1.35961
1.33672
1.3137
1.29054
1.26726
1.24384
1.2203
1.19663
1.17285
1.14894
1.12491
1.10077
1.07652
1.05216
1.02769
1.00311
0.978431
0.953653
0.928776
0.903804
0.878739
0.853584
0.828341
0.803012
0.777601
0.752109
0.72654
0.700895
0.675178
0.649391
0.623536
0.597616
0.571634
0.545592
0.519493
0.493339
0.467134
0.440879
0.414577
0.388231
0.361844
0.335418
0.308956
0.28246
0.255934
0.229379
0.202798
0.176195
0.149571
0.12293
0.0962738
0.0696052
0.0429271
0.0162419
-0.0104475
-0.0371385
-0.0638285
-0.0905148
-0.117195
-0.143866
-0.170525
-0.19717
-0.223797
-0.250405
-0.276991
-0.303551
-0.330084
-0.356587
-0.383056
-0.40949
-0.435886
-0.46224
-0.488551
-0.514816
-0.541032
-0.567196
-0.593307
-0.61936
-0.645355
-0.671287
-0.697155
-0.722955
-0.748686
-0.774345
-0.799929
-0.825435
-0.850862
-0.876205
-0.901464
-0.926635
-0.951716
-0.976705
-1.0016
-1.02639
-1.05109
-1.07568
-1.10017
-1.12455
-1.14882
-1.17298
-1.19702
-1.22094
-1.24475
-1.26843
-1.29199
-1.31542
-1.33873
-1.3619
-1.38494
-1.40784
-1.4306
-1.45322
-1.4757
-1.49804
-1.52022
-1.54226
-1.56414
-1.58587
-1.60745
-1.62886
-1.65012
-1.67121
-1.69213
-1.71289
-1.73348
-1.7539
-1.77415
-1.79422
-1.81411
-1.83382
-1.85336
-1.87271
-1.89187
-1.91084
-1.92963
-1.94823
-1.96663
-1.98484
-2.00285
-2.02066
-2.03827
-2.05568
-2.07289
-2.08989
-2.10668
-2.12327
-2.13964
-2.15581
-2.17175
-2.18749
-2.203
-2.2183
-2.23337
-2.24823
-2.26286
-2.27726
-2.29144
-2.30539
-2.31912
-2.33261
-2.34587
-2.3589
-2.37169
-2.38425
-2.39657
-2.40865
-2.42049
-2.43209
-2.44345
-2.45456
-2.46543
-2.47606
-2.48644
-2.49657
-2.50645
-2.51608
-2.52547
-2.5346
-2.54347
-2.5521
-2.56047
-2.56858
-2.57644
-2.58405
-2.59139
-2.59848
-2.6053
-2.61187
-2.61818
-2.62422
-2.63001
-2.63553
-2.64079
-2.64578
-2.65051
-2.65498
-2.65918
-2.66311
-2.66678
-2.67019
-2.67332
-2.67619
-2.6788
-2.68113
-2.6832
-2.685
-2.68653
-2.68779
-2.68878
-2.6895
-2.68996
-2.69015
-2.69006
-2.68971
-2.68909
-2.6882
-2.68704
-2.68562
-2.68392
-2.68196
-2.67972
-2.67722
-2.67445
-2.67142
-2.66811
-2.66454
-2.6607
-2.6566
-2.65223
-2.64759
-2.64269
-2.63752
-2.63209
-2.6264
-2.62044
-2.61422
-2.60774
-2.601
-2.59399
-2.58673
-2.5792
-2.57142
-2.56338
-2.55508
-2.54653
-2.53772
-2.52865
-2.51934
-2.50977
-2.49994
-2.48987
-2.47955
-2.46897
-2.45815
-2.44709
-2.43577
-2.42421
-2.41241
-2.40037
-2.38808
-2.37556
-2.36279
-2.34979
-2.33655
-2.32308
-2.30937
-2.29544
-2.28127
-2.26687
-2.25224
-2.23738
-2.2223
-2.207
-2.19148
-2.17573
-2.15976
-2.14358
-2.12718
-2.11057
-2.09374
-2.07671
-2.05946
-2.04201
-2.02435
-2.00648
-1.98842
-1.97015
-1.95168
-1.93302
-1.91416
-1.89511
-1.87587
-1.85643
-1.83681
-1.81701
-1.79702
-1.77685
-1.7565
-1.73597
-1.71527
-1.69439
-1.67334
-1.65212
-1.63073
-1.60918
-1.58747
-1.56559
-1.54356
-1.52137
-1.49902
-1.47653
-1.45388
-1.43109
-1.40815
-1.38506
-1.36184
-1.33848
-1.31498
-1.29134
-1.26758
-1.24369
-1.21967
-1.19552
-1.17126
-1.14687
-1.12237
-1.09775
-1.07302
-1.04818
-1.02324
-0.998184
-0.97303
-0.947776
-0.922425
-0.896979
-0.871441
-0.845813
-0.820099
-0.794299
-0.768417
-0.742456
-0.716419
-0.690307
-0.664123
-0.63787
-0.611551
-0.585168
-0.558724
-0.532221
-0.505663
-0.479051
-0.452389
-0.425679
-0.398923
-0.372126
-0.345288
-0.318413
-0.291503
-0.264562
-0.237591
-0.210594
-0.183573
-0.156531
-0.129471
-0.102395
-0.0753063
-0.0482072
-0.0211006
0.0060108
0.0331243
0.0602373
0.0873469
0.11445
0.141545
0.168629
0.195698
0.22275
0.249783
0.276794
0.303779
0.330737
0.357665
0.384559
0.411418
0.438238
0.465017
0.491752
0.518441
0.545081
0.571668
0.598202
0.624678
0.651094
0.677448
0.703736
0.729957
0.756108
0.782185
0.808187
0.834111
0.859954
0.885713
0.911387
0.936972
0.962466
0.987866
1.01317
1.03837
1.06348
1.08848
1.11337
1.13816
1.16283
1.18739
1.21183
1.23616
1.26036
1.28444
1.30839
1.33222
1.35591
1.37947
1.4029
1.42619
1.44934
1.47234
1.4952
1.51791
1.54048
1.56289
1.58514
1.60724
1.62919
1.65097
1.67259
1.69404
1.71533
1.73644
1.75739
1.77816
1.79876
1.81918
1.83941
1.85947
1.87934
1.89903
1.91853
1.93784
1.95695
1.97588
1.99461
2.01314
2.03147
2.04959
2.06752
2.08524
2.10276
2.12006
2.13716
2.15404
2.17071
2.18716
2.2034
2.21942
2.23522
2.25079
2.26615
2.28127
2.29618
2.31085
2.32529
2.3395
2.35348
2.36723
2.38074
2.39401
2.40705
2.41984
2.4324
2.44471
2.45678
2.46861
2.48019
2.49152
2.50261
2.51344
2.52403
2.53436
2.54445
2.55427
2.56385
2.57317
2.58223
2.59103
2.59958
2.60787
2.6159
2.62366
2.63117
2.63841
2.64539
2.65211
2.65856
2.66475
2.67067
2.67632
2.68171
2.68683
2.69168
2.69626
2.70057
2.70462
2.70839
2.71189
2.71513
2.71809
2.72078
2.72319
2.72534
2.72721
2.72881
2.73014
2.7312
2.73198
2.73249
2.73272
2.73269
2.73238
2.73179
2.73093
2.7298
2.7284
2.72672
2.72478
2.72255
2.72006
2.71729
2.71425
2.71094
2.70736
2.70351
2.69938
2.69499
2.69033
2.68539
2.68019
2.67472
2.66898
2.66297
2.6567
2.65016
2.64336
2.63629
2.62895
2.62135
2.61349
2.60537
2.59698
2.58834
2.57943
2.57027
2.56085
2.55117
2.54123
2.53104
2.5206
2.5099
2.49895
2.48775
2.4763
2.4646
2.45266
2.44046
2.42803
2.41534
2.40242
2.38925
2.37584
2.3622
2.34832
2.3342
2.31984
2.30525
2.29043
2.27538
2.2601
2.2446
2.22886
2.21291
2.19673
2.18032
2.1637
2.14686
2.12981
2.11254
2.09505
2.07736
2.05946
2.04134
2.02303
2.0045
1.98578
1.96685
1.94773
1.92841
1.9089
1.88919
1.86929
1.8492
1.82893
1.80847
1.78783
1.767
1.746
1.72482
1.70347
1.68195
1.66025
1.63839
1.61636
1.59416
1.57181
1.54929
1.52662
1.50379
1.48081
1.45768
1.4344
1.41098
1.38741
1.3637
1.33986
1.31587
1.29176
1.26751
1.24313
1.21862
1.19399
1.16924
1.14437
1.11938
1.09428
1.06907
1.04374
1.01831
0.992779
0.967143
0.941407
0.915574
0.889648
0.863629
0.837522
0.811329
0.785051
0.758693
0.732256
0.705743
0.679157
0.6525
0.625776
0.598986
0.572133
0.545221
0.518252
0.491228
0.464152
0.437027
0.409856
0.38264
0.355384
0.32809
0.30076
0.273398
0.246005
0.218585
0.19114
0.163673
0.136188
0.108686
0.0811701
0.0536436
0.0261089
-0.00143106
-0.0289737
-0.0565161
-0.0840557
-0.11159
-0.139115
-0.16663
-0.19413
-0.221614
-0.249078
-0.27652
-0.303938
-0.331327
-0.358686
-0.386013
-0.413303
-0.440555
-0.467765
-0.494931
-0.522051
-0.549121
-0.576138
-0.603101
-0.630007
-0.656851
-0.683633
-0.71035
-0.736998
-0.763574
-0.790078
-0.816504
-0.842852
-0.869118
-0.8953
-0.921395
-0.947401
-0.973314
-0.999132
-1.02485
-1.05047
-1.07599
-1.10141
-1.12671
-1.15191
-1.17699
-1.20196
-1.22681
-1.25154
-1.27615
-1.30063
-1.32499
-1.34921
-1.3733
-1.39726
-1.42108
-1.44476
-1.4683
-1.49169
-1.51494
-1.53804
-1.56098
-1.58378
-1.60641
-1.62889
-1.65121
-1.67336
-1.69535
-1.71717
-1.73883
-1.76031
-1.78161
-1.80274
-1.8237
-1.84447
-1.86506
-1.88546
-1.90568
-1.92571
-1.94555
-1.9652
-1.98465
-2.00391
-2.02297
-2.04183
-2.06048
-2.07893
-2.09718
-2.11521
-2.13304
-2.15066
-2.16806
-2.18525
-2.20222
-2.21897
-2.2355
-2.25181
-2.2679
-2.28376
-2.29939
-2.3148
-2.32997
-2.34492
-2.35963
-2.37411
-2.38835
-2.40235
-2.41612
-2.42964
-2.44293
-2.45597
-2.46876
-2.48131
-2.49361
-2.50567
-2.51748
-2.52903
-2.54033
-2.55139
-2.56218
-2.57272
-2.58301
-2.59304
-2.60281
-2.61232
-2.62157
-2.63056
-2.63928
-2.64775
-2.65595
-2.66388
-2.67155
-2.67895
-2.68609
-2.69296
-2.69956
-2.70589
-2.71195
-2.71774
-2.72325
-2.7285
-2.73347
-2.73818
-2.7426
-2.74676
-2.75064
-2.75424
-2.75757
-2.76063
-2.76341
-2.76591
-2.76814
-2.77009
-2.77176
-2.77315
-2.77427
-2.77512
-2.77568
-2.77597
-2.77598
-2.77571
-2.77516
-2.77434
-2.77324
-2.77186
-2.7702
-2.76827
-2.76606
-2.76357
-2.76081
-2.75777
-2.75445
-2.75086
-2.74699
-2.74285
-2.73843
-2.73374
-2.72878
-2.72354
-2.71803
-2.71224
-2.70619
-2.69986
-2.69326
-2.6864
-2.67926
-2.67185
-2.66418
-2.65624
-2.64803
-2.63956
-2.63082
-2.62182
-2.61256
-2.60303
-2.59324
-2.5832
-2.57289
-2.56232
-2.5515
-2.54042
-2.52909
-2.5175
-2.50566
-2.49356
-2.48122
-2.46863
-2.45579
-2.4427
-2.42936
-2.41579
-2.40197
-2.3879
-2.3736
-2.35906
-2.34428
-2.32927
-2.31402
-2.29854
-2.28282
-2.26688
-2.25071
-2.23431
-2.21769
-2.20084
-2.18377
-2.16648
-2.14898
-2.13125
-2.11331
-2.09516
-2.0768
-2.05823
-2.03945
-2.02046
-2.00127
-1.98188
-1.96229
-1.9425
-1.92251
-1.90233
-1.88196
-1.86139
-1.84064
-1.8197
-1.79858
-1.77728
-1.7558
-1.73413
-1.7123
-1.69029
-1.66811
-1.64576
-1.62324
-1.60056
-1.57771
-1.55471
-1.53155
-1.50823
-1.48476
-1.46114
-1.43737
-1.41345
-1.38939
-1.36519
-1.34085
-1.31637
-1.29176
-1.26702
-1.24215
-1.21715
-1.19203
-1.16679
-1.14142
-1.11594
-1.09035
-1.06464
-1.03883
-1.01291
-0.986882
-0.960755
-0.93453
-0.908209
-0.881795
-0.855289
-0.828696
-0.802017
-0.775255
-0.748412
-0.721493
-0.694498
-0.667432
-0.640295
-0.613093
-0.585826
-0.558497
-0.531111
-0.503668
-0.476172
-0.448626
-0.421032
-0.393394
-0.365713
-0.337993
-0.310237
-0.282446
-0.254625
-0.226775
-0.1989
-0.171002
-0.143084
-0.115149
-0.0872004
-0.0592397
-0.0312704
-0.00329511
0.0246833
0.052662
0.0806383
0.108609
0.136572
0.164524
0.192463
0.220385
0.248287
0.276168
0.304024
0.331852
0.35965
0.387415
0.415143
0.442833
0.470482
0.498086
0.525643
0.55315
0.580605
0.608004
0.635346
0.662626
0.689843
0.716994
0.744076
0.771086
0.798022
0.82488
0.851659
0.878355
0.904966
0.931489
0.957922
0.984262
1.01051
1.03665
1.0627
1.08864
1.11447
1.1402
1.16581
1.19131
1.21669
1.24196
1.2671
1.29212
1.31701
1.34177
1.3664
1.3909
1.41526
1.43948
1.46356
1.4875
1.51129
1.53493
1.55842
1.58175
1.60493
1.62795
1.65081
1.67351
1.69605
1.71841
1.74061
1.76263
1.78448
1.80616
1.82765
1.84897
1.8701
1.89105
1.91181
1.93238
1.95276
1.97295
1.99294
2.01273
2.03233
2.05172
2.07091
2.0899
2.10868
2.12725
2.14561
2.16375
2.18168
2.1994
2.21689
2.23417
2.25123
2.26806
2.28466
2.30104
2.3172
2.33312
2.34881
2.36426
2.37948
2.39447
2.40921
2.42372
2.43799
2.45201
2.46579
2.47933
2.49262
2.50566
2.51845
2.53099
2.54328
2.55531
2.5671
2.57862
2.58989
2.6009
2.61165
2.62215
2.63238
2.64235
2.65205
2.66149
2.67067
2.67958
2.68822
2.6966
2.7047
2.71254
2.72011
2.7274
2.73443
2.74118
2.74765
2.75385
2.75978
2.76543
2.77081
2.77591
2.78073
2.78528
2.78955
2.79354
2.79724
2.80068
2.80383
2.8067
2.80929
2.8116
2.81362
2.81537
2.81684
2.81802
2.81892
2.81955
2.81989
2.81994
2.81972
2.81921
2.81842
2.81735
2.816
2.81436
2.81245
2.81025
2.80777
2.80501
2.80197
2.79865
2.79505
2.79117
2.78701
2.78257
2.77785
2.77285
2.76758
2.76203
2.7562
2.7501
2.74372
2.73706
2.73013
2.72293
2.71545
2.7077
2.69968
2.69139
2.68283
2.674
2.6649
2.65554
2.6459
2.63601
2.62584
2.61542
2.60473
2.59378
2.58257
2.5711
2.55937
2.54739
2.53514
2.52265
2.5099
2.4969
2.48364
2.47014
2.45639
2.44239
2.42815
2.41366
2.39893
2.38396
2.36875
2.3533
2.33761
2.32169
2.30553
2.28915
2.27253
2.25568
2.2386
2.2213
2.20378
2.18603
2.16807
2.14988
2.13148
2.11286
2.09403
2.07499
2.05574
2.03628
2.01661
1.99675
1.97668
1.95641
1.93594
1.91528
1.89442
1.87337
1.85214
1.83071
1.8091
1.78731
1.76534
1.74318
1.72086
1.69835
1.67568
1.65283
1.62982
1.60664
1.5833
1.5598
1.53614
1.51232
1.48835
1.46423
1.43996
1.41555
1.39099
1.36629
1.34144
1.31647
1.29136
1.26611
1.24074
1.21524
1.18962
1.16387
1.13801
1.11203
1.08594
1.05973
1.03342
1.007
0.980478
0.953854
0.927133
0.900316
0.873407
0.846407
0.81932
0.792148
0.764895
0.737562
0.710153
0.68267
0.655116
0.627494
0.599806
0.572056
0.544245
0.516378
0.488456
0.460482
0.432459
0.404391
0.376279
0.348126
0.319936
0.291712
0.263455
0.235169
0.206857
0.178521
0.150165
0.12179
0.0934009
0.0649994
0.0365885
0.00817119
-0.0202498
-0.0486716
-0.0770915
-0.105506
-0.133914
-0.16231
-0.190694
-0.219061
-0.247409
-0.275735
-0.304036
-0.33231
-0.360553
-0.388763
-0.416937
-0.445073
-0.473166
-0.501215
-0.529217
-0.557168
-0.585067
-0.61291
-0.640694
-0.668417
-0.696076
-0.723669
-0.751191
-0.778642
-0.806017
-0.833314
-0.860531
-0.887664
-0.914711
-0.94167
-0.968537
-0.99531
-1.02199
-1.04856
-1.07504
-1.10141
-1.12767
-1.15382
-1.17986
-1.20578
-1.23159
-1.25727
-1.28283
-1.30827
-1.33358
-1.35876
-1.3838
-1.40871
-1.43348
-1.45811
-1.48259
-1.50693
-1.53112
-1.55516
-1.57905
-1.60278
-1.62635
-1.64977
-1.67302
-1.69611
-1.71902
-1.74177
-1.76435
-1.78675
-1.80898
-1.83103
-1.8529
-1.87458
-1.89608
-1.91739
-1.93851
-1.95944
-1.98018
-2.00072
-2.02106
-2.0412
-2.06114
-2.08088
-2.10041
-2.11973
-2.13884
-2.15774
-2.17642
-2.19489
-2.21315
-2.23118
-2.24899
-2.26658
-2.28394
-2.30108
-2.31799
-2.33467
-2.35111
-2.36733
-2.3833
-2.39904
-2.41455
-2.42981
-2.44483
-2.45961
-2.47414
-2.48843
-2.50247
-2.51626
-2.52981
-2.5431
-2.55613
-2.56892
-2.58144
-2.59371
-2.60572
-2.61748
-2.62897
-2.6402
-2.65117
-2.66187
-2.67231
-2.68248
-2.69238
-2.70202
-2.71139
-2.72049
-2.72931
-2.73787
-2.74615
-2.75415
-2.76189
-2.76934
-2.77652
-2.78343
-2.79006
-2.7964
-2.80247
-2.80826
-2.81377
-2.819
-2.82395
-2.82861
-2.83299
-2.83709
-2.84091
-2.84444
-2.84769
-2.85066
-2.85334
-2.85573
-2.85784
-2.85966
-2.8612
-2.86245
-2.86342
-2.8641
-2.86449
-2.8646
-2.86442
-2.86395
-2.8632
-2.86216
-2.86083
-2.85922
-2.85732
-2.85514
-2.85267
-2.84992
-2.84688
-2.84355
-2.83994
-2.83605
-2.83187
-2.82741
-2.82266
-2.81763
-2.81232
-2.80673
-2.80086
-2.79471
-2.78827
-2.78156
-2.77457
-2.7673
-2.75975
-2.75193
-2.74383
-2.73545
-2.7268
-2.71788
-2.70868
-2.69921
-2.68947
-2.67946
-2.66919
-2.65864
-2.64783
-2.63675
-2.62541
-2.6138
-2.60193
-2.5898
-2.57741
-2.56476
-2.55185
-2.53869
-2.52527
-2.5116
-2.49767
-2.48349
-2.46907
-2.45439
-2.43947
-2.4243
-2.40889
-2.39324
-2.37734
-2.36121
-2.34484
-2.32823
-2.31139
-2.29431
-2.277
-2.25947
-2.24171
-2.22372
-2.2055
-2.18707
-2.16841
-2.14954
-2.13044
-2.11114
-2.09162
-2.07189
-2.05195
-2.0318
-2.01145
-1.99089
-1.97013
-1.94918
-1.92802
-1.90668
-1.88513
-1.8634
-1.84148
-1.81938
-1.79709
-1.77461
-1.75196
-1.72913
-1.70613
-1.68295
-1.6596
-1.63609
-1.6124
-1.58856
-1.56455
-1.54038
-1.51606
-1.49158
-1.46696
-1.44218
-1.41725
-1.39219
-1.36698
-1.34163
-1.31614
-1.29052
-1.26477
-1.23889
-1.21288
-1.18675
-1.1605
-1.13412
-1.10764
-1.08104
-1.05433
-1.02751
-1.00058
-0.973553
-0.946425
-0.9192
-0.89188
-0.864469
-0.836968
-0.809381
-0.78171
-0.753958
-0.726127
-0.698222
-0.670244
-0.642196
-0.614081
-0.585902
-0.557661
-0.529362
-0.501007
-0.472599
-0.444141
-0.415636
-0.387086
-0.358495
-0.329865
-0.301199
-0.2725
-0.243771
-0.215015
-0.186235
-0.157433
-0.128612
-0.0997756
-0.0709263
-0.0420671
-0.0132007
0.0156698
0.0445417
0.0734119
0.102278
0.131136
0.159985
0.18882
0.217639
0.246439
0.275218
0.303972
0.332698
0.361394
0.390056
0.418683
0.447271
0.475816
0.504317
0.532771
0.561173
0.589523
0.617817
0.646051
0.674224
0.702332
0.730373
0.758343
0.786241
0.814063
0.841806
0.869467
0.897045
0.924535
0.951936
0.979244
1.00646
1.03357
1.06059
1.0875
1.1143
1.141
1.16759
1.19406
1.22041
1.24664
1.27276
1.29875
1.32461
1.35034
1.37594
1.4014
1.42672
1.45191
1.47695
1.50185
1.5266
1.5512
1.57565
1.59994
1.62408
1.64805
1.67186
1.69551
1.71899
1.7423
1.76544
1.7884
1.81119
1.8338
1.85623
1.87847
1.90053
1.9224
1.94408
1.96557
1.98687
2.00796
2.02886
2.04956
2.07006
2.09035
2.11043
2.13031
2.14997
2.16942
2.18866
2.20767
2.22647
2.24505
2.26341
2.28154
2.29945
2.31712
2.33457
2.35179
2.36877
2.38552
2.40203
2.4183
2.43433
2.45012
2.46566
2.48096
2.49602
2.51083
2.52538
2.53969
2.55374
2.56754
2.58108
2.59437
2.6074
2.62017
2.63268
2.64492
2.65691
2.66863
2.68008
2.69127
2.70219
2.71283
2.72321
2.73332
2.74316
2.75272
2.76201
2.77102
2.77976
2.78821
2.7964
2.8043
2.81192
2.81926
2.82632
2.8331
2.8396
2.84581
2.85174
2.85739
2.86275
2.86782
2.87261
2.87711
2.88132
2.88525
2.88889
2.89224
2.8953
2.89807
2.90055
2.90274
2.90464
2.90625
2.90757
2.9086
2.90934
2.90979
2.90995
2.90982
2.90939
2.90868
2.90767
2.90637
2.90479
2.90291
2.90074
2.89828
2.89553
2.89249
2.88916
2.88555
2.88164
2.87744
2.87296
2.86819
2.86313
2.85778
2.85215
2.84624
2.84003
2.83355
2.82677
2.81972
2.81238
2.80476
2.79686
2.78868
2.78022
2.77148
2.76246
2.75317
2.7436
2.73375
2.72363
2.71324
2.70257
2.69163
2.68042
2.66895
2.6572
2.64519
2.63291
2.62037
2.60756
2.5945
2.58117
2.56758
2.55373
2.53963
2.52527
2.51066
2.4958
2.48068
2.46532
2.4497
2.43384
2.41774
2.40139
2.3848
2.36797
2.3509
2.33359
2.31605
2.29828
2.28027
2.26204
2.24358
2.22489
2.20597
2.18684
2.16748
2.1479
2.12811
2.1081
2.08788
2.06745
2.04681
2.02597
2.00492
1.98366
1.96221
1.94056
1.91871
1.89666
1.87443
1.85201
1.82939
1.8066
1.78362
1.76046
1.73712
1.7136
1.68991
1.66605
1.64203
1.61783
1.59347
1.56895
1.54427
1.51943
1.49444
1.46929
1.444
1.41856
1.39297
1.36725
1.34138
1.31538
1.28924
1.26297
1.23657
1.21005
1.1834
1.15664
1.12975
1.10275
1.07563
1.0484
1.02107
0.993634
0.966093
0.938454
0.910718
0.882888
0.854967
0.826957
0.798862
0.770685
0.742427
0.714093
0.685684
0.657204
0.628655
0.600041
0.571363
0.542626
0.513832
0.484983
0.456083
0.427134
0.39814
0.369103
0.340026
0.310913
0.281765
0.252586
0.223379
0.194147
0.164893
0.135619
0.106328
0.0770243
0.0477097
0.0183874
-0.0109397
-0.0402686
-0.0695965
-0.0989203
-0.128237
-0.157544
-0.186838
-0.216117
-0.245376
-0.274614
-0.303828
-0.333014
-0.36217
-0.391292
-0.420378
-0.449425
-0.47843
-0.50739
-0.536303
-0.565164
-0.593972
-0.622723
-0.651415
-0.680045
-0.70861
-0.737106
-0.765532
-0.793884
-0.822159
-0.850355
-0.878469
-0.906498
-0.934439
-0.962289
-0.990046
-1.01771
-1.04527
-1.07273
-1.10008
-1.12733
-1.15447
-1.18149
-1.2084
-1.2352
-1.26187
-1.28841
-1.31484
-1.34113
-1.36729
-1.39331
-1.4192
-1.44496
-1.47056
-1.49603
-1.52135
-1.54651
-1.57153
-1.59639
-1.62109
-1.64564
-1.67002
-1.69424
-1.71829
-1.74217
-1.76588
-1.78941
-1.81277
-1.83595
-1.85895
-1.88176
-1.90439
-1.92683
-1.94908
-1.97114
-1.993
-2.01466
-2.03613
-2.0574
-2.07846
-2.09931
-2.11996
-2.1404
-2.16062
-2.18063
-2.20043
-2.22
-2.23936
-2.2585
-2.27741
-2.29609
-2.31455
-2.33278
-2.35078
-2.36854
-2.38607
-2.40336
-2.42041
-2.43722
-2.45379
-2.47012
-2.4862
-2.50204
-2.51762
-2.53296
-2.54804
-2.56287
-2.57745
-2.59177
-2.60583
-2.61963
-2.63317
-2.64645
-2.65947
-2.67222
-2.68471
-2.69692
-2.70887
-2.72055
-2.73196
-2.7431
-2.75397
-2.76456
-2.77487
-2.78491
-2.79467
-2.80415
-2.81335
-2.82228
-2.83092
-2.83928
-2.84735
-2.85514
-2.86265
-2.86987
-2.87681
-2.88346
-2.88982
-2.89589
-2.90167
-2.90717
-2.91237
-2.91728
-2.9219
-2.92623
-2.93027
-2.93402
-2.93747
-2.94063
-2.94349
-2.94606
-2.94834
-2.95032
-2.95201
-2.9534
-2.9545
-2.9553
-2.9558
-2.95601
-2.95593
-2.95555
-2.95487
-2.9539
-2.95263
-2.95107
-2.94921
-2.94706
-2.94461
-2.94187
-2.93883
-2.9355
-2.93187
-2.92795
-2.92374
-2.91924
-2.91444
-2.90935
-2.90397
-2.8983
-2.89234
-2.88609
-2.87954
-2.87271
-2.8656
-2.85819
-2.8505
-2.84252
-2.83426
-2.82571
-2.81688
-2.80777
-2.79838
-2.7887
-2.77875
-2.76851
-2.758
-2.74721
-2.73615
-2.72481
-2.7132
-2.70131
-2.68916
-2.67673
-2.66404
-2.65107
-2.63784
-2.62435
-2.61059
-2.59657
-2.58229
-2.56775
-2.55295
-2.53789
-2.52258
-2.50701
-2.49119
-2.47513
-2.45881
-2.44224
-2.42543
-2.40838
-2.39108
-2.37354
-2.35576
-2.33775
-2.3195
-2.30101
-2.2823
-2.26335
-2.24417
-2.22477
-2.20515
-2.1853
-2.16523
-2.14494
-2.12444
-2.10372
-2.08279
-2.06165
-2.0403
-2.01875
-1.99699
-1.97503
-1.95287
-1.93051
-1.90795
-1.88521
-1.86227
-1.83914
-1.81583
-1.79233
-1.76866
-1.7448
-1.72077
-1.69656
-1.67218
-1.64763
-1.62291
-1.59803
-1.57298
-1.54778
-1.52242
-1.4969
-1.47123
-1.44541
-1.41945
-1.39334
-1.36709
-1.3407
-1.31417
-1.28751
-1.26071
-1.23379
-1.20674
-1.17957
-1.15228
-1.12487
-1.09734
-1.06971
-1.04196
-1.0141
-0.986144
-0.958084
-0.929925
-0.90167
-0.873323
-0.844885
-0.81636
-0.78775
-0.759059
-0.730289
-0.701443
-0.672524
-0.643535
-0.614479
-0.585358
-0.556176
-0.526935
-0.497639
-0.46829
-0.438891
-0.409446
-0.379956
-0.350426
-0.320857
-0.291254
-0.261618
-0.231954
-0.202263
-0.172549
-0.142815
-0.113063
-0.0832973
-0.0535202
-0.0237348
0.006056
0.0358491
0.0656417
0.0954306
0.125213
0.154986
0.184746
0.214491
0.244217
0.273922
0.303603
0.333256
0.362879
0.392468
0.422021
0.451535
0.481007
0.510433
0.539812
0.569139
0.598412
0.627629
0.656786
0.685879
0.714908
0.743867
0.772755
0.801569
0.830305
0.858962
0.887535
0.916022
0.944421
0.972728
1.00094
1.02906
1.05707
1.08498
1.11279
1.14049
1.16807
1.19555
1.2229
1.25014
1.27725
1.30424
1.3311
1.35784
1.38443
1.4109
1.43722
1.4634
1.48944
1.51533
1.54108
1.56667
1.59211
1.61739
1.64251
1.66747
1.69227
1.7169
1.74136
1.76564
1.78976
1.8137
1.83745
1.86103
1.88442
1.90763
1.93065
1.95348
1.97611
1.99855
2.0208
2.04284
2.06468
2.08632
2.10774
2.12897
2.14998
2.17077
2.19136
2.21172
2.23187
2.25179
2.27149
2.29097
2.31022
2.32924
2.34803
2.36658
2.38491
2.40299
2.42084
2.43844
2.45581
2.47293
2.4898
2.50643
2.52281
2.53894
2.55481
2.57043
2.5858
2.60091
2.61576
2.63035
2.64468
2.65874
2.67254
2.68608
2.69935
2.71235
2.72508
2.73753
2.74972
2.76163
2.77327
2.78463
2.79571
2.80652
2.81704
2.82729
2.83725
2.84693
2.85633
2.86544
2.87427
2.88281
2.89106
2.89902
2.9067
2.91408
2.92118
2.92798
2.93449
2.94071
2.94663
2.95226
2.9576
2.96264
2.96739
2.97184
2.97599
2.97984
2.9834
2.98666
2.98962
2.99228
2.99464
2.99671
2.99847
2.99994
3.0011
3.00197
3.00253
3.0028
3.00276
3.00243
3.00179
3.00085
2.99962
2.99808
2.99624
2.99411
2.99167
2.98894
2.9859
2.98257
2.97894
2.97501
2.97078
2.96625
2.96143
2.95631
2.95089
2.94518
2.93918
2.93288
2.92628
2.91939
2.91221
2.90474
2.89698
2.88892
2.88058
2.87194
2.86302
2.85382
2.84432
2.83454
2.82448
2.81413
2.8035
2.79259
2.7814
2.76992
2.75818
2.74615
2.73385
2.72127
2.70842
2.6953
2.6819
2.66824
2.65431
2.64011
2.62565
2.61092
2.59593
2.58068
2.56517
2.5494
2.53338
2.5171
2.50057
2.48378
2.46675
2.44946
2.43193
2.41416
2.39614
2.37788
2.35938
2.34064
2.32167
2.30247
2.28303
2.26336
2.24346
2.22333
2.20299
2.18242
2.16162
2.14062
2.11939
2.09795
2.0763
2.05444
2.03237
2.0101
1.98762
1.96494
1.94206
1.91899
1.89572
1.87226
1.84861
1.82477
1.80075
1.77655
1.75216
1.7276
1.70287
1.67796
1.65288
1.62763
1.60222
1.57664
1.5509
1.52501
1.49896
1.47276
1.44641
1.41991
1.39327
1.36648
1.33956
1.3125
1.2853
1.25797
1.23052
1.20294
1.17524
1.14741
1.11947
1.09141
1.06325
1.03497
1.00658
0.978097
0.94951
0.920824
0.892043
0.863171
0.834209
0.805161
0.776029
0.746817
0.717527
0.688163
0.658727
0.629222
0.599651
0.570017
0.540323
0.510573
0.480768
0.450912
0.421008
0.391059
0.361068
0.331038
0.300972
0.270872
0.240743
0.210586
0.180406
0.150204
0.119984
0.0897493
0.0595025
0.0292467
-0.00101497
-0.0312796
-0.0615441
-0.0918055
-0.122061
-0.152307
-0.182541
-0.212759
-0.24296
-0.273139
-0.303294
-0.333421
-0.363518
-0.393582
-0.42361
-0.453598
-0.483543
-0.513444
-0.543296
-0.573096
-0.602843
-0.632532
-0.662161
-0.691726
-0.721225
-0.750656
-0.780014
-0.809297
-0.838501
-0.867625
-0.896666
-0.925619
-0.954483
-0.983254
-1.01193
-1.04051
-1.06898
-1.09736
-1.12562
-1.15378
-1.18182
-1.20975
-1.23756
-1.26524
-1.29281
-1.32025
-1.34756
-1.37473
-1.40177
-1.42868
-1.45544
-1.48207
-1.50854
-1.53487
-1.56105
-1.58707
-1.61294
-1.63865
-1.66419
-1.68958
-1.71479
-1.73984
-1.76472
-1.78942
-1.81395
-1.83829
-1.86246
-1.88644
-1.91024
-1.93385
-1.95726
-1.98048
-2.00351
-2.02634
-2.04897
-2.07139
-2.09362
-2.11563
-2.13743
-2.15903
-2.18041
-2.20157
-2.22251
-2.24324
-2.26374
-2.28402
-2.30407
-2.3239
-2.34349
-2.36285
-2.38198
-2.40087
-2.41952
-2.43793
-2.4561
-2.47403
-2.49171
-2.50914
-2.52633
-2.54326
-2.55994
-2.57637
-2.59254
-2.60845
-2.6241
-2.6395
-2.65463
-2.66949
-2.68409
-2.69843
-2.71249
-2.72629
-2.73981
-2.75306
-2.76604
-2.77874
-2.79117
-2.80332
-2.81519
-2.82678
-2.83808
-2.84911
-2.85985
-2.8703
-2.88047
-2.89035
-2.89995
-2.90925
-2.91827
-2.92699
-2.93543
-2.94357
-2.95141
-2.95897
-2.96622
-2.97318
-2.97985
-2.98621
-2.99228
-2.99805
-3.00353
-3.0087
-3.01357
-3.01814
-3.02241
-3.02637
-3.03004
-3.0334
-3.03646
-3.03922
-3.04167
-3.04382
-3.04566
-3.0472
-3.04844
-3.04937
-3.04999
-3.05031
-3.05033
-3.05004
-3.04944
-3.04855
-3.04734
-3.04583
-3.04402
-3.0419
-3.03948
-3.03675
-3.03372
-3.03038
-3.02675
-3.0228
-3.01856
-3.01401
-3.00917
-3.00402
-2.99857
-2.99282
-2.98677
-2.98042
-2.97377
-2.96682
-2.95958
-2.95204
-2.9442
-2.93607
-2.92764
-2.91892
-2.90991
-2.9006
-2.89101
-2.88112
-2.87095
-2.86049
-2.84974
-2.8387
-2.82738
-2.81578
-2.80389
-2.79172
-2.77927
-2.76654
-2.75353
-2.74025
-2.72669
-2.71286
-2.69875
-2.68438
-2.66973
-2.65482
-2.63964
-2.62419
-2.60848
-2.5925
-2.57627
-2.55978
-2.54302
-2.52602
-2.50875
-2.49124
-2.47348
-2.45546
-2.4372
-2.41869
-2.39994
-2.38095
-2.36172
-2.34225
-2.32254
-2.3026
-2.28242
-2.26202
-2.24139
-2.22053
-2.19945
-2.17814
-2.15662
-2.13488
-2.11292
-2.09075
-2.06837
-2.04577
-2.02298
-1.99997
-1.97677
-1.95336
-1.92976
-1.90596
-1.88197
-1.85779
-1.83342
-1.80886
-1.78412
-1.7592
-1.7341
-1.70883
-1.68338
-1.65776
-1.63197
-1.60602
-1.57991
-1.55363
-1.52719
-1.5006
-1.47386
-1.44697
-1.41993
-1.39274
-1.36542
-1.33795
-1.31035
-1.28261
-1.25474
-1.22675
-1.19863
-1.17038
-1.14202
-1.11354
-1.08494
-1.05624
-1.02742
-0.998502
-0.969478
-0.940355
-0.911135
-0.881821
-0.852416
-0.822922
-0.793344
-0.763683
-0.733943
-0.704126
-0.674236
-0.644276
-0.614248
-0.584155
-0.554002
-0.52379
-0.493522
-0.463202
-0.432833
-0.402417
-0.371959
-0.341459
-0.310923
-0.280353
-0.249751
-0.219122
-0.188467
-0.157791
-0.127095
-0.0963843
-0.0656605
-0.0349271
-0.00418711
0.0265564
0.0573003
0.0880415
0.118777
0.149504
0.180219
0.210918
0.2416
0.272261
0.302898
0.333507
0.364086
0.394632
0.425141
0.455611
0.486038
0.51642
0.546753
0.577035
0.607262
0.637431
0.66754
0.697584
0.727562
0.75747
0.787306
0.817065
0.846746
0.876346
0.90586
0.935287
0.964624
0.993866
1.02301
1.05206
1.081
1.10984
1.13858
1.1672
1.1957
1.22409
1.25236
1.28051
1.30853
1.33643
1.36419
1.39182
1.41931
1.44667
1.47388
1.50095
1.52787
1.55464
1.58126
1.60772
1.63402
1.66017
1.68615
1.71196
1.73761
1.76308
1.78838
1.8135
1.83845
1.86321
1.88779
1.91219
1.93639
1.9604
1.98422
2.00785
2.03127
2.0545
2.07752
2.10034
2.12294
2.14534
2.16753
2.1895
2.21125
2.23279
2.25411
2.2752
2.29606
2.3167
2.33711
2.35729
2.37723
2.39694
2.41641
2.43564
2.45463
2.47337
2.49187
2.51012
2.52813
2.54588
2.56338
2.58062
2.59761
2.61434
2.63081
2.64702
2.66297
2.67865
2.69406
2.70921
2.72409
2.7387
2.75303
2.76709
2.78088
2.79438
2.80762
2.82057
2.83324
2.84562
2.85773
2.86955
2.88108
2.89233
2.90329
2.91396
2.92434
2.93443
2.94423
2.95373
2.96294
2.97185
2.98047
2.98879
2.99681
3.00453
3.01195
3.01908
3.0259
3.03242
3.03863
3.04455
3.05015
3.05546
3.06046
3.06515
3.06954
3.07362
3.0774
3.08087
3.08403
3.08688
3.08942
3.09166
3.09358
3.0952
3.09651
3.0975
3.09819
3.09857
3.09864
3.0984
3.09785
3.09699
3.09581
3.09433
3.09254
3.09044
3.08804
3.08532
3.08229
3.07896
3.07531
3.07136
3.0671
3.06254
3.05766
3.05248
3.047
3.04121
3.03512
3.02872
3.02201
3.01501
3.0077
3.00009
2.99218
2.98397
2.97546
2.96666
2.95755
2.94815
2.93845
2.92846
2.91818
2.9076
2.89673
2.88557
2.87411
2.86237
2.85035
2.83803
2.82544
2.81255
2.79939
2.78594
2.77222
2.75821
2.74393
2.72937
2.71454
2.69944
2.68406
2.66842
2.6525
2.63632
2.61987
2.60316
2.58619
2.56896
2.55147
2.53372
2.51572
2.49746
2.47895
2.46019
2.44119
2.42194
2.40244
2.3827
2.36272
2.34251
2.32205
2.30137
2.28045
2.2593
2.23792
2.21632
2.19449
2.17244
2.15017
2.12769
2.10499
2.08207
2.05895
2.03562
2.01208
1.98834
1.96439
1.94025
1.91591
1.89138
1.86666
1.84175
1.81665
1.79136
1.7659
1.74025
1.71443
1.68844
1.66227
1.63593
1.60943
1.58277
1.55594
1.52896
1.50182
1.47452
1.44708
1.41949
1.39176
1.36388
1.33586
1.30771
1.27942
1.25101
1.22246
1.19379
1.165
1.13609
1.10706
1.07792
1.04866
1.0193
0.989838
0.960271
0.930605
0.900843
0.870988
0.841042
0.81101
0.780893
0.750696
0.72042
0.690069
0.659646
0.629155
0.598597
0.567976
0.537295
0.506558
0.475767
0.444925
0.414036
0.383102
0.352127
0.321113
0.290065
0.258984
0.227874
0.196738
0.16558
0.134401
0.103207
0.0719983
0.0407798
0.00955405
-0.0216758
-0.0529065
-0.0841352
-0.115358
-0.146573
-0.177777
-0.208965
-0.240136
-0.271286
-0.302412
-0.333511
-0.36458
-0.395615
-0.426614
-0.457573
-0.48849
-0.519361
-0.550183
-0.580953
-0.611668
-0.642325
-0.672921
-0.703452
-0.733917
-0.764311
-0.794631
-0.824875
-0.85504
-0.885122
-0.915119
-0.945027
-0.974843
-1.00457
-1.03419
-1.06371
-1.09314
-1.12245
-1.15165
-1.18075
-1.20973
-1.23858
-1.26732
-1.29594
-1.32443
-1.35278
-1.38101
-1.4091
-1.43705
-1.46487
-1.49253
-1.52006
-1.54743
-1.57465
-1.60171
-1.62862
-1.65537
-1.68195
-1.70837
-1.73462
-1.76071
-1.78661
-1.81234
-1.8379
-1.86327
-1.88845
-1.91345
-1.93827
-1.96289
-1.98731
-2.01154
-2.03558
-2.05941
-2.08303
-2.10646
-2.12967
-2.15267
-2.17546
-2.19803
-2.22039
-2.24253
-2.26444
-2.28613
-2.3076
-2.32883
-2.34984
-2.37061
-2.39114
-2.41144
-2.4315
-2.45132
-2.4709
-2.49023
-2.50932
-2.52815
-2.54673
-2.56507
-2.58314
-2.60096
-2.61852
-2.63583
-2.65287
-2.66964
-2.68615
-2.7024
-2.71837
-2.73408
-2.74951
-2.76467
-2.77956
-2.79416
-2.80849
-2.82255
-2.83632
-2.8498
-2.86301
-2.87593
-2.88856
-2.90091
-2.91296
-2.92473
-2.9362
-2.94739
-2.95828
-2.96887
-2.97917
-2.98917
-2.99887
-3.00828
-3.01738
-3.02619
-3.03469
-3.04289
-3.05079
-3.05838
-3.06567
-3.07265
-3.07932
-3.08569
-3.09175
-3.0975
-3.10294
-3.10807
-3.11289
-3.1174
-3.1216
-3.12549
-3.12907
-3.13233
-3.13528
-3.13792
-3.14024
-3.14225
-3.14395
-3.14533
-3.14639
-3.14715
-3.14758
-3.14771
-3.14751
-3.14701
-3.14619
-3.14505
-3.1436
-3.14184
-3.13976
-3.13736
-3.13465
-3.13163
-3.1283
-3.12465
-3.12069
-3.11642
-3.11183
-3.10693
-3.10173
-3.09621
-3.09038
-3.08424
-3.07779
-3.07104
-3.06397
-3.0566
-3.04892
-3.04094
-3.03265
-3.02406
-3.01516
-3.00597
-2.99647
-2.98667
-2.97657
-2.96617
-2.95547
-2.94448
-2.93319
-2.92161
-2.90974
-2.89757
-2.88511
-2.87236
-2.85932
-2.846
-2.83239
-2.81849
-2.80432
-2.78986
-2.77512
-2.7601
-2.7448
-2.72923
-2.71338
-2.69726
-2.68087
-2.66421
-2.64728
-2.63008
-2.61262
-2.5949
-2.57691
-2.55867
-2.54016
-2.52141
-2.50239
-2.48313
-2.46362
-2.44385
-2.42384
-2.40359
-2.3831
-2.36236
-2.34138
-2.32017
-2.29873
-2.27705
-2.25515
-2.23301
-2.21065
-2.18807
-2.16526
-2.14224
-2.119
-2.09555
-2.07188
-2.04801
-2.02392
-1.99964
-1.97515
-1.95046
-1.92557
-1.90049
-1.87521
-1.84975
-1.8241
-1.79826
-1.77224
-1.74604
-1.71966
-1.69311
-1.66639
-1.63949
-1.61243
-1.58521
-1.55783
-1.53028
-1.50259
-1.47473
-1.44673
-1.41858
-1.39029
-1.36185
-1.33328
-1.30457
-1.27572
-1.24675
-1.21764
-1.18842
-1.15907
-1.1296
-1.10001
-1.07032
-1.04051
-1.0106
-0.980579
-0.95046
-0.920243
-0.889931
-0.859527
-0.829034
-0.798455
-0.767793
-0.737051
-0.706233
-0.67534
-0.644378
-0.613347
-0.582252
-0.551096
-0.519882
-0.488612
-0.457291
-0.42592
-0.394504
-0.363045
-0.331547
-0.300013
-0.268445
-0.236848
-0.205223
-0.173575
-0.141906
-0.11022
-0.0785201
-0.0468088
-0.0150898
0.016634
0.0483593
0.0800829
0.111802
0.143512
0.175212
0.206897
0.238565
0.270212
0.301835
0.333431
0.364997
0.39653
0.428026
0.459482
0.490896
0.522264
0.553582
0.584849
0.61606
0.647212
0.678303
0.70933
0.740288
0.771175
0.801989
0.832725
0.863381
0.893954
0.924441
0.954838
0.985143
1.01535
1.04546
1.07547
1.10538
1.13517
1.16486
1.19443
1.22389
1.25323
1.28244
1.31153
1.34049
1.36932
1.39802
1.42658
1.455
1.48327
1.5114
1.53939
1.56722
1.59489
1.62242
1.64978
1.67698
1.70401
1.73088
1.75757
1.7841
1.81044
1.83661
1.8626
1.8884
1.91402
1.93945
1.96469
1.98973
2.01458
2.03923
2.06367
2.08792
2.11195
2.13578
2.1594
2.1828
2.20599
2.22896
2.2517
2.27423
2.29653
2.3186
2.34045
2.36206
2.38343
2.40457
2.42548
2.44614
2.46656
2.48673
2.50666
2.52634
2.54577
2.56495
2.58387
2.60253
2.62094
2.63909
2.65697
2.67459
2.69195
2.70903
2.72585
2.7424
2.75867
2.77467
2.7904
2.80585
2.82101
2.8359
2.85051
2.86483
2.87887
2.89262
2.90608
2.91925
2.93213
2.94472
2.95702
2.96902
2.98073
2.99214
3.00325
3.01407
3.02458
3.03479
3.0447
3.05431
3.06361
3.0726
3.08129
3.08967
3.09775
3.10551
3.11297
3.12011
3.12694
3.13346
3.13967
3.14557
3.15115
3.15642
3.16137
3.166
3.17032
3.17433
3.17801
3.18138
3.18443
3.18716
3.18958
3.19167
3.19345
3.19491
3.19604
3.19686
3.19736
3.19754
3.1974
3.19694
3.19616
3.19506
3.19364
3.1919
3.18984
3.18747
3.18477
3.18176
3.17842
3.17477
3.1708
3.16651
3.16191
3.15699
3.15175
3.1462
3.14033
3.13415
3.12765
3.12084
3.11372
3.10628
3.09854
3.09048
3.08212
3.07344
3.06446
3.05516
3.04557
3.03566
3.02546
3.01494
3.00413
2.99301
2.9816
2.96988
2.95787
2.94556
2.93295
2.92005
2.90686
2.89337
2.8796
2.86553
2.85118
2.83654
2.82161
2.8064
2.79091
2.77514
2.75909
2.74276
2.72616
2.70928
2.69212
2.6747
2.65701
2.63905
2.62083
2.60234
2.58359
2.56458
2.54531
2.52578
2.506
2.48597
2.46569
2.44515
2.42437
2.40335
2.38209
2.36058
2.33884
2.31686
2.29464
2.2722
2.24952
2.22662
2.20349
2.18014
2.15657
2.13278
2.10878
2.08456
2.06013
2.0355
2.01065
1.98561
1.96036
1.93491
1.90927
1.88344
1.85741
1.8312
1.8048
1.77821
1.75145
1.72451
1.69739
1.6701
1.64264
1.61501
1.58722
1.55927
1.53116
1.50289
1.47447
1.4459
1.41719
1.38833
1.35932
1.33018
1.3009
1.27149
1.24195
1.21228
1.18249
1.15257
1.12254
1.09239
1.06213
1.03176
1.00129
0.970708
0.940029
0.909253
0.878384
0.847423
0.816374
0.785241
0.754026
0.722733
0.691364
0.659923
0.628413
0.596836
0.565197
0.533498
0.501743
0.469934
0.438076
0.40617
0.37422
0.34223
0.310202
0.27814
0.246047
0.213927
0.181781
0.149615
0.11743
0.08523
0.0530184
0.0207982
-0.0114272
-0.0436547
-0.0758811
-0.108103
-0.140317
-0.172521
-0.204711
-0.236883
-0.269035
-0.301163
-0.333264
-0.365335
-0.397373
-0.429374
-0.461336
-0.493255
-0.525127
-0.55695
-0.588721
-0.620436
-0.652092
-0.683686
-0.715215
-0.746675
-0.778064
-0.809378
-0.840615
-0.87177
-0.902842
-0.933826
-0.96472
-0.995521
-1.02622
-1.05683
-1.08733
-1.11773
-1.14801
-1.17819
-1.20825
-1.23819
-1.26802
-1.29772
-1.32729
-1.35673
-1.38604
-1.41521
-1.44425
-1.47314
-1.50189
-1.53049
-1.55894
-1.58724
-1.61538
-1.64337
-1.67119
-1.69885
-1.72634
-1.75366
-1.78081
-1.80778
-1.83458
-1.86119
-1.88762
-1.91386
-1.93992
-1.96578
-1.99145
-2.01693
-2.0422
-2.06728
-2.09214
-2.11681
-2.14126
-2.1655
-2.18953
-2.21334
-2.23693
-2.2603
-2.28345
-2.30637
-2.32906
-2.35152
-2.37375
-2.39574
-2.4175
-2.43901
-2.46029
-2.48132
-2.5021
-2.52264
-2.54293
-2.56296
-2.58274
-2.60227
-2.62153
-2.64054
-2.65928
-2.67776
-2.69597
-2.71392
-2.73159
-2.74899
-2.76613
-2.78298
-2.79956
-2.81586
-2.83188
-2.84762
-2.86308
-2.87825
-2.89314
-2.90773
-2.92204
-2.93606
-2.94979
-2.96322
-2.97635
-2.98919
-3.00174
-3.01398
-3.02592
-3.03757
-3.04891
-3.05994
-3.07067
-3.0811
-3.09122
-3.10103
-3.11053
-3.11972
-3.1286
-3.13716
-3.14542
-3.15336
-3.16099
-3.1683
-3.17529
-3.18197
-3.18833
-3.19437
-3.2001
-3.2055
-3.21059
-3.21535
-3.21979
-3.22391
-3.22771
-3.23119
-3.23434
-3.23717
-3.23968
-3.24186
-3.24372
-3.24526
-3.24647
-3.24736
-3.24792
-3.24816
-3.24807
-3.24766
-3.24692
-3.24586
-3.24447
-3.24276
-3.24072
-3.23836
-3.23568
-3.23267
-3.22934
-3.22568
-3.22171
-3.21741
-3.21278
-3.20784
-3.20258
-3.19699
-3.19108
-3.18486
-3.17831
-3.17145
-3.16427
-3.15677
-3.14895
-3.14082
-3.13238
-3.12362
-3.11454
-3.10516
-3.09546
-3.08545
-3.07514
-3.06451
-3.05358
-3.04234
-3.03079
-3.01894
-3.00679
-2.99434
-2.98158
-2.96853
-2.95518
-2.94153
-2.92758
-2.91334
-2.89881
-2.88399
-2.86888
-2.85348
-2.83779
-2.82181
-2.80556
-2.78902
-2.7722
-2.7551
-2.73772
-2.72007
-2.70215
-2.68395
-2.66548
-2.64674
-2.62774
-2.60848
-2.58895
-2.56915
-2.5491
-2.5288
-2.50824
-2.48742
-2.46636
-2.44504
-2.42348
-2.40168
-2.37963
-2.35734
-2.33482
-2.31206
-2.28906
-2.26583
-2.24238
-2.2187
-2.19479
-2.17066
-2.14632
-2.12175
-2.09697
-2.07198
-2.04678
-2.02138
-1.99576
-1.96995
-1.94393
-1.91772
-1.89132
-1.86472
-1.83793
-1.81096
-1.7838
-1.75647
-1.72895
-1.70126
-1.67339
-1.64536
-1.61716
-1.58879
-1.56026
-1.53157
-1.50273
-1.47373
-1.44459
-1.41529
-1.38585
-1.35627
-1.32655
-1.2967
-1.26671
-1.2366
-1.20635
-1.17598
-1.1455
-1.11489
-1.08417
-1.05334
-1.0224
-0.991356
-0.960208
-0.928962
-0.897619
-0.866184
-0.834659
-0.803047
-0.771352
-0.739576
-0.707723
-0.675797
-0.643799
-0.611734
-0.579605
-0.547414
-0.515166
-0.482863
-0.450508
-0.418105
-0.385657
-0.353167
-0.320638
-0.288074
-0.255479
-0.222854
-0.190204
-0.157531
-0.12484
-0.0921323
-0.0594125
-0.0266835
0.00605143
0.038789
0.071526
0.104259
0.136985
0.169701
0.202402
0.235087
0.267752
0.300393
0.333007
0.365592
0.398143
0.430657
0.463132
0.495563
0.527949
0.560284
0.592567
0.624794
0.656962
0.689067
0.721106
0.753077
0.784975
0.816798
0.848543
0.880206
0.911784
0.943274
0.974673
1.00598
1.03718
1.06829
1.09929
1.13019
1.16098
1.19165
1.22221
1.25264
1.28296
1.31315
1.34321
1.37314
1.40294
1.4326
1.46212
1.49149
1.52072
1.5498
1.57873
1.6075
1.63612
1.66457
1.69286
1.72099
1.74894
1.77672
1.80433
1.83176
1.85901
1.88608
1.91296
1.93965
1.96615
1.99246
2.01857
2.04448
2.07019
2.0957
2.12099
2.14608
2.17096
2.19562
2.22006
2.24429
2.26829
2.29207
2.31562
2.33894
2.36204
2.38489
2.40751
2.4299
2.45204
2.47394
2.49559
2.51699
2.53815
2.55906
2.57971
2.6001
2.62024
2.64012
2.65973
2.67908
2.69817
2.71698
2.73553
2.75381
2.77181
2.78953
2.80698
2.82415
2.84104
2.85765
2.87398
2.89001
2.90576
2.92122
2.93639
2.95127
2.96586
2.98015
2.99414
3.00783
3.02123
3.03433
3.04712
3.05961
3.07179
3.08367
3.09524
3.10651
3.11746
3.1281
3.13843
3.14845
3.15816
3.16754
3.17662
3.18538
3.19382
3.20194
3.20974
3.21722
3.22438
3.23122
3.23773
3.24393
3.2498
3.25534
3.26056
3.26546
3.27002
3.27427
3.27818
3.28177
3.28503
3.28796
3.29056
3.29284
3.29478
3.2964
3.29768
3.29864
3.29927
3.29956
3.29953
3.29917
3.29847
3.29745
3.2961
3.29442
3.2924
3.29006
3.28739
3.28439
3.28106
3.27741
3.27342
3.26911
3.26447
3.2595
3.25421
3.24859
3.24264
3.23637
3.22978
3.22286
3.21562
3.20806
3.20018
3.19197
3.18344
3.1746
3.16544
3.15596
3.14616
3.13605
3.12562
3.11488
3.10383
3.09246
3.08079
3.0688
3.05651
3.04391
3.03101
3.0178
3.00429
2.99047
2.97636
2.96194
2.94723
2.93222
2.91692
2.90133
2.88544
2.86926
2.8528
2.83604
2.81901
2.80168
2.78408
2.7662
2.74804
2.7296
2.71088
2.6919
2.67264
2.65311
2.63332
2.61326
2.59294
2.57235
2.55151
2.53041
2.50905
2.48745
2.46559
2.44348
2.42112
2.39852
2.37568
2.3526
2.32928
2.30573
2.28194
2.25792
2.23368
2.20921
2.18451
2.1596
2.13446
2.10911
2.08355
2.05777
2.03179
2.0056
1.97921
1.95262
1.92583
1.89884
1.87166
1.84429
1.81674
1.789
1.76108
1.73298
1.7047
1.67625
1.64763
1.61884
1.58989
1.56078
1.5315
1.50207
1.47249
1.44276
1.41288
1.38285
1.35269
1.32239
1.29195
1.26137
1.23067
1.19985
1.1689
1.13783
1.10664
1.07534
1.04393
1.01241
0.980788
0.949063
0.917241
0.885324
0.853315
0.821217
0.789034
0.756769
0.724425
0.692006
0.659514
0.626953
0.594325
0.561636
0.528886
0.496081
0.463222
0.430314
0.39736
0.364363
0.331326
0.298252
0.265146
0.232009
0.198846
0.16566
0.132454
0.0992314
0.0659955
0.0327497
-0.000502652
-0.0337583
-0.0670139
-0.100266
-0.133512
-0.166747
-0.199969
-0.233175
-0.26636
-0.299522
-0.332658
-0.365764
-0.398836
-0.431872
-0.464867
-0.49782
-0.530726
-0.563583
-0.596386
-0.629133
-0.66182
-0.694445
-0.727003
-0.759492
-0.791908
-0.824248
-0.856509
-0.888687
-0.92078
-0.952784
-0.984696
-1.01651
-1.04823
-1.07985
-1.11136
-1.14276
-1.17406
-1.20523
-1.23629
-1.26724
-1.29805
-1.32874
-1.3593
-1.38973
-1.42002
-1.45017
-1.48018
-1.51005
-1.53977
-1.56933
-1.59875
-1.628
-1.6571
-1.68603
-1.7148
-1.74339
-1.77182
-1.80007
-1.82815
-1.85605
-1.88376
-1.91129
-1.93862
-1.96577
-1.99273
-2.01948
-2.04604
-2.0724
-2.09855
-2.12449
-2.15023
-2.17575
-2.20105
-2.22614
-2.25101
-2.27566
-2.30008
-2.32427
-2.34824
-2.37197
-2.39547
-2.41873
-2.44174
-2.46452
-2.48706
-2.50934
-2.53138
-2.55317
-2.5747
-2.59598
-2.61701
-2.63777
-2.65827
-2.6785
-2.69848
-2.71818
-2.73761
-2.75677
-2.77566
-2.79427
-2.81261
-2.83066
-2.84843
-2.86593
-2.88313
-2.90005
-2.91668
-2.93302
-2.94907
-2.96483
-2.98029
-2.99545
-3.01032
-3.02489
-3.03915
-3.05311
-3.06677
-3.08013
-3.09318
-3.10591
-3.11834
-3.13046
-3.14227
-3.15377
-3.16495
-3.17581
-3.18636
-3.19659
-3.2065
-3.2161
-3.22537
-3.23432
-3.24295
-3.25125
-3.25923
-3.26689
-3.27422
-3.28122
-3.28789
-3.29424
-3.30026
-3.30595
-3.3113
-3.31633
-3.32103
-3.32539
-3.32943
-3.33313
-3.3365
-3.33953
-3.34223
-3.3446
-3.34663
-3.34833
-3.34969
-3.35072
-3.35141
-3.35177
-3.3518
-3.35148
-3.35084
-3.34985
-3.34854
-3.34689
-3.3449
-3.34258
-3.33992
-3.33693
-3.33361
-3.32995
-3.32596
-3.32163
-3.31697
-3.31198
-3.30666
-3.30101
-3.29503
-3.28872
-3.28207
-3.2751
-3.2678
-3.26018
-3.25222
-3.24394
-3.23534
-3.22641
-3.21715
-3.20758
-3.19768
-3.18746
-3.17693
-3.16607
-3.15489
-3.1434
-3.1316
-3.11948
-3.10704
-3.0943
-3.08124
-3.06787
-3.0542
-3.04022
-3.02593
-3.01134
-2.99645
-2.98126
-2.96576
-2.94997
-2.93388
-2.9175
-2.90082
-2.88385
-2.86659
-2.84905
-2.83121
-2.81309
-2.79469
-2.77601
-2.75705
-2.73781
-2.71829
-2.6985
-2.67844
-2.65811
-2.63751
-2.61665
-2.59552
-2.57413
-2.55248
-2.53057
-2.50841
-2.48599
-2.46332
-2.44041
-2.41725
-2.39384
-2.3702
-2.34631
-2.32219
-2.29783
-2.27324
-2.24842
-2.22337
-2.1981
-2.1726
-2.14689
-2.12096
-2.09481
-2.06845
-2.04188
-2.01511
-1.98813
-1.96095
-1.93357
-1.90599
-1.87823
-1.85027
-1.82212
-1.79379
-1.76527
-1.73658
-1.70771
-1.67866
-1.64945
-1.62007
-1.59052
-1.56081
-1.53094
-1.50092
-1.47074
-1.44041
-1.40994
-1.37932
-1.34856
-1.31766
-1.28663
-1.25546
-1.22417
-1.19275
-1.16121
-1.12955
-1.09777
-1.06588
-1.03388
-1.00178
-0.969566
-0.937256
-0.90485
-0.87235
-0.839759
-0.807081
-0.774319
-0.741477
-0.708557
-0.675563
-0.642497
-0.609365
-0.576168
-0.54291
-0.509595
-0.476225
-0.442805
-0.409336
-0.375824
-0.34227
-0.308679
-0.275054
-0.241398
-0.207714
-0.174006
-0.140278
-0.106532
-0.0727718
-0.0390012
-0.00522324
0.0285586
0.0623409
0.0961204
0.129894
0.163657
0.197408
0.231142
0.264857
0.298548
0.332213
0.365848
0.39945
0.433016
0.466541
0.500023
0.533458
0.566844
0.600176
0.633451
0.666666
0.699818
0.732904
0.765919
0.798861
0.831727
0.864512
0.897215
0.929831
0.962357
0.99479
1.02713
1.05936
1.0915
1.12353
1.15545
1.18726
1.21895
1.25052
1.28197
1.3133
1.3445
1.37556
1.40649
1.43729
1.46794
1.49845
1.52882
1.55903
1.58909
1.619
1.64874
1.67833
1.70775
1.737
1.76608
1.79498
1.82371
1.85226
1.88063
1.90882
1.93681
1.96462
1.99223
2.01964
2.04686
2.07387
2.10068
2.12728
2.15367
2.17985
2.20581
2.23155
2.25708
2.28238
2.30745
2.3323
2.35692
2.3813
2.40545
2.42936
2.45302
2.47645
2.49963
2.52256
2.54525
2.56768
2.58985
2.61177
2.63343
2.65483
2.67597
2.69684
2.71744
2.73777
2.75783
2.77762
2.79713
2.81637
2.83532
2.85399
2.87238
2.89049
2.9083
2.92583
2.94307
2.96001
2.97666
2.99301
3.00907
3.02483
3.04028
3.05543
3.07028
3.08483
3.09906
3.11299
3.12661
3.13992
3.15291
3.16559
3.17796
3.19001
3.20174
3.21315
3.22424
3.23501
3.24546
3.25558
3.26538
3.27486
3.284
3.29282
3.30132
3.30948
3.31731
3.32481
3.33198
3.33882
3.34532
3.35149
3.35733
3.36283
3.36799
3.37282
3.37731
3.38147
3.38528
3.38876
3.3919
3.3947
3.39716
3.39929
3.40107
3.40251
3.40361
3.40438
3.4048
3.40488
3.40462
3.40402
3.40308
3.4018
3.40018
3.39822
3.39592
3.39328
3.3903
3.38698
3.38332
3.37932
3.37499
3.37031
3.3653
3.35996
3.35427
3.34825
3.34189
3.3352
3.32818
3.32082
3.31313
3.3051
3.29675
3.28806
3.27905
3.26971
3.26003
3.25004
3.23971
3.22906
3.21809
3.20679
3.19517
3.18323
3.17098
3.1584
3.1455
3.13229
3.11877
3.10493
3.09078
3.07632
3.06155
3.04648
3.0311
3.01541
2.99942
2.98313
2.96653
2.94964
2.93246
2.91497
2.8972
2.87913
2.86078
2.84213
2.8232
2.80399
2.78449
2.76471
2.74466
2.72432
2.70372
2.68284
2.66169
2.64027
2.61859
2.59664
2.57443
2.55196
2.52923
2.50625
2.48301
2.45953
2.43579
2.41181
2.38759
2.36313
2.33842
2.31348
2.28831
2.2629
2.23727
2.21141
2.18533
2.15902
2.1325
2.10576
2.07881
2.05164
2.02427
1.9967
1.96892
1.94094
1.91276
1.88439
1.85583
1.82708
1.79815
1.76903
1.73973
1.71026
1.68061
1.65079
1.62081
1.59065
1.56034
1.52987
1.49924
1.46845
1.43752
1.40644
1.37522
1.34386
1.31235
1.28072
1.24895
1.21706
1.18504
1.1529
1.12064
1.08826
1.05577
1.02318
0.990477
0.957673
0.92477
0.891771
0.85868
0.825499
0.792233
0.758884
0.725456
0.691952
0.658375
0.62473
0.591018
0.557244
0.523411
0.489522
0.455581
0.421591
0.387555
0.353477
0.319361
0.285209
0.251025
0.216812
0.182575
0.148316
0.114038
0.0797458
0.0454421
0.0111304
-0.0231858
-0.0575031
-0.0918181
-0.126127
-0.160427
-0.194715
-0.228986
-0.263238
-0.297467
-0.33167
-0.365843
-0.399983
-0.434086
-0.468149
-0.502169
-0.536142
-0.570065
-0.603934
-0.637746
-0.671498
-0.705186
-0.738807
-0.772357
-0.805834
-0.839233
-0.872552
-0.905786
-0.938934
-0.971991
-1.00495
-1.03782
-1.07058
-1.10325
-1.1358
-1.16824
-1.20058
-1.23279
-1.26488
-1.29685
-1.3287
-1.36041
-1.39199
-1.42344
-1.45474
-1.48591
-1.51693
-1.5478
-1.57851
-1.60908
-1.63948
-1.66973
-1.69981
-1.72972
-1.75946
-1.78904
-1.81843
-1.84765
-1.87668
-1.90553
-1.93419
-1.96266
-1.99094
-2.01902
-2.0469
-2.07458
-2.10206
-2.12933
-2.15638
-2.18323
-2.20986
-2.23627
-2.26246
-2.28843
-2.31417
-2.33968
-2.36496
-2.39
-2.41481
-2.43938
-2.46371
-2.4878
-2.51163
-2.53522
-2.55856
-2.58165
-2.60448
-2.62705
-2.64936
-2.67141
-2.69319
-2.71471
-2.73595
-2.75693
-2.77763
-2.79806
-2.8182
-2.83807
-2.85766
-2.87696
-2.89598
-2.91471
-2.93315
-2.95129
-2.96915
-2.98671
-3.00397
-3.02094
-3.0376
-3.05396
-3.07002
-3.08577
-3.10122
-3.11635
-3.13118
-3.1457
-3.1599
-3.17378
-3.18736
-3.20061
-3.21355
-3.22616
-3.23845
-3.25043
-3.26207
-3.2734
-3.28439
-3.29506
-3.3054
-3.31541
-3.32509
-3.33444
-3.34346
-3.35214
-3.36049
-3.3685
-3.37618
-3.38352
-3.39052
-3.39719
-3.40351
-3.4095
-3.41514
-3.42045
-3.42541
-3.43003
-3.43431
-3.43824
-3.44184
-3.44508
-3.44799
-3.45055
-3.45276
-3.45463
-3.45616
-3.45733
-3.45817
-3.45865
-3.4588
-3.45859
-3.45804
-3.45715
-3.4559
-3.45432
-3.45238
-3.4501
-3.44748
-3.44451
-3.4412
-3.43754
-3.43354
-3.42919
-3.4245
-3.41947
-3.4141
-3.40838
-3.40232
-3.39592
-3.38918
-3.3821
-3.37469
-3.36693
-3.35884
-3.35041
-3.34164
-3.33254
-3.32311
-3.31334
-3.30324
-3.2928
-3.28204
-3.27095
-3.25953
-3.24778
-3.23571
-3.22331
-3.21059
-3.19755
-3.18418
-3.1705
-3.1565
-3.14218
-3.12754
-3.11259
-3.09733
-3.08176
-3.06587
-3.04968
-3.03318
-3.01638
-2.99927
-2.98187
-2.96416
-2.94615
-2.92785
-2.90925
-2.89036
-2.87118
-2.85171
-2.83195
-2.81191
-2.79159
-2.77098
-2.75009
-2.72893
-2.70749
-2.68578
-2.6638
-2.64155
-2.61903
-2.59625
-2.57321
-2.54991
-2.52635
-2.50253
-2.47847
-2.45415
-2.42959
-2.40477
-2.37972
-2.35443
-2.32889
-2.30313
-2.27713
-2.2509
-2.22444
-2.19775
-2.17085
-2.14372
-2.11638
-2.08882
-2.06105
-2.03308
-2.00489
-1.9765
-1.94792
-1.91913
-1.89015
-1.86098
-1.83162
-1.80207
-1.77234
-1.74243
-1.71234
-1.68208
-1.65165
-1.62105
-1.59028
-1.55935
-1.52826
-1.49702
-1.46562
-1.43408
-1.40239
-1.37055
-1.33857
-1.30646
-1.27421
-1.24183
-1.20933
-1.1767
-1.14395
-1.11108
-1.0781
-1.04501
-1.0118
-0.978498
-0.945091
-0.911586
-0.877986
-0.844296
-0.810517
-0.776654
-0.742711
-0.708689
-0.674593
-0.640426
-0.606192
-0.571894
-0.537535
-0.503119
-0.468649
-0.434129
-0.399562
-0.364952
-0.330302
-0.295615
-0.260895
-0.226146
-0.19137
-0.156572
-0.121755
-0.0869221
-0.052077
-0.0172232
0.0176357
0.0524964
0.0873553
0.122209
0.157054
0.191887
0.226704
0.261502
0.296277
0.331026
0.365745
0.400431
0.435081
0.469691
0.504257
0.538776
0.573245
0.60766
0.642017
0.676314
0.710547
0.744712
0.778805
0.812825
0.846766
0.880627
0.914402
0.94809
0.981686
1.01519
1.04859
1.08189
1.11509
1.14818
1.18115
1.21402
1.24676
1.27938
1.31188
1.34425
1.37649
1.40859
1.44056
1.47239
1.50407
1.5356
1.56699
1.59822
1.62929
1.66021
1.69096
1.72154
1.75196
1.7822
1.81227
1.84216
1.87187
1.9014
1.93074
1.95988
1.98884
2.0176
2.04616
2.07451
2.10267
2.13061
2.15835
2.18587
2.21318
2.24027
2.26713
2.29378
2.32019
2.34638
2.37234
2.39806
2.42354
2.44878
2.47378
2.49854
2.52305
2.54731
2.57131
2.59506
2.61856
2.64179
2.66477
2.68748
2.70992
2.73209
2.75399
2.77562
2.79698
2.81805
2.83885
2.85937
2.8796
2.89954
2.9192
2.93857
2.95764
2.97642
2.99491
3.0131
3.03099
3.04857
3.06586
3.08284
3.09951
3.11588
3.13193
3.14767
3.1631
3.17822
3.19302
3.2075
3.22166
3.2355
3.24902
3.26221
3.27508
3.28763
3.29984
3.31173
3.32329
3.33452
3.34541
3.35597
3.3662
3.37609
3.38564
3.39486
3.40374
3.41228
3.42047
3.42833
3.43584
3.44302
3.44984
3.45633
3.46247
3.46826
3.47371
3.47881
3.48356
3.48797
3.49202
3.49573
3.49909
3.5021
3.50476
3.50707
3.50903
3.51063
3.51189
3.5128
3.51335
3.51355
3.51341
3.51291
3.51206
3.51086
3.5093
3.5074
3.50514
3.50254
3.49958
3.49627
3.49262
3.48861
3.48426
3.47955
3.4745
3.4691
3.46335
3.45725
3.45081
3.44403
3.43689
3.42942
3.4216
3.41343
3.40493
3.39608
3.38689
3.37737
3.3675
3.3573
3.34676
3.33588
3.32467
3.31313
3.30125
3.28904
3.27651
3.26364
3.25044
3.23692
3.22308
3.20891
3.19442
3.1796
3.16447
3.14902
3.13325
3.11717
3.10078
3.08407
3.06705
3.04973
3.0321
3.01416
2.99592
2.97738
2.95854
2.9394
2.91996
2.90024
2.88022
2.85991
2.83931
2.81842
2.79725
2.7758
2.75407
2.73207
2.70978
2.68723
2.6644
2.6413
2.61794
2.59431
2.57043
2.54628
2.52187
2.49721
2.4723
2.44714
2.42173
2.39608
2.37018
2.34405
2.31768
2.29107
2.26423
2.23717
2.20987
2.18235
2.15462
2.12666
2.09849
2.0701
2.04151
2.01271
1.9837
1.95449
1.92509
1.89549
1.86569
1.83571
1.80554
1.77519
1.74465
1.71394
1.68306
1.652
1.62077
1.58938
1.55783
1.52612
1.49425
1.46223
1.43006
1.39775
1.36529
1.33269
1.29996
1.26709
1.23409
1.20096
1.16772
1.13435
1.10086
1.06726
1.03355
0.999739
0.96582
0.931802
0.897686
0.863478
0.829179
0.794795
0.760327
0.72578
0.691157
0.656462
0.621697
0.586866
0.551974
0.517023
0.482016
0.446958
0.411852
0.376701
0.341508
0.306278
0.271014
0.23572
0.200398
0.165053
0.129687
0.0943052
0.0589103
0.023506
-0.0119042
-0.0473167
-0.0827281
-0.118135
-0.153533
-0.18892
-0.224291
-0.259643
-0.294973
-0.330277
-0.365551
-0.400793
-0.435997
-0.471162
-0.506283
-0.541357
-0.576381
-0.61135
-0.646262
-0.681112
-0.715898
-0.750616
-0.785262
-0.819833
-0.854326
-0.888736
-0.923061
-0.957298
-0.991442
-1.02549
-1.05944
-1.09329
-1.12703
-1.16066
-1.19418
-1.22758
-1.26086
-1.29402
-1.32706
-1.35996
-1.39273
-1.42537
-1.45787
-1.49022
-1.52243
-1.55449
-1.5864
-1.61815
-1.64974
-1.68117
-1.71244
-1.74354
-1.77446
-1.80522
-1.83579
-1.86619
-1.8964
-1.92642
-1.95626
-1.9859
-2.01535
-2.04459
-2.07364
-2.10248
-2.13112
-2.15954
-2.18775
-2.21575
-2.24353
-2.27108
-2.29841
-2.32551
-2.35239
-2.37903
-2.40544
-2.4316
-2.45753
-2.48321
-2.50865
-2.53384
-2.55878
-2.58347
-2.6079
-2.63207
-2.65598
-2.67963
-2.70301
-2.72613
-2.74897
-2.77154
-2.79384
-2.81586
-2.8376
-2.85905
-2.88023
-2.90112
-2.92172
-2.94203
-2.96205
-2.98177
-3.0012
-3.02033
-3.03916
-3.05769
-3.07591
-3.09383
-3.11144
-3.12874
-3.14573
-3.16241
-3.17877
-3.19481
-3.21054
-3.22595
-3.24104
-3.2558
-3.27024
-3.28436
-3.29815
-3.31161
-3.32474
-3.33754
-3.35
-3.36214
-3.37393
-3.3854
-3.39652
-3.40731
-3.41775
-3.42786
-3.43762
-3.44704
-3.45612
-3.46485
-3.47324
-3.48128
-3.48897
-3.49631
-3.50331
-3.50996
-3.51625
-3.5222
-3.52779
-3.53303
-3.53792
-3.54245
-3.54663
-3.55046
-3.55393
-3.55705
-3.55981
-3.56222
-3.56427
-3.56596
-3.5673
-3.56828
-3.5689
-3.56917
-3.56908
-3.56863
-3.56783
-3.56667
-3.56515
-3.56328
-3.56105
-3.55846
-3.55552
-3.55222
-3.54857
-3.54456
-3.54019
-3.53547
-3.5304
-3.52498
-3.5192
-3.51306
-3.50658
-3.49975
-3.49256
-3.48502
-3.47714
-3.46891
-3.46032
-3.4514
-3.44212
-3.4325
-3.42254
-3.41223
-3.40158
-3.39059
-3.37926
-3.36759
-3.35559
-3.34324
-3.33056
-3.31755
-3.3042
-3.29052
-3.27651
-3.26218
-3.24751
-3.23252
-3.2172
-3.20156
-3.1856
-3.16932
-3.15272
-3.1358
-3.11857
-3.10102
-3.08316
-3.06499
-3.04652
-3.02773
-3.00865
-2.98926
-2.96957
-2.94957
-2.92929
-2.90871
-2.88783
-2.86666
-2.84521
-2.82347
-2.80144
-2.77913
-2.75655
-2.73368
-2.71054
-2.68712
-2.66343
-2.63948
-2.61526
-2.59077
-2.56603
-2.54102
-2.51576
-2.49024
-2.46447
-2.43845
-2.41219
-2.38568
-2.35893
-2.33195
-2.30472
-2.27727
-2.24958
-2.22166
-2.19353
-2.16516
-2.13658
-2.10778
-2.07877
-2.04955
-2.02012
-1.99049
-1.96065
-1.93061
-1.90038
-1.86996
-1.83934
-1.80854
-1.77755
-1.74638
-1.71504
-1.68352
-1.65183
-1.61997
-1.58795
-1.55576
-1.52341
-1.49091
-1.45826
-1.42546
-1.39251
-1.35942
-1.32619
-1.29282
-1.25933
-1.2257
-1.19194
-1.15807
-1.12407
-1.08996
-1.05574
-1.0214
-0.986967
-0.952426
-0.917787
-0.883053
-0.848227
-0.813313
-0.778313
-0.743233
-0.708075
-0.672842
-0.637538
-0.602168
-0.566733
-0.531238
-0.495687
-0.460083
-0.424428
-0.388728
-0.352986
-0.317204
-0.281388
-0.245539
-0.209663
-0.173762
-0.137839
-0.1019
-0.0659467
-0.0299832
0.0059868
0.0419598
0.0779323
0.113901
0.149861
0.18581
0.221744
0.25766
0.293553
0.32942
0.365259
0.401064
0.436833
0.472561
0.508246
0.543884
0.579471
0.615003
0.650478
0.685891
0.721239
0.756518
0.791725
0.826857
0.861909
0.896879
0.931763
0.966557
1.00126
1.03586
1.07037
1.10477
1.13906
1.17324
1.20731
1.24126
1.27509
1.3088
1.34238
1.37583
1.40914
1.44232
1.47535
1.50824
1.54099
1.57358
1.60602
1.6383
1.67042
1.70238
1.73417
1.76579
1.79724
1.82851
1.8596
1.8905
1.92123
1.95176
1.9821
2.01224
2.04219
2.07193
2.10148
2.13081
2.15993
2.18885
2.21754
2.24602
2.27427
2.3023
2.3301
2.35767
2.38501
2.41212
2.43898
2.4656
2.49198
2.51812
2.544
2.56963
2.59501
2.62013
2.64499
2.66959
2.69393
2.71799
2.74179
2.76532
2.78857
2.81155
2.83424
2.85666
2.87879
2.90064
2.9222
2.94347
2.96444
2.98513
3.00551
3.0256
3.04538
3.06487
3.08405
3.10292
3.12149
3.13974
3.15768
3.17531
3.19262
3.20962
3.22629
3.24265
3.25868
3.27439
3.28977
3.30483
3.31955
3.33395
3.34801
3.36174
3.37513
3.38819
3.40091
3.4133
3.42534
3.43704
3.4484
3.45941
3.47008
3.48041
3.49038
3.50001
3.50929
3.51822
3.5268
3.53503
3.5429
3.55042
3.55759
3.5644
3.57086
3.57696
3.5827
3.58809
3.59311
3.59778
3.60209
3.60604
3.60962
3.61285
3.61572
3.61822
3.62037
3.62215
3.62357
3.62463
3.62532
3.62566
3.62563
3.62523
3.62448
3.62336
3.62188
3.62004
3.61784
3.61527
3.61234
3.60905
3.6054
3.60139
3.59702
3.59229
3.58719
3.58174
3.57593
3.56976
3.56324
3.55636
3.54912
3.54152
3.53357
3.52527
3.51661
3.5076
3.49824
3.48853
3.47847
3.46806
3.4573
3.44619
3.43474
3.42295
3.41081
3.39832
3.3855
3.37234
3.35884
3.345
3.33083
3.31632
3.30148
3.2863
3.2708
3.25497
3.23881
3.22232
3.20552
3.18838
3.17093
3.15316
3.13508
3.11667
3.09796
3.07893
3.05959
3.03995
3.02
2.99974
2.97918
2.95832
2.93717
2.91572
2.89397
2.87194
2.84961
2.827
2.8041
2.78092
2.75746
2.73372
2.7097
2.68542
2.66086
2.63603
2.61094
2.58558
2.55996
2.53408
2.50795
2.48156
2.45493
2.42804
2.40091
2.37354
2.34592
2.31807
2.28998
2.26167
2.23312
2.20435
2.17535
2.14614
2.1167
2.08705
2.05719
2.02712
1.99685
1.96637
1.93569
1.90482
1.87375
1.84249
1.81105
1.77942
1.74761
1.71562
1.68346
1.65112
1.61862
1.58595
1.55312
1.52013
1.48699
1.45369
1.42025
1.38666
1.35292
1.31905
1.28505
1.25091
1.21664
1.18225
1.14774
1.11311
1.07836
1.0435
1.00854
0.973468
0.938297
0.903029
0.867667
0.832215
0.796676
0.761054
0.725352
0.689574
0.653724
0.617804
0.58182
0.545773
0.509668
0.473509
0.437299
0.401041
0.36474
0.328398
0.292021
0.25561
0.21917
0.182704
0.146217
0.109711
0.0731908
0.0366595
0.000120843
-0.0364214
-0.0729638
-0.109502
-0.146034
-0.182554
-0.21906
-0.255548
-0.292013
-0.328453
-0.364864
-0.401242
-0.437584
-0.473885
-0.510143
-0.546353
-0.582513
-0.618617
-0.654664
-0.690648
-0.726567
-0.762417
-0.798194
-0.833896
-0.869517
-0.905055
-0.940506
-0.975866
-1.01113
-1.0463
-1.08137
-1.11633
-1.15119
-1.18593
-1.22056
-1.25507
-1.28946
-1.32372
-1.35785
-1.39185
-1.42572
-1.45944
-1.49303
-1.52646
-1.55975
-1.59289
-1.62586
-1.65868
-1.69134
-1.72383
-1.75616
-1.78831
-1.82028
-1.85208
-1.88369
-1.91512
-1.94636
-1.97741
-2.00826
-2.03892
-2.06937
-2.09962
-2.12967
-2.1595
-2.18912
-2.21853
-2.24772
-2.27668
-2.30542
-2.33393
-2.36221
-2.39026
-2.41807
-2.44565
-2.47298
-2.50007
-2.52691
-2.5535
-2.57983
-2.60591
-2.63174
-2.6573
-2.6826
-2.70763
-2.7324
-2.75689
-2.78112
-2.80506
-2.82873
-2.85212
-2.87522
-2.89804
-2.92057
-2.94281
-2.96476
-2.98642
-3.00778
-3.02884
-3.0496
-3.07006
-3.09021
-3.11005
-3.12959
-3.14881
-3.16773
-3.18632
-3.2046
-3.22257
-3.24021
-3.25753
-3.27452
-3.29119
-3.30753
-3.32354
-3.33923
-3.35457
-3.36959
-3.38427
-3.39861
-3.41262
-3.42628
-3.43961
-3.45259
-3.46522
-3.47752
-3.48946
-3.50106
-3.51231
-3.52321
-3.53375
-3.54395
-3.55379
-3.56328
-3.57241
-3.58118
-3.5896
-3.59766
-3.60536
-3.6127
-3.61968
-3.6263
-3.63256
-3.63846
-3.64399
-3.64916
-3.65396
-3.6584
-3.66247
-3.66618
-3.66952
-3.67249
-3.6751
-3.67734
-3.67921
-3.68072
-3.68186
-3.68262
-3.68303
-3.68306
-3.68272
-3.68202
-3.68095
-3.6795
-3.6777
-3.67552
-3.67297
-3.67006
-3.66678
-3.66314
-3.65912
-3.65474
-3.65
-3.64489
-3.63941
-3.63357
-3.62737
-3.6208
-3.61387
-3.60658
-3.59893
-3.59091
-3.58254
-3.5738
-3.56471
-3.55526
-3.54546
-3.5353
-3.52478
-3.51391
-3.50269
-3.49112
-3.4792
-3.46692
-3.4543
-3.44134
-3.42802
-3.41437
-3.40037
-3.38603
-3.37135
-3.35633
-3.34097
-3.32528
-3.30925
-3.29289
-3.2762
-3.25919
-3.24184
-3.22417
-3.20617
-3.18785
-3.16921
-3.15025
-3.13098
-3.11139
-3.09148
-3.07127
-3.05074
-3.02991
-3.00878
-2.98734
-2.9656
-2.94356
-2.92123
-2.8986
-2.87567
-2.85246
-2.82896
-2.80518
-2.78111
-2.75676
-2.73214
-2.70724
-2.68206
-2.65662
-2.6309
-2.60492
-2.57868
-2.55218
-2.52542
-2.4984
-2.47113
-2.44362
-2.41585
-2.38784
-2.35959
-2.3311
-2.30237
-2.27341
-2.24422
-2.21481
-2.18517
-2.1553
-2.12522
-2.09492
-2.06442
-2.0337
-2.00277
-1.97164
-1.94031
-1.90879
-1.87707
-1.84516
-1.81306
-1.78077
-1.74831
-1.71567
-1.68285
-1.64986
-1.6167
-1.58338
-1.5499
-1.51626
-1.48246
-1.44851
-1.41441
-1.38017
-1.34579
-1.31127
-1.27661
-1.24182
-1.20691
-1.17187
-1.13671
-1.10143
-1.06604
-1.03054
-0.994933
-0.959223
-0.923413
-0.887508
-0.851509
-0.815423
-0.779251
-0.742997
-0.706666
-0.67026
-0.633784
-0.59724
-0.560633
-0.523967
-0.487244
-0.450469
-0.413645
-0.376777
-0.339866
-0.302919
-0.265937
-0.228925
-0.191886
-0.154824
-0.117744
-0.0806474
-0.0435394
-0.00642327
0.0306972
0.0678183
0.104936
0.142048
0.179148
0.216235
0.253303
0.29035
0.327372
0.364365
0.401325
0.438248
0.475131
0.511971
0.548763
0.585504
0.62219
0.658817
0.695382
0.731881
0.768311
0.804668
0.840947
0.877147
0.913262
0.949289
0.985225
1.02107
1.05681
1.09245
1.12798
1.16341
1.19872
1.23392
1.269
1.30395
1.33878
1.37347
1.40803
1.44246
1.47674
1.51088
1.54487
1.57871
1.6124
1.64593
1.6793
1.7125
1.74553
1.7784
1.81109
1.8436
1.87593
1.90807
1.94003
1.9718
2.00337
2.03475
2.06592
2.0969
2.12766
2.15822
2.18856
2.21869
2.2486
2.27828
2.30775
2.33698
2.36598
2.39475
2.42329
2.45158
2.47963
2.50744
2.53499
2.5623
2.58935
2.61615
2.64269
2.66897
2.69498
2.72073
2.7462
2.77141
2.79634
2.82099
2.84536
2.86945
2.89326
2.91678
2.94001
2.96295
2.98559
3.00794
3.02999
3.05174
3.07318
3.09432
3.11516
3.13568
3.15589
3.17579
3.19537
3.21464
3.23358
3.25221
3.27051
3.28849
3.30613
3.32345
3.34044
3.3571
3.37342
3.38941
3.40506
3.42037
3.43534
3.44997
3.46426
3.4782
3.49179
3.50503
3.51793
3.53048
3.54267
3.55451
3.566
3.57713
3.5879
3.59832
3.60838
3.61808
3.62742
3.63639
3.64501
3.65325
3.66114
3.66866
3.67581
3.6826
3.68902
3.69507
3.70075
3.70606
3.71101
3.71558
3.71978
3.72361
3.72706
3.73015
3.73286
3.7352
3.73717
3.73876
3.73998
3.74082
3.74129
3.74139
3.74111
3.74046
3.73943
3.73803
3.73626
3.73411
3.73159
3.72869
3.72543
3.72179
3.71777
3.71339
3.70863
3.7035
3.698
3.69213
3.68589
3.67928
3.67231
3.66496
3.65725
3.64917
3.64072
3.63191
3.62274
3.6132
3.6033
3.59304
3.58242
3.57144
3.5601
3.54841
3.53636
3.52395
3.51119
3.49808
3.48462
3.4708
3.45664
3.44213
3.42728
3.41208
3.39654
3.38065
3.36443
3.34787
3.33097
3.31374
3.29618
3.27828
3.26006
3.2415
3.22262
3.20342
3.18389
3.16405
3.14388
3.1234
3.1026
3.0815
3.06008
3.03835
3.01632
2.99398
2.97135
2.94841
2.92517
2.90165
2.87782
2.85371
2.82931
2.80463
2.77966
2.75441
2.72888
2.70308
2.67701
2.65066
2.62405
2.59717
2.57003
2.54263
2.51498
2.48706
2.4589
2.43049
2.40183
2.37293
2.34379
2.31441
2.2848
2.25496
2.22489
2.19459
2.16407
2.13333
2.10237
2.0712
2.03983
2.00824
1.97645
1.94446
1.91227
1.87988
1.84731
1.81455
1.7816
1.74847
1.71516
1.68168
1.64803
1.61421
1.58022
1.54607
1.51177
1.47731
1.44269
1.40794
1.37303
1.33799
1.30281
1.26749
1.23204
1.19647
1.16078
1.12496
1.08903
1.05298
1.01683
0.980574
0.944214
0.907756
0.871204
0.834561
0.79783
0.761017
0.724123
0.687154
0.650112
0.613001
0.575825
0.538588
0.501294
0.463945
0.426547
0.389102
0.351614
0.314088
0.276526
0.238933
0.201312
0.163667
0.126003
0.0883214
0.0506277
0.0129251
-0.0247826
-0.0624915
-0.100198
-0.137898
-0.175588
-0.213265
-0.250924
-0.288561
-0.326174
-0.363757
-0.401308
-0.438823
-0.476297
-0.513728
-0.551111
-0.588442
-0.625719
-0.662936
-0.700091
-0.73718
-0.774199
-0.811144
-0.848011
-0.884798
-0.921499
-0.958113
-0.994634
-1.03106
-1.06738
-1.10361
-1.13972
-1.17573
-1.21162
-1.24739
-1.28305
-1.31858
-1.35398
-1.38924
-1.42438
-1.45937
-1.49422
-1.52893
-1.56348
-1.59788
-1.63213
-1.66622
-1.70014
-1.7339
-1.76749
-1.8009
-1.83414
-1.86719
-1.90007
-1.93275
-1.96525
-1.99755
-2.02966
-2.06157
-2.09327
-2.12477
-2.15606
-2.18713
-2.21799
-2.24864
-2.27906
-2.30925
-2.33922
-2.36895
-2.39846
-2.42772
-2.45675
-2.48553
-2.51407
-2.54236
-2.57039
-2.59818
-2.6257
-2.65297
-2.67997
-2.70671
-2.73318
-2.75938
-2.78531
-2.81096
-2.83633
-2.86142
-2.88623
-2.91075
-2.93498
-2.95892
-2.98257
-3.00592
-3.02897
-3.05173
-3.07418
-3.09632
-3.11816
-3.13969
-3.1609
-3.18181
-3.20239
-3.22266
-3.24261
-3.26223
-3.28153
-3.30051
-3.31916
-3.33747
-3.35546
-3.37311
-3.39042
-3.4074
-3.42404
-3.44034
-3.45629
-3.47191
-3.48717
-3.50209
-3.51666
-3.53088
-3.54475
-3.55827
-3.57143
-3.58423
-3.59668
-3.60877
-3.6205
-3.63187
-3.64288
-3.65352
-3.6638
-3.67371
-3.68326
-3.69244
-3.70125
-3.7097
-3.71777
-3.72547
-3.7328
-3.73976
-3.74634
-3.75255
-3.75839
-3.76385
-3.76893
-3.77364
-3.77797
-3.78192
-3.7855
-3.7887
-3.79152
-3.79396
-3.79602
-3.7977
-3.799
-3.79993
-3.80047
-3.80063
-3.80041
-3.79981
-3.79884
-3.79748
-3.79574
-3.79362
-3.79113
-3.78825
-3.785
-3.78136
-3.77735
-3.77296
-3.76819
-3.76304
-3.75752
-3.75162
-3.74535
-3.7387
-3.73167
-3.72428
-3.7165
-3.70836
-3.69985
-3.69096
-3.6817
-3.67208
-3.66208
-3.65172
-3.641
-3.6299
-3.61845
-3.60663
-3.59445
-3.58191
-3.569
-3.55575
-3.54213
-3.52816
-3.51383
-3.49915
-3.48412
-3.46874
-3.45301
-3.43694
-3.42052
-3.40375
-3.38665
-3.3692
-3.35141
-3.33329
-3.31483
-3.29604
-3.27692
-3.25747
-3.23769
-3.21758
-3.19715
-3.1764
-3.15533
-3.13394
-3.11224
-3.09022
-3.06789
-3.04526
-3.02231
-2.99906
-2.97551
-2.95166
-2.92751
-2.90307
-2.87833
-2.85331
-2.82799
-2.80239
-2.77651
-2.75035
-2.7239
-2.69719
-2.6702
-2.64294
-2.61542
-2.58763
-2.55958
-2.53127
-2.5027
-2.47389
-2.44482
-2.4155
-2.38594
-2.35614
-2.3261
-2.29582
-2.26531
-2.23457
-2.20361
-2.17242
-2.14101
-2.10938
-2.07754
-2.04549
-2.01323
-1.98077
-1.94811
-1.91524
-1.88219
-1.84894
-1.8155
-1.78188
-1.74807
-1.71409
-1.67993
-1.64561
-1.61111
-1.57645
-1.54163
-1.50665
-1.47151
-1.43623
-1.4008
-1.36522
-1.32951
-1.29365
-1.25767
-1.22156
-1.18532
-1.14895
-1.11247
-1.07588
-1.03917
-1.00236
-0.965439
-0.92842
-0.891306
-0.854098
-0.816801
-0.779418
-0.741954
-0.704412
-0.666796
-0.629109
-0.591356
-0.55354
-0.515665
-0.477734
-0.439752
-0.401721
-0.363647
-0.325533
-0.287383
-0.2492
-0.210988
-0.172751
-0.134493
-0.0962179
-0.0579293
-0.019631
0.018673
0.056979
0.0952831
0.133582
0.17187
0.210146
0.248404
0.286642
0.324854
0.363038
0.401189
0.439304
0.477379
0.51541
0.553393
0.591325
0.629202
0.667019
0.704773
0.742461
0.780078
0.817621
0.855086
0.892469
0.929766
0.966975
1.00409
1.04111
1.07803
1.11484
1.15155
1.18814
1.22462
1.26098
1.29722
1.33333
1.36932
1.40517
1.44088
1.47645
1.51188
1.54716
1.58229
1.61726
1.65208
1.68673
1.72122
1.75554
1.78969
1.82366
1.85746
1.89107
1.92449
1.95773
1.99077
2.02362
2.05627
2.08872
2.12096
2.15299
2.18481
2.21642
2.2478
2.27897
2.30991
2.34062
2.3711
2.40135
2.43136
2.46113
2.49065
2.51994
2.54897
2.57775
2.60627
2.63454
2.66254
2.69029
2.71776
2.74497
2.77191
2.79857
2.82495
2.85106
2.87688
2.90241
2.92766
2.95262
2.97729
3.00166
3.02573
3.0495
3.07297
3.09614
3.119
3.14155
3.16378
3.1857
3.20731
3.2286
3.24956
3.27021
3.29053
3.31052
3.33018
3.34951
3.36851
3.38718
3.4055
3.42349
3.44114
3.45844
3.4754
3.49202
3.50829
3.52421
3.53977
3.55499
3.56985
3.58436
3.5985
3.61229
3.62572
3.63879
3.6515
3.66384
3.67582
3.68743
3.69868
3.70955
3.72006
3.73019
3.73995
3.74934
3.75836
3.767
3.77526
3.78315
3.79066
3.79779
3.80454
3.81092
3.81691
3.82252
3.82775
3.8326
3.83706
3.84114
3.84484
3.84816
3.85108
3.85363
3.85579
3.85756
3.85895
3.85995
3.86057
3.8608
3.86064
3.8601
3.85918
3.85786
3.85616
3.85408
3.85161
3.84875
3.84551
3.84188
3.83787
3.83348
3.8287
3.82353
3.81799
3.81206
3.80575
3.79906
3.79199
3.78454
3.77671
3.7685
3.75992
3.75095
3.74161
3.7319
3.72181
3.71135
3.70052
3.68931
3.67774
3.66579
3.65348
3.6408
3.62776
3.61435
3.60058
3.58645
3.57196
3.55711
3.5419
3.52633
3.51042
3.49415
3.47753
3.46055
3.44324
3.42557
3.40756
3.38921
3.37052
3.35149
3.33212
3.31242
3.29238
3.27201
3.25132
3.23029
3.20894
3.18727
3.16528
3.14296
3.12034
3.09739
3.07414
3.05057
3.0267
3.00252
2.97805
2.95327
2.92819
2.90281
2.87715
2.85119
2.82495
2.79842
2.77161
2.74452
2.71715
2.6895
2.66159
2.63341
2.60496
2.57624
2.54727
2.51804
2.48855
2.45881
2.42883
2.3986
2.36812
2.33741
2.30645
2.27527
2.24385
2.21221
2.18034
2.14825
2.11594
2.08342
2.05068
2.01774
1.98459
1.95125
1.9177
1.88395
1.85002
1.8159
1.78159
1.7471
1.71243
1.67759
1.64258
1.60739
1.57205
1.53654
1.50088
1.46506
1.42909
1.39298
1.35672
1.32033
1.2838
1.24713
1.21034
1.17342
1.13638
1.09923
1.06196
1.02458
0.987096
0.949509
0.911823
0.874042
0.836169
0.798209
0.760166
0.722043
0.683844
0.645572
0.607232
0.568828
0.530363
0.491841
0.453266
0.414642
0.375972
0.337261
0.298513
0.259731
0.220919
0.18208
0.14322
0.104342
0.0654491
0.0265459
-0.0123638
-0.0512762
-0.0901873
-0.129093
-0.16799
-0.206874
-0.245742
-0.284588
-0.32341
-0.362204
-0.400965
-0.43969
-0.478375
-0.517016
-0.555609
-0.59415
-0.632636
-0.671063
-0.709426
-0.747722
-0.785947
-0.824097
-0.862169
-0.900158
-0.938061
-0.975874
-1.01359
-1.05122
-1.08874
-1.12615
-1.16346
-1.20065
-1.23773
-1.27469
-1.31152
-1.34823
-1.3848
-1.42124
-1.45754
-1.4937
-1.52972
-1.56558
-1.60129
-1.63685
-1.67224
-1.70747
-1.74254
-1.77743
-1.81215
-1.84669
-1.88105
-1.91522
-1.94921
-1.98301
-2.01661
-2.05001
-2.08321
-2.11621
-2.14899
-2.18157
-2.21393
-2.24607
-2.27799
-2.30969
-2.34116
-2.3724
-2.4034
-2.43417
-2.46469
-2.49498
-2.52501
-2.5548
-2.58433
-2.61361
-2.64263
-2.67139
-2.69989
-2.72811
-2.75607
-2.78376
-2.81117
-2.8383
-2.86515
-2.89171
-2.91799
-2.94398
-2.96968
-2.99508
-3.02019
-3.045
-3.0695
-3.09371
-3.1176
-3.14118
-3.16446
-3.18742
-3.21006
-3.23238
-3.25438
-3.27606
-3.29742
-3.31844
-3.33914
-3.35951
-3.37954
-3.39923
-3.41859
-3.43761
-3.45628
-3.47461
-3.4926
-3.51024
-3.52753
-3.54446
-3.56105
-3.57728
-3.59315
-3.60867
-3.62383
-3.63863
-3.65306
-3.66713
-3.68084
-3.69417
-3.70715
-3.71975
-3.73198
-3.74384
-3.75532
-3.76643
-3.77717
-3.78753
-3.79751
-3.80711
-3.81633
-3.82517
-3.83363
-3.84171
-3.8494
-3.85671
-3.86364
-3.87018
-3.87633
-3.8821
-3.88748
-3.89247
-3.89707
-3.90128
-3.9051
-3.90853
-3.91158
-3.91423
-3.91649
-3.91836
-3.91983
-3.92092
-3.92161
-3.92191
-3.92182
-3.92134
-3.92046
-3.91919
-3.91753
-3.91548
-3.91304
-3.9102
-3.90698
-3.90336
-3.89935
-3.89495
-3.89016
-3.88499
-3.87942
-3.87346
-3.86712
-3.86039
-3.85327
-3.84577
-3.83788
-3.82961
-3.82095
-3.81191
-3.80249
-3.79268
-3.7825
-3.77194
-3.761
-3.74968
-3.73798
-3.72591
-3.71347
-3.70065
-3.68747
-3.67391
-3.65998
-3.64569
-3.63103
-3.61601
-3.60062
-3.58487
-3.56876
-3.5523
-3.53547
-3.51829
-3.50076
-3.48288
-3.46464
-3.44606
-3.42713
-3.40785
-3.38824
-3.36828
-3.34798
-3.32735
-3.30638
-3.28508
-3.26345
-3.24149
-3.2192
-3.19659
-3.17366
-3.15041
-3.12684
-3.10295
-3.07876
-3.05425
-3.02944
-3.00431
-2.97889
-2.95317
-2.92714
-2.90083
-2.87422
-2.84732
-2.82013
-2.79266
-2.7649
-2.73687
-2.70856
-2.67998
-2.65112
-2.622
-2.59261
-2.56296
-2.53305
-2.50289
-2.47247
-2.4418
-2.41088
-2.37972
-2.34832
-2.31668
-2.28481
-2.2527
-2.22037
-2.18781
-2.15503
-2.12203
-2.08881
-2.05538
-2.02174
-1.9879
-1.95386
-1.91961
-1.88517
-1.85054
-1.81572
-1.78072
-1.74553
-1.71017
-1.67463
-1.63892
-1.60304
-1.567
-1.5308
-1.49444
-1.45793
-1.42127
-1.38446
-1.34752
-1.31043
-1.27321
-1.23585
-1.19837
-1.16077
-1.12305
-1.08521
-1.04726
-1.00919
-0.971029
-0.932763
-0.8944
-0.855944
-0.817398
-0.778766
-0.740053
-0.701262
-0.662397
-0.623461
-0.58446
-0.545396
-0.506274
-0.467097
-0.42787
-0.388595
-0.349278
-0.309923
-0.270532
-0.23111
-0.191661
-0.152189
-0.112698
-0.0731921
-0.0336746
0.00585029
0.0453785
0.0849062
0.124429
0.163944
0.203446
0.242932
0.282397
0.321838
0.361251
0.400632
0.439977
0.479281
0.518542
0.557754
0.596915
0.63602
0.675065
0.714047
0.752961
0.791804
0.830572
0.86926
0.907865
0.946383
0.984811
1.02314
1.06138
1.09951
1.13754
1.17545
1.21325
1.25094
1.2885
1.32594
1.36325
1.40043
1.43747
1.47437
1.51112
1.54773
1.58419
1.6205
1.65664
1.69262
1.72844
1.76409
1.79956
1.83486
1.86998
1.90492
1.93967
1.97422
2.00859
2.04275
2.07672
2.11048
2.14403
2.17738
2.2105
2.24342
2.2761
2.30857
2.34081
2.37281
2.40459
2.43612
2.46742
2.49847
2.52927
2.55983
2.59013
2.62017
2.64996
2.67948
2.70874
2.73774
2.76646
2.7949
2.82307
2.85097
2.87857
2.9059
2.93293
2.95968
2.98613
3.01229
3.03814
3.0637
3.08895
3.1139
3.13853
3.16286
3.18687
3.21057
3.23394
3.257
3.27973
3.30214
3.32422
3.34596
3.36738
3.38846
3.40921
3.42961
3.44968
3.4694
3.48877
3.5078
3.52649
3.54482
3.56279
3.58042
3.59768
3.61459
3.63114
3.64733
3.66315
3.67861
3.69371
3.70843
3.72279
3.73677
3.75039
3.76363
3.77649
3.78898
3.80109
3.81282
3.82417
3.83514
3.84573
3.85593
3.86575
3.87519
3.88423
3.89289
3.90117
3.90905
3.91654
3.92364
3.93035
3.93667
3.94259
3.94812
3.95326
3.958
3.96235
3.9663
3.96985
3.97301
3.97577
3.97813
3.9801
3.98166
3.98283
3.9836
3.98398
3.98395
3.98353
3.98271
3.98149
3.97987
3.97785
3.97544
3.97262
3.96941
3.96581
3.9618
3.9574
3.9526
3.94741
3.94182
3.93584
3.92946
3.92269
3.91553
3.90797
3.90003
3.89169
3.88296
3.87384
3.86434
3.85445
3.84417
3.8335
3.82245
3.81102
3.7992
3.78701
3.77443
3.76148
3.74815
3.73444
3.72036
3.7059
3.69107
3.67587
3.6603
3.64437
3.62807
3.6114
3.59437
3.57698
3.55923
3.54112
3.52266
3.50384
3.48467
3.46515
3.44529
3.42507
3.40451
3.38361
3.36237
3.34079
3.31887
3.29662
3.27403
3.25112
3.22788
3.20432
3.18043
3.15622
3.13169
3.10685
3.0817
3.05623
3.03046
3.00438
2.97799
2.95131
2.92433
2.89705
2.86949
2.84163
2.81348
2.78505
2.75634
2.72735
2.69809
2.66855
2.63874
2.60867
2.57833
2.54773
2.51688
2.48576
2.4544
2.42279
2.39093
2.35883
2.32649
2.29392
2.26111
2.22807
2.19481
2.16133
2.12762
2.0937
2.05957
2.02522
1.99067
1.95592
1.92097
1.88583
1.85049
1.81496
1.77925
1.74335
1.70728
1.67104
1.63462
1.59804
1.56129
1.52438
1.48732
1.4501
1.41274
1.37523
1.33758
1.29979
1.26187
1.22382
1.18564
1.14734
1.10892
1.07039
1.03174
0.99299
0.954136
0.915182
0.876132
0.836991
0.797762
0.75845
0.719058
0.67959
0.64005
0.600442
0.560771
0.521039
0.481251
0.441411
0.401523
0.36159
0.321618
0.281609
0.241568
0.201499
0.161406
0.121293
0.0811636
0.0410221
0.000872487
-0.0392813
-0.0794351
-0.119585
-0.159727
-0.199857
-0.239971
-0.280065
-0.320135
-0.360177
-0.400187
-0.440161
-0.480095
-0.519985
-0.559827
-0.599617
-0.639351
-0.679025
-0.718635
-0.758177
-0.797648
-0.837042
-0.876357
-0.915588
-0.954731
-0.993783
-1.03274
-1.0716
-1.11035
-1.149
-1.18753
-1.22595
-1.26425
-1.30243
-1.34049
-1.37841
-1.4162
-1.45385
-1.49136
-1.52872
-1.56594
-1.603
-1.6399
-1.67665
-1.71323
-1.74964
-1.78588
-1.82195
-1.85784
-1.89354
-1.92906
-1.9644
-1.99953
-2.03448
-2.06922
-2.10376
-2.13809
-2.17221
-2.20611
-2.2398
-2.27327
-2.30652
-2.33954
-2.37232
-2.40488
-2.43719
-2.46927
-2.5011
-2.53269
-2.56402
-2.5951
-2.62593
-2.65649
-2.6868
-2.71683
-2.7466
-2.7761
-2.80532
-2.83427
-2.86293
-2.89131
-2.91941
-2.94721
-2.97473
-3.00194
-3.02887
-3.05549
-3.0818
-3.10782
-3.13352
-3.15892
-3.184
-3.20876
-3.23321
-3.25733
-3.28113
-3.30461
-3.32776
-3.35058
-3.37306
-3.39521
-3.41702
-3.4385
-3.45963
-3.48041
-3.50085
-3.52095
-3.54069
-3.56008
-3.57912
-3.5978
-3.61612
-3.63409
-3.65169
-3.66893
-3.6858
-3.70231
-3.71844
-3.73421
-3.74961
-3.76463
-3.77928
-3.79355
-3.80744
-3.82095
-3.83409
-3.84684
-3.85921
-3.87119
-3.88278
-3.89399
-3.90482
-3.91525
-3.92529
-3.93494
-3.9442
-3.95306
-3.96153
-3.9696
-3.97728
-3.98456
-3.99145
-3.99793
-4.00402
-4.0097
-4.01499
-4.01987
-4.02435
-4.02844
-4.03211
-4.03539
-4.03826
-4.04073
-4.0428
-4.04446
-4.04571
-4.04657
-4.04701
-4.04706
-4.0467
-4.04593
-4.04476
-4.04318
-4.0412
-4.03882
-4.03603
-4.03284
-4.02924
-4.02524
-4.02084
-4.01604
-4.01083
-4.00522
-3.99921
-3.9928
-3.98599
-3.97878
-3.97118
-3.96317
-3.95477
-3.94597
-3.93677
-3.92718
-3.9172
-3.90683
-3.89606
-3.8849
-3.87335
-3.86142
-3.84909
-3.83638
-3.82329
-3.80981
-3.79595
-3.78171
-3.76709
-3.75209
-3.73671
-3.72096
-3.70484
-3.68834
-3.67147
-3.65424
-3.63663
-3.61867
-3.60033
-3.58164
-3.56259
-3.54317
-3.5234
-3.50328
-3.48281
-3.46198
-3.44081
-3.41929
-3.39742
-3.37522
-3.35267
-3.32979
-3.30657
-3.28302
-3.25913
-3.23492
-3.21039
-3.18553
-3.16034
-3.13485
-3.10903
-3.0829
-3.05646
-3.02971
-3.00266
-2.9753
-2.94764
-2.91969
-2.89144
-2.8629
-2.83407
-2.80495
-2.77555
-2.74587
-2.71591
-2.68568
-2.65517
-2.6244
-2.59336
-2.56206
-2.5305
-2.49868
-2.46661
-2.43429
-2.40173
-2.36892
-2.33587
-2.30258
-2.26906
-2.23531
-2.20133
-2.16713
-2.13271
-2.09807
-2.06322
-2.02816
-1.99289
-1.95742
-1.92175
-1.88589
-1.84983
-1.81359
-1.77716
-1.74054
-1.70375
-1.66679
-1.62966
-1.59235
-1.55489
-1.51727
-1.47949
-1.44156
-1.40348
-1.36526
-1.32689
-1.2884
-1.24976
-1.211
-1.17212
-1.13311
-1.09398
-1.05475
-1.0154
-0.975948
-0.936394
-0.896742
-0.856997
-0.817162
-0.777242
-0.73724
-0.69716
-0.657006
-0.616782
-0.576493
-0.536142
-0.495734
-0.455272
-0.41476
-0.374203
-0.333604
-0.292968
-0.252299
-0.2116
-0.170876
-0.130131
-0.0893689
-0.0485936
-0.00780948
0.0329795
0.0737693
0.114556
0.155335
0.196103
0.236855
0.277587
0.318296
0.358977
0.399626
0.44024
0.480813
0.521343
0.561824
0.602253
0.642626
0.682939
0.723187
0.763367
0.803475
0.843507
0.883458
0.923325
0.963103
1.00279
1.04238
1.08187
1.12125
1.16053
1.1997
1.23875
1.27767
1.31648
1.35516
1.3937
1.43211
1.47038
1.50851
1.54649
1.58432
1.622
1.65951
1.69687
1.73406
1.77107
1.80792
1.84459
1.88108
1.91738
1.95349
1.98942
2.02515
2.06067
2.096
2.13112
2.16603
2.20073
2.23521
2.26947
2.30351
2.33732
2.3709
2.40425
2.43735
2.47022
2.50285
2.53523
2.56735
2.59923
2.63085
2.6622
2.6933
2.72413
2.75469
2.78497
2.81498
2.84472
2.87417
2.90333
2.93221
2.9608
2.9891
3.0171
3.0448
3.0722
3.09929
3.12608
3.15256
3.17872
3.20457
3.2301
3.25531
3.2802
3.30476
3.329
3.3529
3.37647
3.39971
3.42261
3.44517
3.46738
3.48925
3.51078
3.53195
3.55278
3.57325
3.59337
3.61313
3.63253
3.65156
3.67024
3.68855
3.70649
3.72407
3.74127
3.7581
3.77456
3.79064
3.80634
3.82167
3.83661
3.85117
3.86535
3.87914
3.89255
3.90557
3.9182
3.93044
3.94228
3.95374
3.9648
3.97546
3.98573
3.9956
4.00507
4.01414
4.02281
4.03108
4.03895
4.04642
4.05348
4.06013
4.06639
4.07223
4.07767
4.0827
4.08732
4.09154
4.09534
4.09874
4.10173
4.10431
4.10647
4.10823
4.10958
4.11051
4.11104
4.11115
4.11085
4.11015
4.10903
4.10749
4.10555
4.1032
4.10044
4.09726
4.09368
4.08969
4.08529
4.08047
4.07525
4.06963
4.06359
4.05715
4.0503
4.04305
4.03539
4.02732
4.01885
4.00998
4.00071
3.99104
3.98097
3.97049
3.95962
3.94836
3.93669
3.92464
3.91218
3.89934
3.8861
3.87248
3.85846
3.84406
3.82928
3.81411
3.79855
3.78261
3.7663
3.74961
3.73253
3.71509
3.69727
3.67908
3.66052
3.64159
3.6223
3.60264
3.58262
3.56224
3.5415
3.5204
3.49896
3.47715
3.455
3.4325
3.40966
3.38647
3.36294
3.33908
3.31487
3.29033
3.26547
3.24027
3.21474
3.18889
3.16272
3.13624
3.10943
3.08231
3.05488
3.02714
2.9991
2.97075
2.94211
2.91316
2.88393
2.8544
2.82458
2.79448
2.76409
2.73343
2.70249
2.67127
2.63979
2.60804
2.57602
2.54375
2.51121
2.47842
2.44538
2.4121
2.37856
2.34479
2.31078
2.27654
2.24206
2.20735
2.17243
2.13728
2.10191
2.06633
2.03054
1.99454
1.95834
1.92194
1.88535
1.84856
1.81159
1.77443
1.73708
1.69956
1.66187
1.62401
1.58598
1.54779
1.50944
1.47093
1.43228
1.39347
1.35453
1.31544
1.27622
1.23687
1.19739
1.15778
1.11806
1.07822
1.03827
0.998209
0.958046
0.917783
0.877425
0.836974
0.796436
0.755814
0.715113
0.674336
0.633487
0.592572
0.551592
0.510554
0.46946
0.428315
0.387123
0.345889
0.304616
0.263308
0.22197
0.180605
0.139218
0.0978132
0.0563944
0.0149658
-0.0264685
-0.0679042
-0.109337
-0.150764
-0.192179
-0.233579
-0.27496
-0.316318
-0.357648
-0.398947
-0.44021
-0.481433
-0.522611
-0.563742
-0.604821
-0.645843
-0.686804
-0.727702
-0.76853
-0.809286
-0.849964
-0.890562
-0.931075
-0.971499
-1.01183
-1.05206
-1.0922
-1.13222
-1.17214
-1.21194
-1.25163
-1.2912
-1.33064
-1.36995
-1.40913
-1.44817
-1.48707
-1.52583
-1.56444
-1.60289
-1.64119
-1.67933
-1.7173
-1.75511
-1.79274
-1.8302
-1.86748
-1.90458
-1.94149
-1.97821
-2.01473
-2.05106
-2.08719
-2.12311
-2.15882
-2.19432
-2.2296
-2.26467
-2.29951
-2.33412
-2.36851
-2.40266
-2.43658
-2.47025
-2.50368
-2.53687
-2.5698
-2.60248
-2.6349
-2.66706
-2.69896
-2.7306
-2.76196
-2.79305
-2.82386
-2.85439
-2.88465
-2.91461
-2.94429
-2.97368
-3.00277
-3.03156
-3.06006
-3.08825
-3.11613
-3.14371
-3.17097
-3.19792
-3.22456
-3.25087
-3.27686
-3.30253
-3.32786
-3.35287
-3.37755
-3.40189
-3.42589
-3.44955
-3.47287
-3.49584
-3.51847
-3.54075
-3.56267
-3.58425
-3.60546
-3.62632
-3.64681
-3.66695
-3.68672
-3.70612
-3.72515
-3.74381
-3.76211
-3.78002
-3.79756
-3.81472
-3.83151
-3.84791
-3.86392
-3.87956
-3.8948
-3.90966
-3.92413
-3.93821
-3.95189
-3.96518
-3.97808
-3.99058
-4.00268
-4.01439
-4.02569
-4.03659
-4.04709
-4.05718
-4.06687
-4.07616
-4.08504
-4.09351
-4.10157
-4.10922
-4.11646
-4.12329
-4.12971
-4.13572
-4.14132
-4.1465
-4.15126
-4.15562
-4.15955
-4.16307
-4.16618
-4.16887
-4.17114
-4.173
-4.17444
-4.17546
-4.17606
-4.17625
-4.17602
-4.17537
-4.1743
-4.17282
-4.17092
-4.1686
-4.16586
-4.16271
-4.15914
-4.15515
-4.15075
-4.14593
-4.1407
-4.13506
-4.12899
-4.12252
-4.11563
-4.10833
-4.10062
-4.0925
-4.08397
-4.07503
-4.06568
-4.05592
-4.04576
-4.03519
-4.02421
-4.01284
-4.00106
-3.98888
-3.9763
-3.96332
-3.94994
-3.93616
-3.922
-3.90743
-3.89248
-3.87713
-3.8614
-3.84528
-3.82877
-3.81187
-3.7946
-3.77694
-3.7589
-3.74049
-3.7217
-3.70253
-3.683
-3.66309
-3.64282
-3.62217
-3.60117
-3.5798
-3.55807
-3.53599
-3.51355
-3.49075
-3.4676
-3.44411
-3.42027
-3.39608
-3.37155
-3.34668
-3.32148
-3.29594
-3.27006
-3.24386
-3.21733
-3.19048
-3.1633
-3.13581
-3.108
-3.07987
-3.05144
-3.0227
-2.99365
-2.9643
-2.93465
-2.9047
-2.87446
-2.84393
-2.81311
-2.78201
-2.75063
-2.71897
-2.68703
-2.65482
-2.62234
-2.5896
-2.5566
-2.52333
-2.48981
-2.45604
-2.42202
-2.38775
-2.35325
-2.3185
-2.28352
-2.2483
-2.21286
-2.17719
-2.1413
-2.10519
-2.06887
-2.03234
-1.9956
-1.95866
-1.92152
-1.88418
-1.84666
-1.80894
-1.77104
-1.73295
-1.69469
-1.65626
-1.61766
-1.57889
-1.53996
-1.50087
-1.46163
-1.42223
-1.3827
-1.34302
-1.3032
-1.26324
-1.22316
-1.18295
-1.14262
-1.10217
-1.0616
-1.02093
-0.980146
-0.939262
-0.898281
-0.857206
-0.816041
-0.77479
-0.733458
-0.692048
-0.650565
-0.609012
-0.567395
-0.525717
-0.483982
-0.442194
-0.400358
-0.358478
-0.316557
-0.274601
-0.232613
-0.190598
-0.14856
-0.106502
-0.0644296
-0.0223465
0.019743
0.0618348
0.103925
0.146008
0.188081
0.23014
0.27218
0.314197
0.356186
0.398144
0.440067
0.48195
0.523788
0.565579
0.607317
0.648999
0.690619
0.732175
0.773662
0.815076
0.856412
0.897667
0.938836
0.979916
1.0209
1.06179
1.10257
1.14325
1.18382
1.22428
1.26461
1.30483
1.34491
1.38487
1.42469
1.46438
1.50392
1.54331
1.58256
1.62165
1.66058
1.69935
1.73796
1.77639
1.81465
1.85273
1.89063
1.92835
1.96587
2.00321
2.04035
2.07728
2.11402
2.15054
2.18685
2.22295
2.25883
2.29449
2.32992
2.36513
2.40009
2.43483
2.46932
2.50357
2.53757
2.57132
2.60482
2.63806
2.67104
2.70376
2.73621
2.76839
2.8003
2.83193
2.86327
2.89434
2.92512
2.95561
2.98581
3.01571
3.04531
3.07461
3.10361
3.1323
3.16068
3.18875
3.2165
3.24393
3.27104
3.29782
3.32428
3.35041
3.37621
3.40167
3.42679
3.45157
3.47601
3.50011
3.52386
3.54725
3.5703
3.59299
3.61532
3.6373
3.65891
3.68016
3.70104
3.72156
3.7417
3.76147
3.78087
3.79989
3.81854
3.8368
3.85469
3.87218
3.8893
3.90602
3.92236
3.93831
3.95386
3.96902
3.98379
3.99816
4.01213
4.0257
4.03886
4.05163
4.06399
4.07595
4.0875
4.09864
4.10938
4.1197
4.12962
4.13912
4.14821
4.15688
4.16514
4.17299
4.18041
4.18743
4.19402
4.20019
4.20595
4.21128
4.21619
4.22069
4.22476
4.22841
4.23163
4.23444
4.23682
4.23877
4.24031
4.24142
4.2421
4.24236
4.2422
4.24161
4.2406
4.23917
4.23731
4.23502
4.23231
4.22918
4.22563
4.22165
4.21725
4.21243
4.20719
4.20152
4.19544
4.18893
4.18201
4.17466
4.1669
4.15872
4.15013
4.14111
4.13169
4.12185
4.11159
4.10092
4.08985
4.07836
4.06646
4.05416
4.04145
4.02833
4.01481
4.00088
3.98656
3.97183
3.95671
3.94119
3.92527
3.90896
3.89226
3.87516
3.85768
3.83981
3.82155
3.80291
3.78389
3.76448
3.7447
3.72454
3.70401
3.68311
3.66183
3.64019
3.61818
3.5958
3.57307
3.54997
3.52652
3.50271
3.47855
3.45404
3.42918
3.40398
3.37843
3.35254
3.32632
3.29976
3.27286
3.24564
3.21809
3.19022
3.16202
3.1335
3.10467
3.07553
3.04607
3.01631
2.98624
2.95587
2.9252
2.89424
2.86298
2.83144
2.79961
2.76749
2.7351
2.70242
2.66948
2.63626
2.60278
2.56904
2.53503
2.50077
2.46625
2.43148
2.39647
2.36121
2.32572
2.28998
2.25402
2.21783
2.18141
2.14476
2.10791
2.07083
2.03355
1.99606
1.95836
1.92047
1.88238
1.84409
1.80562
1.76697
1.72813
1.68912
1.64993
1.61058
1.57106
1.53138
1.49154
1.45155
1.41141
1.37113
1.3307
1.29014
1.24944
1.20862
1.16767
1.1266
1.08541
1.04411
1.0027
0.961189
0.919576
0.877866
0.836064
0.794175
0.752202
0.71015
0.668022
0.625824
0.583558
0.54123
0.498844
0.456403
0.413913
0.371377
0.3288
0.286185
0.243538
0.200862
0.158162
0.115441
0.0727048
0.029957
-0.0127981
-0.0555561
-0.0983129
-0.141064
-0.183806
-0.226533
-0.269242
-0.311928
-0.354587
-0.397216
-0.439808
-0.482361
-0.52487
-0.567331
-0.609739
-0.652091
-0.694381
-0.736607
-0.778763
-0.820845
-0.862849
-0.904771
-0.946607
-0.988353
-1.03
-1.07156
-1.113
-1.15435
-1.19558
-1.23669
-1.27769
-1.31856
-1.3593
-1.39992
-1.44039
-1.48073
-1.52092
-1.56097
-1.60086
-1.64059
-1.68017
-1.71958
-1.75883
-1.7979
-1.83679
-1.87551
-1.91404
-1.95239
-1.99054
-2.0285
-2.06626
-2.10382
-2.14117
-2.1783
-2.21523
-2.25194
-2.28842
-2.32468
-2.36072
-2.39652
-2.43208
-2.4674
-2.50248
-2.53732
-2.5719
-2.60623
-2.6403
-2.67412
-2.70766
-2.74094
-2.77395
-2.80669
-2.83915
-2.87133
-2.90322
-2.93483
-2.96614
-2.99717
-3.02789
-3.05832
-3.08844
-3.11826
-3.14777
-3.17697
-3.20585
-3.23441
-3.26266
-3.29058
-3.31817
-3.34544
-3.37237
-3.39897
-3.42523
-3.45115
-3.47673
-3.50197
-3.52685
-3.55139
-3.57557
-3.5994
-3.62287
-3.64599
-3.66873
-3.69112
-3.71314
-3.73478
-3.75606
-3.77696
-3.79749
-3.81764
-3.83741
-3.8568
-3.87581
-3.89442
-3.91266
-3.9305
-3.94795
-3.96501
-3.98167
-3.99794
-4.0138
-4.02927
-4.04434
-4.059
-4.07326
-4.08712
-4.10057
-4.1136
-4.12623
-4.13845
-4.15025
-4.16164
-4.17262
-4.18317
-4.19332
-4.20304
-4.21234
-4.22123
-4.22969
-4.23773
-4.24535
-4.25254
-4.25931
-4.26565
-4.27157
-4.27706
-4.28213
-4.28676
-4.29097
-4.29475
-4.2981
-4.30102
-4.30351
-4.30557
-4.3072
-4.3084
-4.30917
-4.30951
-4.30942
-4.3089
-4.30794
-4.30656
-4.30474
-4.30249
-4.29982
-4.29671
-4.29317
-4.28921
-4.28481
-4.27998
-4.27473
-4.26905
-4.26294
-4.2564
-4.24944
-4.24205
-4.23424
-4.226
-4.21734
-4.20826
-4.19875
-4.18883
-4.17848
-4.16772
-4.15653
-4.14494
-4.13292
-4.12049
-4.10765
-4.09439
-4.08073
-4.06665
-4.05217
-4.03728
-4.02199
-4.00629
-3.99019
-3.97369
-3.95679
-3.93949
-3.92179
-3.90371
-3.88523
-3.86636
-3.8471
-3.82745
-3.80742
-3.78701
-3.76622
-3.74505
-3.7235
-3.70157
-3.67928
-3.65661
-3.63358
-3.61018
-3.58642
-3.56229
-3.53781
-3.51297
-3.48778
-3.46224
-3.43635
-3.41011
-3.38353
-3.3566
-3.32934
-3.30174
-3.27381
-3.24555
-3.21697
-3.18805
-3.15882
-3.12927
-3.0994
-3.06922
-3.03872
-3.00793
-2.97682
-2.94542
-2.91372
-2.88172
-2.84944
-2.81686
-2.784
-2.75086
-2.71744
-2.68375
-2.64978
-2.61555
-2.58105
-2.54628
-2.51126
-2.47599
-2.44046
-2.40469
-2.36867
-2.33242
-2.29592
-2.25919
-2.22224
-2.18505
-2.14765
-2.11002
-2.07219
-2.03414
-1.99588
-1.95742
-1.91876
-1.8799
-1.84086
-1.80162
-1.7622
-1.7226
-1.68282
-1.64288
-1.60276
-1.56248
-1.52204
-1.48144
-1.44069
-1.39979
-1.35875
-1.31757
-1.27625
-1.2348
-1.19323
-1.15152
-1.10971
-1.06777
-1.02572
-0.983571
-0.941316
-0.898962
-0.856515
-0.813977
-0.771354
-0.728649
-0.685867
-0.643012
-0.600089
-0.557102
-0.514054
-0.470951
-0.427796
-0.384594
-0.341349
-0.298066
-0.254749
-0.211402
-0.16803
-0.124636
-0.0812256
-0.0378027
0.00562833
0.0490631
0.0924974
0.135927
0.179347
0.222753
0.266142
0.309508
0.352848
0.396156
0.43943
0.482664
0.525854
0.568995
0.612084
0.655116
0.698087
0.740993
0.783828
0.82659
0.869273
0.911873
0.954387
0.996809
1.03914
1.08136
1.12349
1.1655
1.2074
1.24919
1.29086
1.3324
1.37381
1.41509
1.45623
1.49723
1.53808
1.57878
1.61933
1.65973
1.69996
1.74002
1.77992
1.81964
1.85918
1.89854
1.93771
1.9767
2.01549
2.05408
2.09248
2.13066
2.16864
2.2064
2.24395
2.28128
2.31838
2.35525
2.39189
2.4283
2.46447
2.50039
2.53607
2.5715
2.60667
2.64159
2.67625
2.71064
2.74477
2.77862
2.8122
2.8455
2.87852
2.91126
2.9437
2.97586
3.00772
3.03929
3.07055
3.10151
3.13217
3.16251
3.19254
3.22225
3.25165
3.28072
3.30946
3.33788
3.36597
3.39372
3.42114
3.44822
3.47496
3.50135
3.52739
3.55308
3.57842
3.60341
3.62804
3.6523
3.67621
3.69975
3.72292
3.74572
3.76815
3.79021
3.81188
3.83318
3.8541
3.87463
3.89478
3.91454
3.93392
3.9529
3.97148
3.98968
4.00747
4.02487
4.04186
4.05845
4.07464
4.09043
4.1058
4.12077
4.13532
4.14947
4.16319
4.17651
4.18941
4.20189
4.21395
4.22559
4.23681
4.24761
4.25799
4.26793
4.27746
4.28655
4.29522
4.30346
4.31128
4.31866
4.3256
4.33212
4.33821
4.34386
4.34908
4.35386
4.35821
4.36212
4.3656
4.36864
4.37125
4.37341
4.37514
4.37644
4.37729
4.37771
4.37769
4.37723
4.37634
4.37501
4.37324
4.37103
4.36838
4.3653
4.36178
4.35783
4.35343
4.34861
4.34334
4.33764
4.33151
4.32495
4.31795
4.31052
4.30265
4.29436
4.28563
4.27648
4.2669
4.25689
4.24645
4.23559
4.2243
4.21259
4.20045
4.1879
4.17492
4.16153
4.14772
4.13349
4.11885
4.10379
4.08833
4.07245
4.05616
4.03947
4.02237
4.00487
3.98696
3.96866
3.94995
3.93085
3.91135
3.89146
3.87118
3.85051
3.82946
3.80801
3.78619
3.76398
3.7414
3.71844
3.6951
3.6714
3.64732
3.62288
3.59807
3.5729
3.54737
3.52148
3.49524
3.46864
3.4417
3.41441
3.38677
3.3588
3.33048
3.30183
3.27285
3.24353
3.21389
3.18393
3.15364
3.12303
3.09211
3.06088
3.02934
2.99749
2.96534
2.93288
2.90014
2.8671
2.83376
2.80015
2.76625
2.73206
2.69761
2.66288
2.62787
2.59261
2.55708
2.52129
2.48524
2.44895
2.4124
2.37561
2.33858
2.30131
2.26381
2.22607
2.18811
2.14993
2.11153
2.07292
2.03409
1.99505
1.95582
1.91638
1.87675
1.83692
1.79691
1.75671
1.71634
1.67579
1.63506
1.59417
1.55312
1.5119
1.47054
1.42902
1.38735
1.34554
1.30359
1.26151
1.21929
1.17695
1.13449
1.09191
1.04922
1.00642
0.963512
0.920504
0.8774
0.834204
0.790921
0.747554
0.704108
0.660587
0.616995
0.573338
0.529619
0.485842
0.442013
0.398135
0.354213
0.310251
0.266253
0.222225
0.17817
0.134093
0.0899975
0.045889
0.00177152
-0.0423506
-0.0864729
-0.130591
-0.1747
-0.218797
-0.262875
-0.306932
-0.350963
-0.394963
-0.438928
-0.482854
-0.526735
-0.570568
-0.614349
-0.658072
-0.701734
-0.745331
-0.788857
-0.832308
-0.875681
-0.91897
-0.962172
-1.00528
-1.0483
-1.09121
-1.13402
-1.17672
-1.2193
-1.26177
-1.30412
-1.34634
-1.38843
-1.43038
-1.4722
-1.51387
-1.5554
-1.59677
-1.63799
-1.67905
-1.71995
-1.76067
-1.80123
-1.84161
-1.88181
-1.92182
-1.96165
-2.00129
-2.04072
-2.07996
-2.119
-2.15782
-2.19644
-2.23484
-2.27302
-2.31097
-2.3487
-2.3862
-2.42346
-2.46048
-2.49727
-2.5338
-2.57009
-2.60612
-2.6419
-2.67741
-2.71266
-2.74764
-2.78236
-2.81679
-2.85095
-2.88483
-2.91842
-2.95172
-2.98473
-3.01745
-3.04987
-3.08198
-3.1138
-3.1453
-3.17649
-3.20737
-3.23793
-3.26816
-3.29808
-3.32767
-3.35693
-3.38585
-3.41444
-3.44269
-3.4706
-3.49817
-3.52538
-3.55225
-3.57877
-3.60493
-3.63073
-3.65618
-3.68125
-3.70597
-3.73031
-3.75429
-3.77789
-3.80112
-3.82397
-3.84643
-3.86852
-3.89022
-3.91154
-3.93246
-3.953
-3.97314
-3.99289
-4.01223
-4.03118
-4.04973
-4.06788
-4.08562
-4.10295
-4.11987
-4.13639
-4.15249
-4.16818
-4.18345
-4.19831
-4.21275
-4.22677
-4.24036
-4.25354
-4.26629
-4.27862
-4.29051
-4.30198
-4.31303
-4.32364
-4.33382
-4.34357
-4.35288
-4.36176
-4.37021
-4.37821
-4.38579
-4.39292
-4.39961
-4.40587
-4.41169
-4.41706
-4.422
-4.42649
-4.43054
-4.43415
-4.43731
-4.44003
-4.44231
-4.44414
-4.44553
-4.44648
-4.44698
-4.44703
-4.44664
-4.44581
-4.44453
-4.44281
-4.44064
-4.43803
-4.43497
-4.43147
-4.42753
-4.42314
-4.41832
-4.41304
-4.40733
-4.40118
-4.39458
-4.38755
-4.38007
-4.37216
-4.36381
-4.35502
-4.34579
-4.33613
-4.32604
-4.31551
-4.30455
-4.29315
-4.28133
-4.26908
-4.2564
-4.24329
-4.22975
-4.2158
-4.20142
-4.18661
-4.17139
-4.15575
-4.13969
-4.12322
-4.10633
-4.08903
-4.07132
-4.0532
-4.03467
-4.01574
-3.9964
-3.97667
-3.95653
-3.936
-3.91507
-3.89374
-3.87203
-3.84992
-3.82743
-3.80455
-3.78129
-3.75765
-3.73364
-3.70924
-3.68447
-3.65934
-3.63383
-3.60796
-3.58172
-3.55512
-3.52817
-3.50086
-3.4732
-3.44518
-3.41682
-3.38812
-3.35907
-3.32968
-3.29996
-3.26991
-3.23952
-3.20881
-3.17778
-3.14642
-3.11475
-3.08276
-3.05046
-3.01785
-2.98493
-2.95172
-2.91821
-2.8844
-2.8503
-2.81591
-2.78123
-2.74628
-2.71104
-2.67553
-2.63975
-2.60371
-2.56739
-2.53082
-2.49399
-2.45691
-2.41958
-2.38201
-2.34419
-2.30613
-2.26784
-2.22932
-2.19057
-2.1516
-2.11241
-2.073
-2.03338
-1.99356
-1.95353
-1.91331
-1.87288
-1.83227
-1.79147
-1.75048
-1.70932
-1.66798
-1.62647
-1.5848
-1.54296
-1.50096
-1.45881
-1.41651
-1.37406
-1.33147
-1.28874
-1.24589
-1.2029
-1.15978
-1.11655
-1.0732
-1.02974
-0.986171
-0.9425
-0.89873
-0.854866
-0.810912
-0.766872
-0.722751
-0.678554
-0.634284
-0.589947
-0.545546
-0.501086
-0.456572
-0.412007
-0.367397
-0.322745
-0.278057
-0.233337
-0.188589
-0.143817
-0.0990265
-0.0542217
-0.00940695
0.0354132
0.0802343
0.125052
0.169861
0.214658
0.259438
0.304197
0.34893
0.393632
0.438299
0.482927
0.527511
0.572047
0.61653
0.660956
0.70532
0.749618
0.793846
0.837999
0.882072
0.926061
0.969963
1.01377
1.05748
1.10109
1.1446
1.18799
1.23127
1.27443
1.31747
1.36038
1.40316
1.4458
1.48831
1.53066
1.57287
1.61493
1.65683
1.69856
1.74014
1.78154
1.82277
1.86381
1.90468
1.94536
1.98585
2.02615
2.06625
2.10614
2.14583
2.18531
2.22457
2.26361
2.30244
2.34103
2.3794
2.41753
2.45542
2.49307
2.53048
2.56763
2.60454
2.64118
2.67757
2.71369
2.74955
2.78513
2.82044
2.85547
2.89022
2.92468
2.95885
2.99273
3.02632
3.0596
3.09258
3.12526
3.15763
3.18968
3.22142
3.25284
3.28394
3.31471
3.34516
3.37527
3.40505
3.43449
3.46359
3.49235
3.52076
3.54882
3.57653
3.60388
3.63088
3.65752
3.68379
3.7097
3.73524
3.76041
3.7852
3.80962
3.83366
3.85732
3.88059
3.90348
3.92599
3.9481
3.96982
3.99114
4.01207
4.0326
4.05272
4.07245
4.09177
4.11068
4.12918
4.14727
4.16495
4.18221
4.19906
4.21549
4.23149
4.24708
4.26225
4.27698
4.2913
4.30518
4.31864
4.33166
4.34426
4.35642
4.36815
4.37944
4.39029
4.40071
4.41068
4.42022
4.42931
4.43797
4.44618
4.45395
4.46127
4.46815
4.47458
4.48056
4.4861
4.49118
4.49582
4.50002
4.50376
4.50705
4.50989
4.51228
4.51422
4.5157
4.51674
4.51733
4.51746
4.51714
4.51637
4.51515
4.51347
4.51135
4.50877
4.50575
4.50227
4.49834
4.49396
4.48913
4.48385
4.47812
4.47195
4.46532
4.45825
4.45074
4.44277
4.43436
4.42551
4.41621
4.40648
4.3963
4.38568
4.37461
4.36312
4.35118
4.33881
4.326
4.31276
4.29908
4.28498
4.27044
4.25548
4.24009
4.22427
4.20803
4.19136
4.17428
4.15678
4.13886
4.12052
4.10177
4.08261
4.06304
4.04306
4.02267
4.00188
3.98068
3.95909
3.9371
3.91471
3.89193
3.86876
3.8452
3.82125
3.79691
3.7722
3.7471
3.72163
3.69578
3.66956
3.64298
3.61602
3.5887
3.56102
3.53298
3.50458
3.47583
3.44673
3.41728
3.38749
3.35735
3.32688
3.29607
3.26493
3.23346
3.20166
3.16954
3.1371
3.10434
3.07127
3.03789
3.0042
2.97021
2.93591
2.90132
2.86644
2.83126
2.7958
2.76006
2.72403
2.68773
2.65116
2.61432
2.57721
2.53985
2.50222
2.46434
2.42621
2.38784
2.34922
2.31036
2.27127
2.23195
2.1924
2.15262
2.11263
2.07242
2.032
1.99138
1.95055
1.90952
1.86829
1.82688
1.78528
1.74349
1.70153
1.65939
1.61708
1.57461
1.53198
1.48918
1.44624
1.40314
1.3599
1.31652
1.27301
1.22936
1.18559
1.14169
1.09767
1.05354
1.0093
0.964959
0.920512
0.87597
0.831335
0.786612
0.741807
0.696923
0.651964
0.606936
0.561843
0.516689
0.471479
0.426217
0.380908
0.335557
0.290167
0.244744
0.199292
0.153815
0.108318
0.0628064
0.0172835
-0.0282456
-0.0737764
-0.119304
-0.164825
-0.210334
-0.255826
-0.301297
-0.346743
-0.392158
-0.437539
-0.482881
-0.528179
-0.573428
-0.618625
-0.663764
-0.708842
-0.753853
-0.798793
-0.843658
-0.888443
-0.933144
-0.977756
-1.02227
-1.06669
-1.11101
-1.15523
-1.19933
-1.24331
-1.28718
-1.33092
-1.37453
-1.41801
-1.46135
-1.50455
-1.5476
-1.59051
-1.63326
-1.67584
-1.71827
-1.76053
-1.80262
-1.84453
-1.88626
-1.9278
-1.96916
-2.01033
-2.05129
-2.09206
-2.13262
-2.17297
-2.21311
-2.25303
-2.29273
-2.33221
-2.37146
-2.41047
-2.44924
-2.48778
-2.52607
-2.56411
-2.6019
-2.63943
-2.6767
-2.71371
-2.75045
-2.78691
-2.82311
-2.85902
-2.89466
-2.93
-2.96506
-2.99982
-3.03429
-3.06846
-3.10232
-3.13588
-3.16913
-3.20206
-3.23468
-3.26697
-3.29895
-3.33059
-3.36191
-3.39289
-3.42354
-3.45385
-3.48381
-3.51343
-3.5427
-3.57162
-3.60019
-3.6284
-3.65625
-3.68373
-3.71086
-3.73761
-3.76399
-3.79
-3.81563
-3.84088
-3.86575
-3.89023
-3.91433
-3.93804
-3.96136
-3.98429
-4.00682
-4.02895
-4.05068
-4.07201
-4.09293
-4.11344
-4.13355
-4.15324
-4.17252
-4.19139
-4.20984
-4.22787
-4.24548
-4.26266
-4.27942
-4.29576
-4.31166
-4.32714
-4.34219
-4.3568
-4.37098
-4.38472
-4.39803
-4.4109
-4.42332
-4.43531
-4.44685
-4.45796
-4.46861
-4.47882
-4.48859
-4.4979
-4.50677
-4.51519
-4.52315
-4.53067
-4.53773
-4.54434
-4.55049
-4.5562
-4.56144
-4.56623
-4.57057
-4.57445
-4.57787
-4.58083
-4.58334
-4.58538
-4.58697
-4.5881
-4.58877
-4.58899
-4.58874
-4.58804
-4.58687
-4.58525
-4.58317
-4.58063
-4.57763
-4.57418
-4.57026
-4.56589
-4.56106
-4.55578
-4.55004
-4.54384
-4.53719
-4.53009
-4.52253
-4.51451
-4.50605
-4.49713
-4.48777
-4.47795
-4.46768
-4.45697
-4.44581
-4.43421
-4.42216
-4.40966
-4.39673
-4.38335
-4.36953
-4.35528
-4.34059
-4.32546
-4.3099
-4.2939
-4.27748
-4.26062
-4.24334
-4.22563
-4.2075
-4.18895
-4.16997
-4.15058
-4.13077
-4.11054
-4.0899
-4.06885
-4.04739
-4.02552
-4.00325
-3.98058
-3.9575
-3.93403
-3.91016
-3.8859
-3.86125
-3.83621
-3.81078
-3.78497
-3.75878
-3.73221
-3.70526
-3.67794
-3.65025
-3.62219
-3.59377
-3.56499
-3.53584
-3.50634
-3.47649
-3.44628
-3.41573
-3.38483
-3.35359
-3.32201
-3.2901
-3.25786
-3.22528
-3.19238
-3.15916
-3.12562
-3.09176
-3.05759
-3.02311
-2.98833
-2.95324
-2.91785
-2.88217
-2.8462
-2.80994
-2.77339
-2.73656
-2.69946
-2.66208
-2.62443
-2.58652
-2.54834
-2.50991
-2.47122
-2.43228
-2.39309
-2.35366
-2.31398
-2.27408
-2.23394
-2.19358
-2.15299
-2.11218
-2.07116
-2.02992
-1.98848
-1.94684
-1.90499
-1.86296
-1.82073
-1.77831
-1.73572
-1.69294
-1.64999
-1.60688
-1.56359
-1.52015
-1.47655
-1.4328
-1.3889
-1.34486
-1.30068
-1.25636
-1.21191
-1.16734
-1.12265
-1.07784
-1.03292
-0.987889
-0.942756
-0.897525
-0.852199
-0.806783
-0.761282
-0.715701
-0.670043
-0.624314
-0.578518
-0.532659
-0.486743
-0.440773
-0.394754
-0.348692
-0.30259
-0.256453
-0.210286
-0.164093
-0.117879
-0.071649
-0.025407
0.0208422
0.0670939
0.113344
0.159586
0.205818
0.252034
0.298229
0.344398
0.390539
0.436644
0.482711
0.528733
0.574708
0.62063
0.666494
0.712296
0.758032
0.803696
0.849284
0.894793
0.940216
0.98555
1.03079
1.07593
1.12097
1.1659
1.21072
1.25542
1.3
1.34445
1.38878
1.43297
1.47702
1.52093
1.56469
1.6083
1.65175
1.69504
1.73817
1.78113
1.82391
1.86652
1.90894
1.95117
1.99322
2.03507
2.07672
2.11817
2.15941
2.20043
2.24124
2.28184
2.3222
2.36234
2.40225
2.44192
2.48135
2.52054
2.55947
2.59816
2.63659
2.67476
2.71267
2.75031
2.78768
2.82477
2.86158
2.89811
2.93436
2.97032
3.00598
3.04134
3.07641
3.11117
3.14562
3.17976
3.21359
3.2471
3.28029
3.31315
3.34569
3.37789
3.40976
3.44129
3.47248
3.50333
3.53383
3.56397
3.59377
3.62321
3.65229
3.68101
3.70936
3.73734
3.76495
3.79219
3.81906
3.84554
3.87164
3.89736
3.92269
3.94763
3.97218
3.99633
4.02009
4.04344
4.0664
4.08895
4.11109
4.13282
4.15415
4.17506
4.19555
4.21563
4.23529
4.25452
4.27334
4.29172
4.30968
4.32721
4.34431
4.36098
4.37721
4.39301
4.40837
4.42329
4.43776
4.4518
4.46539
4.47854
4.49124
4.50349
4.5153
4.52665
4.53755
4.548
4.558
4.56754
4.57662
4.58525
4.59342
4.60113
4.60838
4.61518
4.62151
4.62738
4.63279
4.63773
4.64221
4.64623
4.64978
4.65287
4.6555
4.65766
4.65935
4.66058
4.66134
4.66164
4.66146
4.66083
4.65973
4.65816
4.65612
4.65362
4.65065
4.64722
4.64333
4.63896
4.63414
4.62885
4.6231
4.61688
4.6102
4.60306
4.59546
4.5874
4.57888
4.5699
4.56046
4.55057
4.54022
4.52941
4.51815
4.50644
4.49427
4.48166
4.4686
4.45508
4.44112
4.42672
4.41187
4.39658
4.38084
4.36467
4.34806
4.33101
4.31353
4.29562
4.27727
4.2585
4.23929
4.21966
4.19961
4.17913
4.15824
4.13692
4.1152
4.09305
4.0705
4.04753
4.02416
4.00039
3.97621
3.95163
3.92666
3.90129
3.87552
3.84937
3.82283
3.7959
3.76859
3.74091
3.71284
3.6844
3.65559
3.62641
3.59687
3.56696
3.5367
3.50607
3.4751
3.44377
3.4121
3.38008
3.34772
3.31502
3.28198
3.24862
3.21493
3.18091
3.14657
3.11191
3.07694
3.04166
3.00607
2.97017
2.93397
2.89748
2.8607
2.82362
2.78626
2.74861
2.71069
2.67249
2.63402
2.59529
2.55629
2.51703
2.47751
2.43775
2.39773
2.35748
2.31698
2.27625
2.23528
2.19409
2.15267
2.11104
2.06918
2.02712
1.98485
1.94238
1.89971
1.85685
1.81379
1.77055
1.72713
1.68353
1.63976
1.59582
1.55172
1.50746
1.46304
1.41847
1.37375
1.3289
1.2839
1.23877
1.19352
1.14814
1.10264
1.05702
1.0113
0.965471
0.91954
0.873512
0.827393
0.781186
0.734897
0.688529
0.642088
0.595578
0.549003
0.50237
0.455681
0.408942
0.362157
0.315332
0.26847
0.221577
0.174657
0.127715
0.0807555
0.0337831
-0.0131974
-0.0601812
-0.107164
-0.15414
-0.201106
-0.248056
-0.294987
-0.341892
-0.388768
-0.43561
-0.482413
-0.529172
-0.575883
-0.622541
-0.669142
-0.71568
-0.762152
-0.808552
-0.854875
-0.901118
-0.947275
-0.993342
-1.03931
-1.08519
-1.13096
-1.17662
-1.22217
-1.2676
-1.3129
-1.35808
-1.40313
-1.44805
-1.49282
-1.53745
-1.58193
-1.62625
-1.67042
-1.71443
-1.75827
-1.80193
-1.84542
-1.88873
-1.93186
-1.9748
-2.01754
-2.06009
-2.10243
-2.14457
-2.1865
-2.22821
-2.26971
-2.31098
-2.35202
-2.39284
-2.43342
-2.47376
-2.51385
-2.5537
-2.5933
-2.63264
-2.67172
-2.71054
-2.7491
-2.78738
-2.82539
-2.86311
-2.90056
-2.93772
-2.97459
-3.01116
-3.04744
-3.08342
-3.11909
-3.15445
-3.1895
-3.22424
-3.25866
-3.29275
-3.32652
-3.35996
-3.39307
-3.42584
-3.45827
-3.49036
-3.5221
-3.5535
-3.58454
-3.61522
-3.64555
-3.67552
-3.70512
-3.73436
-3.76322
-3.79171
-3.81983
-3.84756
-3.87491
-3.90188
-3.92846
-3.95465
-3.98045
-4.00585
-4.03086
-4.05546
-4.07966
-4.10346
-4.12685
-4.14982
-4.17239
-4.19454
-4.21627
-4.23758
-4.25847
-4.27894
-4.29898
-4.31859
-4.33778
-4.35653
-4.37485
-4.39273
-4.41017
-4.42718
-4.44374
-4.45986
-4.47554
-4.49077
-4.50556
-4.51989
-4.53378
-4.54721
-4.56019
-4.57271
-4.58478
-4.59639
-4.60754
-4.61823
-4.62847
-4.63824
-4.64754
-4.65639
-4.66477
-4.67268
-4.68013
-4.6871
-4.69362
-4.69966
-4.70523
-4.71033
-4.71497
-4.71913
-4.72282
-4.72604
-4.72878
-4.73106
-4.73286
-4.73418
-4.73504
-4.73542
-4.73533
-4.73476
-4.73372
-4.73221
-4.73022
-4.72776
-4.72483
-4.72142
-4.71754
-4.71319
-4.70837
-4.70308
-4.69731
-4.69108
-4.68437
-4.6772
-4.66956
-4.66145
-4.65287
-4.64383
-4.63432
-4.62435
-4.61391
-4.60302
-4.59166
-4.57984
-4.56756
-4.55482
-4.54163
-4.52798
-4.51387
-4.49932
-4.48431
-4.46885
-4.45295
-4.43659
-4.41979
-4.40255
-4.38487
-4.36674
-4.34818
-4.32918
-4.30975
-4.28988
-4.26958
-4.24886
-4.2277
-4.20612
-4.18412
-4.1617
-4.13886
-4.1156
-4.09193
-4.06785
-4.04336
-4.01846
-3.99316
-3.96745
-3.94135
-3.91485
-3.88795
-3.86067
-3.83299
-3.80493
-3.77649
-3.74766
-3.71846
-3.68888
-3.65894
-3.62862
-3.59793
-3.56689
-3.53548
-3.50372
-3.4716
-3.43913
-3.40632
-3.37316
-3.33966
-3.30583
-3.27166
-3.23716
-3.20233
-3.16718
-3.13171
-3.09592
-3.05982
-3.0234
-2.98669
-2.94967
-2.91235
-2.87474
-2.83683
-2.79864
-2.76016
-2.72141
-2.68238
-2.64307
-2.6035
-2.56367
-2.52357
-2.48322
-2.44261
-2.40176
-2.36066
-2.31932
-2.27775
-2.23594
-2.19391
-2.15165
-2.10917
-2.06648
-2.02358
-1.98047
-1.93716
-1.89365
-1.84995
-1.80605
-1.76197
-1.71772
-1.67328
-1.62867
-1.5839
-1.53896
-1.49387
-1.44862
-1.40322
-1.35768
-1.312
-1.26618
-1.22023
-1.17415
-1.12795
-1.08163
-1.0352
-0.988666
-0.942024
-0.895285
-0.84845
-0.801527
-0.754518
-0.70743
-0.660266
-0.613031
-0.56573
-0.518368
-0.470949
-0.423478
-0.375961
-0.328401
-0.280803
-0.233173
-0.185514
-0.137832
-0.090132
-0.0424178
0.00530535
0.0530328
0.10076
0.148481
0.196193
0.243889
0.291567
0.339219
0.386843
0.434432
0.481983
0.529491
0.57695
0.624356
0.671705
0.718991
0.76621
0.813357
0.860428
0.907417
0.95432
1.00113
1.04785
1.09447
1.14098
1.18738
1.23367
1.27984
1.32589
1.3718
1.41759
1.46324
1.50875
1.55411
1.59932
1.64437
1.68926
1.73399
1.77855
1.82294
1.86715
1.91118
1.95502
1.99867
2.04212
2.08538
2.12843
2.17127
2.2139
2.25631
2.2985
2.34046
2.3822
2.4237
2.46496
2.50598
2.54676
2.58728
2.62755
2.66756
2.7073
2.74678
2.78599
2.82493
2.86358
2.90196
2.94004
2.97784
3.01534
3.05255
3.08945
3.12605
3.16234
3.19832
3.23398
3.26932
3.30434
3.33903
3.37339
3.40741
3.4411
3.47445
3.50745
3.54011
3.57241
3.60437
3.63596
3.66719
3.69806
3.72857
3.7587
3.78846
3.81785
3.84685
3.87548
3.90372
3.93157
3.95903
3.9861
4.01278
4.03905
4.06492
4.09039
4.11545
4.14011
4.16435
4.18818
4.21159
4.23458
4.25715
4.2793
4.30102
4.32232
4.34318
4.36361
4.38361
4.40317
4.4223
4.44098
4.45922
4.47702
4.49437
4.51127
4.52772
4.54373
4.55928
4.57437
4.58901
4.60319
4.61691
4.63018
4.64298
4.65532
4.66719
4.6786
4.68954
4.70001
4.71002
4.71955
4.72861
4.73721
4.74532
4.75297
4.76014
4.76683
4.77305
4.7788
4.78406
4.78885
4.79316
4.79699
4.80034
4.80321
4.8056
4.80751
4.80894
4.80989
4.81036
4.81034
4.80985
4.80888
4.80742
4.80548
4.80307
4.80017
4.79679
4.79293
4.78859
4.78378
4.77848
4.77271
4.76645
4.75973
4.75252
4.74484
4.73668
4.72805
4.71894
4.70936
4.69931
4.68879
4.6778
4.66634
4.65441
4.64202
4.62916
4.61584
4.60205
4.5878
4.57309
4.55792
4.5423
4.52622
4.50968
4.4927
4.47526
4.45737
4.43903
4.42025
4.40103
4.38136
4.36125
4.34071
4.31973
4.29831
4.27646
4.25419
4.23148
4.20835
4.1848
4.16083
4.13643
4.11162
4.0864
4.06077
4.03473
4.00828
3.98143
3.95417
3.92652
3.89848
3.87004
3.84121
3.81199
3.78239
3.75241
3.72205
3.69132
3.66021
3.62874
3.59689
3.56469
3.53212
3.4992
3.46593
3.43231
3.39834
3.36402
3.32937
3.29438
3.25906
3.2234
3.18742
3.15112
3.1145
3.07757
3.04032
3.00277
2.96491
2.92675
2.8883
2.84955
2.81052
2.7712
2.73159
2.69171
2.65156
2.61114
2.57045
2.52951
2.4883
2.44684
2.40514
2.36319
2.32099
2.27857
2.23591
2.19302
2.14991
2.10657
2.06303
2.01927
1.97531
1.93114
1.88678
1.84223
1.79748
1.75255
1.70745
1.66216
1.61671
1.57109
1.52531
1.47937
1.43328
1.38704
1.34065
1.29413
1.24748
1.20069
1.15378
1.10675
1.05961
1.01235
0.964988
0.917524
0.869965
0.822313
0.774575
0.726754
0.678856
0.630885
0.582847
0.534745
0.486585
0.438371
0.390109
0.341803
0.293458
0.245079
0.196671
0.148238
0.0997848
0.0513172
0.00283973
-0.0456429
-0.0941259
-0.142604
-0.191073
-0.239528
-0.287963
-0.336375
-0.384758
-0.433107
-0.481418
-0.529685
-0.577905
-0.626071
-0.674179
-0.722225
-0.770204
-0.81811
-0.865939
-0.913687
-0.961348
-1.00892
-1.05639
-1.10376
-1.15103
-1.19819
-1.24523
-1.29215
-1.33895
-1.38561
-1.43215
-1.47854
-1.52479
-1.5709
-1.61685
-1.66265
-1.70828
-1.75375
-1.79904
-1.84416
-1.8891
-1.93386
-1.97843
-2.0228
-2.06698
-2.11095
-2.15472
-2.19827
-2.24161
-2.28473
-2.32763
-2.3703
-2.41273
-2.45493
-2.49689
-2.5386
-2.58006
-2.62127
-2.66222
-2.70291
-2.74333
-2.78348
-2.82336
-2.86296
-2.90227
-2.9413
-2.98004
-3.01849
-3.05664
-3.09448
-3.13202
-3.16925
-3.20617
-3.24277
-3.27905
-3.31501
-3.35063
-3.38593
-3.42089
-3.45551
-3.48979
-3.52373
-3.55732
-3.59055
-3.62343
-3.65595
-3.6881
-3.71989
-3.75131
-3.78237
-3.81304
-3.84334
-3.87325
-3.90278
-3.93193
-3.96068
-3.98904
-4.017
-4.04457
-4.07173
-4.09849
-4.12484
-4.15079
-4.17632
-4.20143
-4.22613
-4.2504
-4.27426
-4.29769
-4.32069
-4.34326
-4.3654
-4.38711
-4.40838
-4.42921
-4.4496
-4.46954
-4.48904
-4.5081
-4.5267
-4.54486
-4.56256
-4.57981
-4.5966
-4.61293
-4.62881
-4.64422
-4.65917
-4.67366
-4.68767
-4.70123
-4.71431
-4.72692
-4.73906
-4.75073
-4.76193
-4.77265
-4.78289
-4.79266
-4.80195
-4.81076
-4.81908
-4.82693
-4.8343
-4.84118
-4.84758
-4.8535
-4.85893
-4.86387
-4.86833
-4.87231
-4.87579
-4.87879
-4.8813
-4.88333
-4.88486
-4.88591
-4.88647
-4.88654
-4.88612
-4.88521
-4.88382
-4.88193
-4.87956
-4.8767
-4.87335
-4.86951
-4.86519
-4.86038
-4.85508
-4.8493
-4.84303
-4.83627
-4.82904
-4.82131
-4.81311
-4.80442
-4.79526
-4.78561
-4.77548
-4.76487
-4.75379
-4.74223
-4.73019
-4.71768
-4.7047
-4.69124
-4.67732
-4.66292
-4.64806
-4.63273
-4.61694
-4.60068
-4.58396
-4.56678
-4.54915
-4.53105
-4.5125
-4.4935
-4.47405
-4.45415
-4.4338
-4.413
-4.39177
-4.37009
-4.34797
-4.32541
-4.30242
-4.279
-4.25514
-4.23086
-4.20616
-4.18103
-4.15547
-4.12951
-4.10312
-4.07632
-4.04912
-4.0215
-3.99348
-3.96506
-3.93624
-3.90702
-3.87741
-3.84741
-3.81702
-3.78624
-3.75508
-3.72355
-3.69164
-3.65936
-3.6267
-3.59369
-3.5603
-3.52656
-3.49247
-3.45802
-3.42322
-3.38808
-3.35259
-3.31677
-3.28061
-3.24411
-3.20729
-3.17015
-3.13268
-3.0949
-3.05681
-3.0184
-2.97969
-2.94068
-2.90137
-2.86176
-2.82187
-2.78169
-2.74122
-2.70048
-2.65947
-2.61818
-2.57663
-2.53482
-2.49275
-2.45042
-2.40785
-2.36503
-2.32197
-2.27868
-2.23515
-2.19139
-2.14741
-2.10321
-2.0588
-2.01418
-1.96935
-1.92432
-1.87909
-1.83367
-1.78806
-1.74227
-1.6963
-1.65015
-1.60384
-1.55736
-1.51072
-1.46392
-1.41698
-1.36989
-1.32265
-1.27528
-1.22778
-1.18014
-1.13239
-1.08452
-1.03653
-0.988439
-0.940241
-0.891945
-0.843555
-0.795075
-0.746511
-0.697868
-0.64915
-0.600362
-0.551509
-0.502596
-0.453628
-0.40461
-0.355547
-0.306443
-0.257303
-0.208133
-0.158937
-0.10972
-0.0604875
-0.0112439
0.0380058
0.0872566
0.136504
0.185742
0.234966
0.284173
0.333355
0.382509
0.43163
0.480713
0.529752
0.578743
0.627682
0.676562
0.72538
0.77413
0.822807
0.871407
0.919925
0.968356
1.01669
1.06494
1.11308
1.16111
1.20903
1.25684
1.30452
1.35208
1.39951
1.44681
1.49396
1.54097
1.58783
1.63454
1.68108
1.72747
1.77368
1.81973
1.86559
1.91127
1.95677
2.00208
2.04719
2.0921
2.1368
2.1813
2.22558
2.26964
2.31349
2.3571
2.40048
2.44363
2.48654
2.5292
2.57162
2.61378
2.65568
2.69733
2.7387
2.77981
2.82064
2.8612
2.90147
2.94146
2.98116
3.02056
3.05967
3.09847
3.13697
3.17516
3.21303
3.25059
3.28782
3.32473
3.36131
3.39756
3.43347
3.46905
3.50428
3.53916
3.57369
3.60787
3.64169
3.67515
3.70824
3.74097
3.77333
3.80531
3.83692
3.86814
3.89899
3.92944
3.95951
3.98918
4.01846
4.04733
4.07581
4.10388
4.13154
4.15879
4.18563
4.21206
4.23806
4.26365
4.28881
4.31354
4.33785
4.36172
4.38516
4.40816
4.43073
4.45285
4.47453
4.49577
4.51656
4.5369
4.55678
4.57622
4.59519
4.61371
4.63177
4.64937
4.66651
4.68318
4.69939
4.71512
4.73039
4.74518
4.7595
4.77335
4.78672
4.79962
4.81203
4.82397
4.83542
4.84639
4.85688
4.86689
4.8764
4.88543
4.89398
4.90203
4.9096
4.91667
4.92326
4.92935
4.93495
4.94006
4.94467
4.94879
4.95242
4.95555
4.95818
4.96032
4.96197
4.96312
4.96377
4.96392
4.96358
4.96274
4.96141
4.95958
4.95725
4.95443
4.95111
4.9473
4.94299
4.93819
4.93289
4.9271
4.92082
4.91404
4.90677
4.89901
4.89076
4.88202
4.87279
4.86307
4.85286
4.84217
4.83099
4.81933
4.80719
4.79456
4.78145
4.76787
4.7538
4.73926
4.72424
4.70875
4.69279
4.67635
4.65945
4.64208
4.62424
4.60594
4.58718
4.56795
4.54827
4.52813
4.50753
4.48649
4.46499
4.44304
4.42065
4.39781
4.37453
4.35081
4.32665
4.30206
4.27704
4.25158
4.2257
4.19939
4.17266
4.14551
4.11794
4.08996
4.06157
4.03276
4.00355
3.97394
3.94393
3.91352
3.88271
3.85152
3.81993
3.78796
3.75561
3.72288
3.68978
3.6563
3.62245
3.58824
3.55366
3.51873
3.48344
3.4478
3.41181
3.37548
3.3388
3.30179
3.26444
3.22677
3.18876
3.15044
3.11179
3.07283
3.03356
2.99398
2.9541
2.91392
2.87344
2.83267
2.79162
2.75028
2.70866
2.66677
2.62461
2.58218
2.53948
2.49653
2.45333
2.40987
2.36617
2.32223
2.27806
2.23365
2.18901
2.14415
2.09907
2.05377
2.00827
1.96256
1.91665
1.87054
1.82425
1.77776
1.73109
1.68425
1.63723
1.59004
1.54269
1.49518
1.44752
1.3997
1.35174
1.30365
1.25541
1.20705
1.15856
1.10995
1.06122
1.01239
0.963445
0.9144
0.86526
0.816028
0.766709
0.717309
0.667832
0.618284
0.568668
0.518991
0.469257
0.419471
0.369638
0.319764
0.269852
0.219908
0.169937
0.119945
0.069935
0.0199133
-0.0301154
-0.0801461
-0.130174
-0.180193
-0.2302
-0.280189
-0.330154
-0.380092
-0.429996
-0.479863
-0.529687
-0.579462
-0.629185
-0.678849
-0.728451
-0.777985
-0.827446
-0.876829
-0.92613
-0.975342
-1.02446
-1.07349
-1.12241
-1.17122
-1.21992
-1.2685
-1.31696
-1.3653
-1.4135
-1.46157
-1.50949
-1.55727
-1.6049
-1.65237
-1.69968
-1.74683
-1.79381
-1.84061
-1.88723
-1.93367
-1.97992
-2.02598
-2.07183
-2.11749
-2.16294
-2.20817
-2.2532
-2.29799
-2.34257
-2.38691
-2.43102
-2.4749
-2.51852
-2.56191
-2.60503
-2.64791
-2.69052
-2.73287
-2.77495
-2.81675
-2.85828
-2.89953
-2.94049
-2.98116
-3.02153
-3.06161
-3.10139
-3.14086
-3.18002
-3.21886
-3.25739
-3.2956
-3.33348
-3.37103
-3.40824
-3.44512
-3.48166
-3.51786
-3.5537
-3.5892
-3.62434
-3.65912
-3.69354
-3.72759
-3.76127
-3.79458
-3.82752
-3.86007
-3.89224
-3.92403
-3.95542
-3.98643
-4.01704
-4.04725
-4.07705
-4.10646
-4.13545
-4.16404
-4.19221
-4.21997
-4.2473
-4.27422
-4.3007
-4.32677
-4.3524
-4.3776
-4.40236
-4.42669
-4.45057
-4.47402
-4.49701
-4.51956
-4.54167
-4.56331
-4.58451
-4.60525
-4.62553
-4.64535
-4.6647
-4.6836
-4.70202
-4.71998
-4.73747
-4.75448
-4.77102
-4.78709
-4.80268
-4.81779
-4.83242
-4.84657
-4.86023
-4.87341
-4.88611
-4.89832
-4.91003
-4.92126
-4.932
-4.94225
-4.952
-4.96126
-4.97002
-4.97829
-4.98606
-4.99333
-5.0001
-5.00638
-5.01215
-5.01742
-5.02219
-5.02647
-5.03023
-5.0335
-5.03626
-5.03852
-5.04028
-5.04153
-5.04228
-5.04252
-5.04226
-5.04149
-5.04022
-5.03845
-5.03617
-5.03339
-5.03011
-5.02632
-5.02203
-5.01723
-5.01194
-5.00614
-4.99984
-4.99304
-4.98574
-4.97794
-4.96965
-4.96085
-4.95156
-4.94177
-4.93149
-4.92071
-4.90944
-4.89768
-4.88542
-4.87268
-4.85945
-4.84573
-4.83152
-4.81683
-4.80166
-4.786
-4.76987
-4.75326
-4.73617
-4.7186
-4.70056
-4.68205
-4.66307
-4.64362
-4.6237
-4.60332
-4.58248
-4.56118
-4.53942
-4.5172
-4.49453
-4.4714
-4.44783
-4.42381
-4.39935
-4.37444
-4.34909
-4.32331
-4.29709
-4.27044
-4.24336
-4.21585
-4.18792
-4.15957
-4.13079
-4.1016
-4.072
-4.04199
-4.01157
-3.98075
-3.94952
-3.9179
-3.88588
-3.85347
-3.82068
-3.78749
-3.75393
-3.71998
-3.68566
-3.65097
-3.61591
-3.58049
-3.5447
-3.50856
-3.47206
-3.43521
-3.39801
-3.36047
-3.32259
-3.28437
-3.24582
-3.20694
-3.16774
-3.12822
-3.08838
-3.04823
-3.00777
-2.967
-2.92593
-2.88457
-2.84292
-2.80097
-2.75874
-2.71623
-2.67345
-2.63039
-2.58707
-2.54348
-2.49964
-2.45554
-2.41119
-2.36659
-2.32176
-2.27668
-2.23138
-2.18584
-2.14009
-2.09411
-2.04792
-2.00153
-1.95492
-1.90812
-1.86112
-1.81393
-1.76656
-1.719
-1.67127
-1.62336
-1.57529
-1.52706
-1.47866
-1.43012
-1.38142
-1.33259
-1.28361
-1.23451
-1.18527
-1.13591
-1.08643
-1.03684
-0.987144
-0.93734
-0.887438
-0.837442
-0.787357
-0.737189
-0.686941
-0.63662
-0.586231
-0.535777
-0.485266
-0.4347
-0.384086
-0.333428
-0.282732
-0.232003
-0.181246
-0.130465
-0.079666
-0.0288541
0.0219658
0.0727885
0.123609
0.174422
0.225223
0.276007
0.326768
0.377501
0.428202
0.478865
0.529485
0.580057
0.630576
0.681038
0.731436
0.781766
0.832023
0.882202
0.932297
0.982305
1.03222
1.08203
1.13175
1.18135
1.23084
1.28022
1.32947
1.37859
1.42758
1.47643
1.52514
1.5737
1.62211
1.67036
1.71845
1.76637
1.81412
1.86169
1.90908
1.95629
2.0033
2.05012
2.09674
2.14316
2.18936
2.23535
2.28112
2.32667
2.37199
2.41707
2.46192
2.50653
2.55089
2.595
2.63886
2.68245
2.72579
2.76885
2.81164
2.85416
2.89639
2.93834
2.98
3.02136
3.06243
3.10319
3.14365
3.1838
3.22363
3.26315
3.30234
3.34121
3.37974
3.41794
3.45581
3.49333
3.53051
3.56734
3.60381
3.63993
3.67568
3.71108
3.7461
3.78076
3.81504
3.84894
3.88246
3.9156
3.94834
3.9807
4.01266
4.04422
4.07538
4.10614
4.13649
4.16643
4.19595
4.22506
4.25375
4.28202
4.30986
4.33727
4.36426
4.3908
4.41692
4.44259
4.46782
4.49261
4.51695
4.54084
4.56428
4.58726
4.60979
4.63186
4.65347
4.67461
4.69529
4.71551
4.73525
4.75452
4.77332
4.79164
4.80949
4.82685
4.84374
4.86014
4.87606
4.89149
4.90644
4.92089
4.93486
4.94833
4.96131
4.97379
4.98578
4.99727
5.00827
5.01876
5.02875
5.03824
5.04723
5.05571
5.06369
5.07116
5.07813
5.08459
5.09054
5.09598
5.10092
5.10534
5.10926
5.11266
5.11555
5.11794
5.11981
5.12116
5.12201
5.12234
5.12217
5.12148
5.12027
5.11856
5.11633
5.11359
5.11034
5.10658
5.10231
5.09753
5.09223
5.08643
5.08012
5.0733
5.06597
5.05813
5.04979
5.04094
5.03159
5.02173
5.01137
5.00051
4.98914
4.97728
4.96491
4.95205
4.9387
4.92484
4.9105
4.89566
4.88033
4.86451
4.8482
4.83141
4.81413
4.79637
4.77812
4.7594
4.7402
4.72052
4.70037
4.67975
4.65865
4.63709
4.61507
4.59258
4.56962
4.54621
4.52235
4.49802
4.47325
4.44802
4.42235
4.39623
4.36967
4.34267
4.31524
4.28737
4.25907
4.23034
4.20118
4.1716
4.1416
4.11119
4.08035
4.04911
4.01746
3.98541
3.95295
3.9201
3.88685
3.8532
3.81917
3.78476
3.74996
3.71478
3.67923
3.64331
3.60701
3.57036
3.53334
3.49597
3.45824
3.42017
3.38175
3.34298
3.30388
3.26444
3.22468
3.18458
3.14417
3.10343
3.06238
3.02102
2.97936
2.93739
2.89513
2.85257
2.80972
2.76659
2.72317
2.67948
2.63552
2.59128
2.54679
2.50203
2.45702
2.41177
2.36626
2.32051
2.27453
2.22832
2.18187
2.13521
2.08833
2.04123
1.99392
1.94641
1.8987
1.8508
1.80271
1.75443
1.70597
1.65734
1.60853
1.55956
1.51043
1.46114
1.4117
1.36212
1.31239
1.26253
1.21254
1.16242
1.11217
1.06182
1.01135
0.960775
0.910099
0.859327
0.808464
0.757516
0.706486
0.655381
0.604205
0.552963
0.501662
0.450304
0.398897
0.347445
0.295952
0.244425
0.192869
0.141288
0.0896873
0.0380729
-0.0135506
-0.0651778
-0.116804
-0.168423
-0.220031
-0.271622
-0.32319
-0.374732
-0.426242
-0.477713
-0.529143
-0.580524
-0.631853
-0.683123
-0.734331
-0.78547
-0.836535
-0.887522
-0.938426
-0.98924
-1.03996
-1.09058
-1.1411
-1.19151
-1.2418
-1.29198
-1.34203
-1.39195
-1.44174
-1.49139
-1.5409
-1.59025
-1.63945
-1.68849
-1.73737
-1.78608
-1.83462
-1.88298
-1.93115
-1.97913
-2.02693
-2.07452
-2.12191
-2.1691
-2.21607
-2.26282
-2.30936
-2.35567
-2.40174
-2.44758
-2.49318
-2.53854
-2.58365
-2.6285
-2.67309
-2.71742
-2.76149
-2.80528
-2.8488
-2.89203
-2.93498
-2.97765
-3.02001
-3.06208
-3.10385
-3.14531
-3.18647
-3.2273
-3.26782
-3.30802
-3.34789
-3.38743
-3.42663
-3.46549
-3.50402
-3.54219
-3.58002
-3.61749
-3.6546
-3.69135
-3.72774
-3.76375
-3.7994
-3.83467
-3.86955
-3.90406
-3.93817
-3.9719
-4.00523
-4.03817
-4.0707
-4.10284
-4.13456
-4.16587
-4.19677
-4.22726
-4.25732
-4.28696
-4.31618
-4.34497
-4.37332
-4.40124
-4.42873
-4.45577
-4.48237
-4.50853
-4.53423
-4.55949
-4.58429
-4.60864
-4.63253
-4.65595
-4.67892
-4.70142
-4.72345
-4.74501
-4.7661
-4.78671
-4.80685
-4.82651
-4.84568
-4.86438
-4.88259
-4.90031
-4.91755
-4.93429
-4.95055
-4.96631
-4.98157
-4.99634
-5.01061
-5.02438
-5.03765
-5.05042
-5.06269
-5.07444
-5.0857
-5.09644
-5.10668
-5.1164
-5.12562
-5.13433
-5.14252
-5.1502
-5.15736
-5.16401
-5.17014
-5.17576
-5.18086
-5.18544
-5.18951
-5.19305
-5.19608
-5.19859
-5.20058
-5.20204
-5.20299
-5.20342
-5.20333
-5.20271
-5.20158
-5.19993
-5.19775
-5.19506
-5.19185
-5.18811
-5.18386
-5.17909
-5.1738
-5.168
-5.16167
-5.15483
-5.14747
-5.1396
-5.13121
-5.12231
-5.1129
-5.10297
-5.09253
-5.08158
-5.07012
-5.05816
-5.04568
-5.03271
-5.01922
-5.00524
-4.99075
-4.97576
-4.96027
-4.94428
-4.9278
-4.91083
-4.89336
-4.8754
-4.85695
-4.83801
-4.81859
-4.79868
-4.77829
-4.75743
-4.73608
-4.71426
-4.69196
-4.6692
-4.64596
-4.62226
-4.59809
-4.57346
-4.54837
-4.52282
-4.49682
-4.47037
-4.44346
-4.41611
-4.38832
-4.36008
-4.33141
-4.30229
-4.27275
-4.24278
-4.21237
-4.18155
-4.1503
-4.11863
-4.08655
-4.05406
-4.02116
-3.98785
-3.95414
-3.92004
-3.88553
-3.85064
-3.81535
-3.77968
-3.74363
-3.70721
-3.6704
-3.63323
-3.59569
-3.55779
-3.51952
-3.4809
-3.44193
-3.40261
-3.36295
-3.32295
-3.28261
-3.24194
-3.20094
-3.15961
-3.11797
-3.07601
-3.03373
-2.99115
-2.94827
-2.90509
-2.86161
-2.81784
-2.77379
-2.72945
-2.68484
-2.63995
-2.5948
-2.54938
-2.5037
-2.45777
-2.41159
-2.36516
-2.31849
-2.27158
-2.22444
-2.17708
-2.12949
-2.08168
-2.03366
-1.98544
-1.937
-1.88838
-1.83955
-1.79054
-1.74135
-1.69197
-1.64242
-1.59271
-1.54282
-1.49278
-1.44259
-1.39224
-1.34175
-1.29112
-1.24036
-1.18947
-1.13845
-1.08732
-1.03607
-0.984713
-0.933252
-0.881693
-0.83004
-0.778299
-0.726475
-0.674574
-0.622599
-0.570558
-0.518454
-0.466292
-0.414079
-0.36182
-0.309519
-0.257182
-0.204814
-0.15242
-0.100006
-0.047576
0.00486356
0.0573079
0.109752
0.16219
0.214617
0.267028
0.319417
0.37178
0.424111
0.476404
0.528656
0.580859
0.63301
0.685102
0.737132
0.789093
0.84098
0.892788
0.944512
0.996147
1.04769
1.09913
1.15046
1.20169
1.2528
1.30379
1.35466
1.40539
1.45599
1.50645
1.55676
1.60693
1.65693
1.70678
1.75646
1.80597
1.85531
1.90446
1.95343
2.00221
2.05079
2.09917
2.14735
2.19532
2.24307
2.2906
2.33791
2.38499
2.43184
2.47845
2.52481
2.57093
2.61679
2.6624
2.70774
2.75282
2.79763
2.84216
2.88642
2.93038
2.97406
3.01745
3.06054
3.10333
3.14581
3.18798
3.22984
3.27138
3.31259
3.35348
3.39404
3.43426
3.47414
3.51368
3.55287
3.59171
3.6302
3.66832
3.70609
3.74348
3.78051
3.81716
3.85343
3.88932
3.92483
3.95994
3.99467
4.029
4.06292
4.09645
4.12957
4.16228
4.19458
4.22646
4.25792
4.28896
4.31957
4.34975
4.37951
4.40882
4.4377
4.46614
4.49413
4.52168
4.54878
4.57543
4.60162
4.62735
4.65263
4.67744
4.70178
4.72566
4.74907
4.772
4.79446
4.81645
4.83795
4.85897
4.87951
4.89956
4.91913
4.9382
4.95678
4.97487
4.99246
5.00956
5.02616
5.04225
5.05784
5.07293
5.08751
5.10159
5.11516
5.12821
5.14076
5.15279
5.16431
5.17531
5.1858
5.19577
5.20522
5.21415
5.22256
5.23044
5.23781
5.24465
5.25097
5.25677
5.26204
5.26678
5.271
5.27469
5.27786
5.28049
5.2826
5.28418
5.28524
5.28576
5.28576
5.28522
5.28416
5.28257
5.28046
5.27781
5.27463
5.27093
5.2667
5.26195
5.25666
5.25085
5.24452
5.23766
5.23027
5.22236
5.21393
5.20498
5.1955
5.18551
5.17499
5.16396
5.1524
5.14034
5.12775
5.11466
5.10105
5.08693
5.07229
5.05715
5.04151
5.02535
5.0087
4.99154
4.97388
4.95572
4.93706
4.91791
4.89826
4.87812
4.85749
4.83638
4.81477
4.79269
4.77012
4.74708
4.72355
4.69956
4.67509
4.65015
4.62474
4.59887
4.57253
4.54574
4.51848
4.49078
4.46262
4.43401
4.40496
4.37546
4.34552
4.31514
4.28433
4.25309
4.22142
4.18933
4.15681
4.12387
4.09052
4.05676
4.02258
3.98801
3.95302
3.91764
3.88187
3.8457
3.80915
3.77221
3.73488
3.69719
3.65912
3.62067
3.58187
3.5427
3.50317
3.46329
3.42306
3.38248
3.34156
3.3003
3.2587
3.21678
3.17453
3.13196
3.08907
3.04587
3.00236
2.95855
2.91443
2.87002
2.82532
2.78033
2.73506
2.68951
2.64368
2.59759
2.55123
2.50462
2.45775
2.41062
2.36326
2.31565
2.2678
2.21973
2.17142
2.1229
2.07415
2.0252
1.97604
1.92667
1.87711
1.82735
1.77741
1.72728
1.67698
1.6265
1.57586
1.52505
1.47409
1.42297
1.37171
1.3203
1.26876
1.21708
1.16528
1.11336
1.06132
1.00917
0.956907
0.904548
0.852094
0.799548
0.746918
0.694208
0.641423
0.588568
0.53565
0.482672
0.429641
0.376562
0.32344
0.27028
0.217088
0.163868
0.110628
0.0573702
0.00410178
-0.0491724
-0.102447
-0.155717
-0.208976
-0.26222
-0.315443
-0.368639
-0.421805
-0.474933
-0.528019
-0.581058
-0.634043
-0.686971
-0.739835
-0.792631
-0.845353
-0.897995
-0.950553
-1.00302
-1.05539
-1.10767
-1.15983
-1.21189
-1.26383
-1.31565
-1.36734
-1.4189
-1.47033
-1.52161
-1.57275
-1.62373
-1.67456
-1.72522
-1.77572
-1.82604
-1.87619
-1.92615
-1.97593
-2.02551
-2.07489
-2.12408
-2.17305
-2.22182
-2.27036
-2.31869
-2.36678
-2.41465
-2.46228
-2.50966
-2.5568
-2.60369
-2.65033
-2.6967
-2.74281
-2.78865
-2.83421
-2.8795
-2.9245
-2.96922
-3.01364
-3.05776
-3.10159
-3.1451
-3.18831
-3.23121
-3.27378
-3.31603
-3.35795
-3.39955
-3.4408
-3.48172
-3.52229
-3.56252
-3.60239
-3.6419
-3.68106
-3.71985
-3.75827
-3.79633
-3.834
-3.8713
-3.90821
-3.94473
-3.98087
-4.01661
-4.05195
-4.08689
-4.12143
-4.15555
-4.18927
-4.22257
-4.25544
-4.2879
-4.31993
-4.35154
-4.38271
-4.41344
-4.44374
-4.4736
-4.50301
-4.53197
-4.56049
-4.58855
-4.61616
-4.6433
-4.66999
-4.69621
-4.72196
-4.74724
-4.77205
-4.79639
-4.82025
-4.84363
-4.86653
-4.88894
-4.91087
-4.93231
-4.95325
-4.97371
-4.99367
-5.01313
-5.03209
-5.05055
-5.06851
-5.08596
-5.1029
-5.11934
-5.13527
-5.15068
-5.16558
-5.17997
-5.19384
-5.20719
-5.22002
-5.23233
-5.24412
-5.25538
-5.26613
-5.27634
-5.28603
-5.29519
-5.30383
-5.31193
-5.3195
-5.32654
-5.33305
-5.33903
-5.34448
-5.34939
-5.35376
-5.3576
-5.36091
-5.36368
-5.36591
-5.36761
-5.36877
-5.36939
-5.36948
-5.36903
-5.36804
-5.36652
-5.36446
-5.36186
-5.35873
-5.35506
-5.35085
-5.34611
-5.34083
-5.33502
-5.32868
-5.3218
-5.31439
-5.30644
-5.29797
-5.28896
-5.27943
-5.26936
-5.25877
-5.24765
-5.236
-5.22383
-5.21114
-5.19793
-5.18419
-5.16993
-5.15516
-5.13986
-5.12406
-5.10773
-5.0909
-5.07356
-5.0557
-5.03734
-5.01847
-4.9991
-4.97923
-4.95886
-4.93799
-4.91662
-4.89476
-4.87241
-4.84957
-4.82624
-4.80243
-4.77813
-4.75335
-4.7281
-4.70237
-4.67617
-4.64949
-4.62235
-4.59475
-4.56668
-4.53816
-4.50917
-4.47974
-4.44985
-4.41951
-4.38873
-4.35751
-4.32584
-4.29375
-4.26122
-4.22826
-4.19487
-4.16106
-4.12683
-4.09219
-4.05713
-4.02167
-3.9858
-3.94952
-3.91285
-3.87578
-3.83832
-3.80048
-3.76225
-3.72364
-3.68465
-3.64529
-3.60556
-3.56547
-3.52502
-3.48421
-3.44305
-3.40154
-3.35969
-3.31749
-3.27496
-3.2321
-3.18891
-3.1454
-3.10156
-3.05742
-3.01296
-2.9682
-2.92314
-2.87778
-2.83212
-2.78618
-2.73996
-2.69346
-2.64668
-2.59964
-2.55233
-2.50476
-2.45693
-2.40886
-2.36053
-2.31197
-2.26317
-2.21414
-2.16489
-2.11541
-2.06572
-2.01581
-1.9657
-1.91539
-1.86488
-1.81417
-1.76329
-1.71222
-1.66097
-1.60955
-1.55797
-1.50623
-1.45433
-1.40228
-1.35008
-1.29774
-1.24527
-1.19267
-1.13995
-1.0871
-1.03414
-0.981075
-0.927904
-0.874635
-0.821273
-0.767824
-0.714292
-0.660684
-0.607004
-0.553259
-0.499452
-0.445591
-0.391679
-0.337723
-0.283727
-0.229698
-0.175641
-0.12156
-0.0674623
-0.013352
0.0407649
0.0948832
0.148997
0.203102
0.257192
0.311262
0.365305
0.419318
0.473294
0.527228
0.581115
0.634949
0.688725
0.742438
0.796082
0.849651
0.903141
0.956546
1.00986
1.06308
1.1162
1.16921
1.22211
1.27489
1.32755
1.38009
1.43249
1.48475
1.53687
1.58884
1.64066
1.69231
1.74381
1.79513
1.84628
1.89726
1.94804
1.99864
2.04904
2.09924
2.14924
2.19903
2.2486
2.29795
2.34708
2.39598
2.44464
2.49306
2.54124
2.58917
2.63685
2.68427
2.73142
2.7783
2.82491
2.87125
2.9173
2.96306
3.00854
3.05371
3.09859
3.14316
3.18742
3.23136
3.27499
3.31829
3.36127
3.40391
3.44622
3.48819
3.52981
3.57109
3.61201
3.65257
3.69277
3.73261
3.77208
3.81118
3.84989
3.88823
3.92618
3.96375
4.00092
4.03769
4.07406
4.11003
4.1456
4.18075
4.21549
4.24981
4.2837
4.31718
4.35022
4.38283
4.41501
4.44675
4.47805
4.5089
4.53931
4.56926
4.59876
4.62781
4.65639
4.68451
4.71217
4.73935
4.76607
4.79231
4.81807
4.84336
4.86816
4.89248
4.91632
4.93966
4.96251
4.98487
5.00673
5.0281
5.04896
5.06932
5.08917
5.10852
5.12736
5.14569
5.1635
5.1808
5.19759
5.21386
5.2296
5.24483
5.25953
5.27371
5.28736
5.30048
5.31308
5.32515
5.33668
5.34768
5.35815
5.36808
5.37748
5.38634
5.39467
5.40245
5.4097
5.4164
5.42256
5.42819
5.43327
5.4378
5.4418
5.44525
5.44815
5.45052
5.45233
5.4536
5.45433
5.45451
5.45415
5.45324
5.45178
5.44978
5.44723
5.44414
5.44051
5.43633
5.4316
5.42634
5.42052
5.41417
5.40728
5.39984
5.39186
5.38334
5.37429
5.36469
5.35456
5.34389
5.33268
5.32095
5.30867
5.29587
5.28253
5.26867
5.25428
5.23936
5.22391
5.20794
5.19145
5.17444
5.15691
5.13886
5.12029
5.10121
5.08162
5.06152
5.04091
5.0198
4.99818
4.97606
4.95344
4.93032
4.9067
4.8826
4.858
4.83291
4.80734
4.78129
4.75475
4.72774
4.70025
4.67229
4.64385
4.61495
4.58559
4.55577
4.52548
4.49474
4.46355
4.43191
4.39982
4.36729
4.33432
4.30091
4.26707
4.2328
4.1981
4.16298
4.12744
4.09148
4.05511
4.01833
3.98115
3.94356
3.90558
3.8672
3.82843
3.78927
3.74973
3.70982
3.66952
3.62886
3.58783
3.54643
3.50468
3.46257
3.42012
3.37731
3.33417
3.29068
3.24687
3.20272
3.15825
3.11346
3.06835
3.02293
2.97721
2.93118
2.88485
2.83824
2.79133
2.74414
2.69667
2.64892
2.60091
2.55263
2.50409
2.4553
2.40625
2.35696
2.30743
2.25767
2.20767
2.15745
2.107
2.05634
2.00547
1.9544
1.90312
1.85165
1.79999
1.74814
1.69612
1.64391
1.59154
1.53901
1.48631
1.43346
1.38046
1.32732
1.27404
1.22063
1.16709
1.11343
1.05965
1.00576
0.951769
0.897673
0.843482
0.789202
0.734837
0.680392
0.625875
0.571289
0.516641
0.461936
0.407179
0.352376
0.297532
0.242653
0.187744
0.132811
0.0778591
0.022894
-0.032079
-0.0870542
-0.142026
-0.19699
-0.251939
-0.306868
-0.361772
-0.416646
-0.471483
-0.526279
-0.581027
-0.635723
-0.690361
-0.744935
-0.799441
-0.853871
-0.908222
-0.962488
-1.01666
-1.07074
-1.12472
-1.17859
-1.23234
-1.28598
-1.3395
-1.39289
-1.44614
-1.49925
-1.55222
-1.60504
-1.65771
-1.71021
-1.76255
-1.81472
-1.86671
-1.91852
-1.97014
-2.02157
-2.0728
-2.12384
-2.17466
-2.22527
-2.27567
-2.32584
-2.37578
-2.4255
-2.47497
-2.5242
-2.57319
-2.62192
-2.67039
-2.7186
-2.76655
-2.81422
-2.86162
-2.90874
-2.95556
-3.0021
-3.04835
-3.09429
-3.13993
-3.18525
-3.23027
-3.27496
-3.31934
-3.36338
-3.4071
-3.45047
-3.49351
-3.5362
-3.57854
-3.62053
-3.66216
-3.70343
-3.74433
-3.78486
-3.82502
-3.8648
-3.9042
-3.94321
-3.98182
-4.02005
-4.05788
-4.0953
-4.13232
-4.16893
-4.20513
-4.24091
-4.27627
-4.3112
-4.34571
-4.37978
-4.41343
-4.44663
-4.47939
-4.51171
-4.54358
-4.575
-4.60596
-4.63647
-4.66651
-4.6961
-4.72521
-4.75386
-4.78203
-4.80973
-4.83695
-4.86369
-4.88994
-4.91571
-4.94099
-4.96578
-4.99008
-5.01387
-5.03717
-5.05997
-5.08226
-5.10405
-5.12533
-5.1461
-5.16636
-5.1861
-5.20532
-5.22403
-5.24222
-5.25988
-5.27702
-5.29363
-5.30972
-5.32527
-5.3403
-5.35479
-5.36875
-5.38218
-5.39506
-5.40741
-5.41922
-5.43049
-5.44121
-5.4514
-5.46104
-5.47013
-5.47868
-5.48668
-5.49413
-5.50103
-5.50739
-5.51319
-5.51845
-5.52315
-5.5273
-5.5309
-5.53395
-5.53644
-5.53838
-5.53976
-5.54059
-5.54087
-5.5406
-5.53977
-5.53838
-5.53644
-5.53395
-5.5309
-5.52731
-5.52315
-5.51845
-5.51319
-5.50738
-5.50102
-5.49411
-5.48665
-5.47864
-5.47008
-5.46097
-5.45132
-5.44112
-5.43037
-5.41908
-5.40725
-5.39487
-5.38196
-5.3685
-5.35451
-5.33998
-5.32491
-5.30931
-5.29318
-5.27652
-5.25933
-5.24161
-5.22336
-5.20459
-5.1853
-5.16549
-5.14516
-5.12431
-5.10295
-5.08107
-5.05869
-5.03579
-5.01239
-4.98849
-4.96409
-4.93919
-4.91379
-4.88789
-4.86151
-4.83464
-4.80728
-4.77943
-4.75111
-4.72231
-4.69303
-4.66328
-4.63307
-4.60238
-4.57123
-4.53963
-4.50756
-4.47504
-4.44207
-4.40866
-4.37479
-4.34049
-4.30575
-4.27058
-4.23497
-4.19894
-4.16249
-4.12561
-4.08832
-4.05062
-4.0125
-3.97399
-3.93507
-3.89575
-3.85604
-3.81594
-3.77546
-3.73459
-3.69335
-3.65173
-3.60974
-3.56739
-3.52468
-3.48161
-3.43819
-3.39442
-3.3503
-3.30585
-3.26106
-3.21594
-3.17049
-3.12473
-3.07864
-3.03225
-2.98554
-2.93853
-2.89123
-2.84363
-2.79574
-2.74757
-2.69911
-2.65039
-2.60139
-2.55212
-2.5026
-2.45282
-2.4028
-2.35252
-2.30201
-2.25126
-2.20028
-2.14907
-2.09765
-2.04601
-1.99416
-1.94211
-1.88985
-1.83741
-1.78477
-1.73195
-1.67895
-1.62578
-1.57244
-1.51894
-1.46528
-1.41147
-1.35751
-1.30341
-1.24918
-1.19481
-1.14032
-1.08571
-1.03099
-0.976155
-0.92122
-0.866187
-0.811062
-0.75585
-0.700557
-0.645189
-0.58975
-0.534247
-0.478686
-0.42307
-0.367407
-0.311702
-0.255959
-0.200186
-0.144387
-0.0885679
-0.0327345
0.0231078
0.0789534
0.134797
0.190632
0.246454
0.302257
0.358035
0.413783
0.469495
0.525166
0.58079
0.636361
0.691874
0.747324
0.802704
0.85801
0.913235
0.968375
1.02342
1.07837
1.13322
1.18797
1.24259
1.2971
1.35149
1.40574
1.45986
1.51384
1.56768
1.62136
1.67488
1.72825
1.78144
1.83446
1.88731
1.93997
1.99244
2.04472
2.0968
2.14868
2.20034
2.25179
2.30302
2.35403
2.4048
2.45534
2.50564
2.55569
2.6055
2.65504
2.70433
2.75335
2.8021
2.85058
2.89877
2.94668
2.9943
3.04163
3.08865
3.13538
3.18179
3.22789
3.27367
3.31913
3.36426
3.40906
3.45352
3.49764
3.54142
3.58485
3.62792
3.67064
3.71299
3.75497
3.79658
3.83782
3.87868
3.91915
3.95924
3.99893
4.03823
4.07713
4.11563
4.15371
4.19139
4.22865
4.26549
4.30191
4.3379
4.37346
4.40859
4.44328
4.47753
4.51133
4.54469
4.5776
4.61005
4.64204
4.67358
4.70464
4.73525
4.76538
4.79503
4.82421
4.85292
4.88113
4.90887
4.93611
4.96287
4.98913
5.01489
5.04016
5.06492
5.08918
5.11294
5.13618
5.15892
5.18114
5.20284
5.22403
5.24469
5.26484
5.28445
5.30355
5.32211
5.34014
5.35765
5.37461
5.39104
5.40694
5.42229
5.43711
5.45138
5.46511
5.47829
5.49093
5.50302
5.51456
5.52555
5.53598
5.54587
5.5552
5.56398
5.5722
5.57987
5.58697
5.59352
5.59952
5.60495
5.60982
5.61413
5.61788
5.62107
5.6237
5.62576
5.62727
5.62821
5.62859
5.6284
5.62765
5.62634
5.62447
5.62203
5.61903
5.61547
5.61135
5.60667
5.60142
5.59561
5.58925
5.58232
5.57484
5.56679
5.55819
5.54904
5.53932
5.52906
5.51823
5.50686
5.49493
5.48245
5.46943
5.45585
5.44173
5.42706
5.41185
5.3961
5.3798
5.36297
5.34559
5.32768
5.30924
5.29026
5.27076
5.25072
5.23016
5.20907
5.18745
5.16532
5.14267
5.1195
5.09582
5.07163
5.04692
5.02171
4.996
4.96978
4.94306
4.91585
4.88814
4.85994
4.83125
4.80207
4.77241
4.74228
4.71166
4.68057
4.64901
4.61698
4.58448
4.55153
4.51811
4.48425
4.44992
4.41515
4.37994
4.34428
4.30819
4.27166
4.2347
4.19732
4.15951
4.12128
4.08263
4.04357
4.00411
3.96424
3.92396
3.8833
3.84224
3.80079
3.75896
3.71675
3.67416
3.6312
3.58787
3.54418
3.50013
3.45573
3.41097
3.36587
3.32043
3.27466
3.22855
3.18211
3.13535
3.08827
3.04088
2.99318
2.94518
2.89688
2.84828
2.79939
2.75022
2.70077
2.65104
2.60104
2.55078
2.50026
2.44948
2.39845
2.34718
2.29567
2.24392
2.19194
2.13974
2.08732
2.03469
1.98184
1.9288
1.87555
1.82212
1.76849
1.71468
1.6607
1.60654
1.55222
1.49774
1.4431
1.38832
1.33338
1.27831
1.22311
1.16778
1.11232
1.05675
1.00107
0.945283
0.889396
0.833413
0.777342
0.721188
0.664955
0.608651
0.55228
0.495848
0.439361
0.382825
0.326244
0.269625
0.212974
0.156296
0.0995959
0.0428805
-0.0138447
-0.0705743
-0.127302
-0.184024
-0.240732
-0.297422
-0.354088
-0.410724
-0.467325
-0.523884
-0.580397
-0.636858
-0.69326
-0.749599
-0.805869
-0.862063
-0.918177
-0.974205
-1.03014
-1.08598
-1.14172
-1.19734
-1.25285
-1.30825
-1.36352
-1.41865
-1.47365
-1.52851
-1.58322
-1.63778
-1.69218
-1.74642
-1.80048
-1.85438
-1.90809
-1.96162
-2.01495
-2.06809
-2.12103
-2.17376
-2.22628
-2.27859
-2.33066
-2.38252
-2.43414
-2.48552
-2.53665
-2.58754
-2.63818
-2.68855
-2.73866
-2.78851
-2.83808
-2.88737
-2.93638
-2.98509
-3.03352
-3.08164
-3.12947
-3.17698
-3.22418
-3.27107
-3.31763
-3.36386
-3.40976
-3.45533
-3.50056
-3.54544
-3.58996
-3.63414
-3.67796
-3.72141
-3.76449
-3.80721
-3.84954
-3.8915
-3.93307
-3.97425
-4.01504
-4.05543
-4.09542
-4.135
-4.17418
-4.21294
-4.25128
-4.2892
-4.3267
-4.36377
-4.4004
-4.4366
-4.47236
-4.50767
-4.54254
-4.57696
-4.61092
-4.64443
-4.67747
-4.71005
-4.74216
-4.7738
-4.80497
-4.83566
-4.86587
-4.89559
-4.92483
-4.95358
-4.98184
-5.0096
-5.03686
-5.06362
-5.08988
-5.11563
-5.14088
-5.16561
-5.18983
-5.21353
-5.23671
-5.25937
-5.28151
-5.30312
-5.3242
-5.34475
-5.36477
-5.38426
-5.40321
-5.42162
-5.43949
-5.45682
-5.4736
-5.48984
-5.50553
-5.52067
-5.53526
-5.5493
-5.56279
-5.57572
-5.58809
-5.59991
-5.61117
-5.62187
-5.63201
-5.64158
-5.65059
-5.65904
-5.66692
-5.67424
-5.68099
-5.68717
-5.69279
-5.69783
-5.70231
-5.70622
-5.70955
-5.71232
-5.71451
-5.71614
-5.71719
-5.71767
-5.71758
-5.71692
-5.71568
-5.71388
-5.7115
-5.70855
-5.70503
-5.70094
-5.69628
-5.69104
-5.68524
-5.67887
-5.67193
-5.66443
-5.65635
-5.64771
-5.63851
-5.62873
-5.6184
-5.6075
-5.59604
-5.58402
-5.57144
-5.5583
-5.54461
-5.53036
-5.51555
-5.50019
-5.48428
-5.46782
-5.45081
-5.43326
-5.41516
-5.39651
-5.37733
-5.3576
-5.33734
-5.31654
-5.29521
-5.27334
-5.25095
-5.22803
-5.20458
-5.18062
-5.15613
-5.13112
-5.1056
-5.07956
-5.05301
-5.02596
-4.9984
-4.97034
-4.94177
-4.91272
-4.88316
-4.85312
-4.82258
-4.79157
-4.76007
-4.72809
-4.69563
-4.6627
-4.6293
-4.59544
-4.56111
-4.52632
-4.49108
-4.45539
-4.41924
-4.38265
-4.34562
-4.30815
-4.27024
-4.23191
-4.19314
-4.15396
-4.11435
-4.07433
-4.0339
-3.99306
-3.95182
-3.91017
-3.86814
-3.82571
-3.78289
-3.7397
-3.69612
-3.65217
-3.60785
-3.56316
-3.51812
-3.47272
-3.42696
-3.38086
-3.33442
-3.28763
-3.24052
-3.19308
-3.14531
-3.09722
-3.04882
-3.00011
-2.95109
-2.90177
-2.85216
-2.80226
-2.75207
-2.7016
-2.65086
-2.59985
-2.54857
-2.49703
-2.44524
-2.3932
-2.34091
-2.28838
-2.23562
-2.18263
-2.12942
-2.07599
-2.02235
-1.9685
-1.91444
-1.86019
-1.80575
-1.75112
-1.69631
-1.64133
-1.58617
-1.53086
-1.47538
-1.41975
-1.36397
-1.30806
-1.252
-1.19581
-1.1395
-1.08307
-1.02653
-0.969875
-0.91312
-0.856267
-0.799323
-0.742293
-0.685184
-0.628
-0.570748
-0.513433
-0.45606
-0.398637
-0.341168
-0.283659
-0.226116
-0.168544
-0.11095
-0.0533394
0.00428263
0.06191
0.119537
0.177158
0.234766
0.292357
0.349925
0.407463
0.464967
0.522429
0.579845
0.637209
0.694515
0.751757
0.80893
0.866028
0.923044
0.979974
1.03681
1.09355
1.15019
1.20671
1.26313
1.31942
1.37558
1.43161
1.48751
1.54326
1.59887
1.65431
1.7096
1.76473
1.81968
1.87446
1.92905
1.98346
2.03767
2.09169
2.1455
2.1991
2.25249
2.30566
2.3586
2.41131
2.46379
2.51602
2.56801
2.61975
2.67123
2.72245
2.7734
2.82408
2.87448
2.9246
2.97443
3.02397
3.07322
3.12215
3.17079
3.21911
3.26711
3.31479
3.36215
3.40917
3.45586
3.5022
3.5482
3.59385
3.63915
3.68408
3.72866
3.77286
3.81669
3.86014
3.90321
3.9459
3.9882
4.0301
4.0716
4.1127
4.15339
4.19367
4.23353
4.27298
4.312
4.3506
4.38876
4.42649
4.46378
4.50063
4.53703
4.57298
4.60848
4.64352
4.6781
4.71221
4.74586
4.77903
4.81174
4.84396
4.8757
4.90696
4.93773
4.96801
4.99779
5.02708
5.05587
5.08416
5.11194
5.13921
5.16597
5.19222
5.21795
5.24316
5.26785
5.29202
5.31565
5.33876
5.36134
5.38339
5.40489
5.42586
5.44629
5.46618
5.48552
5.50431
5.52256
5.54026
5.5574
5.57399
5.59002
5.6055
5.62042
5.63478
5.64857
5.6618
5.67447
5.68657
5.6981
5.70907
5.71946
5.72929
5.73854
5.74722
5.75532
5.76285
5.76981
5.77619
5.78199
5.78721
5.79186
5.79592
5.79941
5.80232
5.80465
5.8064
5.80756
5.80815
5.80816
5.80758
5.80643
5.80469
5.80237
5.79947
5.796
5.79194
5.7873
5.78209
5.77629
5.76992
5.76297
5.75544
5.74733
5.73866
5.7294
5.71957
5.70917
5.6982
5.68665
5.67454
5.66186
5.64861
5.63479
5.62041
5.60546
5.58996
5.57389
5.55726
5.54008
5.52234
5.50405
5.4852
5.46581
5.44586
5.42537
5.40434
5.38276
5.36064
5.33798
5.31479
5.29106
5.2668
5.24202
5.2167
5.19086
5.1645
5.13763
5.11023
5.08232
5.0539
5.02497
4.99554
4.9656
4.93517
4.90423
4.87281
4.84089
4.80849
4.7756
4.74223
4.70838
4.67406
4.63927
4.60401
4.56829
4.53211
4.49547
4.45838
4.42083
4.38285
4.34441
4.30555
4.26624
4.22651
4.18635
4.14577
4.10476
4.06335
4.02152
3.97929
3.93665
3.89362
3.85019
3.80638
3.76218
3.71759
3.67264
3.62731
3.58161
3.53555
3.48913
3.44236
3.39524
3.34777
3.29997
3.25183
3.20336
3.15457
3.10545
3.05602
3.00628
2.95624
2.90589
2.85525
2.80431
2.7531
2.7016
2.64982
2.59778
2.54547
2.4929
2.44008
2.387
2.33369
2.28013
2.22634
2.17233
2.11809
2.06363
2.00896
1.95408
1.89901
1.84374
1.78828
1.73263
1.67681
1.62081
1.56464
1.50832
1.45183
1.3952
1.33842
1.2815
1.22444
1.16726
1.10996
1.05254
0.995006
0.937369
0.879633
0.821802
0.763884
0.705884
0.647807
0.58966
0.531448
0.473177
0.414853
0.356481
0.298068
0.23962
0.181141
0.122639
0.0641183
0.00558555
-0.0529536
-0.111493
-0.170028
-0.228551
-0.287057
-0.345541
-0.403996
-0.462416
-0.520796
-0.579129
-0.637411
-0.695634
-0.753794
-0.811884
-0.869899
-0.927833
-0.985679
-1.04343
-1.10109
-1.15864
-1.21608
-1.27341
-1.33061
-1.38768
-1.44463
-1.50143
-1.55809
-1.6146
-1.67096
-1.72715
-1.78317
-1.83903
-1.8947
-1.95019
-2.00549
-2.0606
-2.1155
-2.1702
-2.22469
-2.27896
-2.33301
-2.38683
-2.44042
-2.49376
-2.54687
-2.59972
-2.65232
-2.70466
-2.75674
-2.80854
-2.86007
-2.91132
-2.96228
-3.01295
-3.06333
-3.1134
-3.16317
-3.21262
-3.26176
-3.31058
-3.35907
-3.40723
-3.45506
-3.50254
-3.54968
-3.59647
-3.6429
-3.68898
-3.73469
-3.78003
-3.82499
-3.86958
-3.91379
-3.95761
-4.00104
-4.04407
-4.0867
-4.12893
-4.17075
-4.21216
-4.25315
-4.29372
-4.33386
-4.37357
-4.41285
-4.45169
-4.4901
-4.52805
-4.56556
-4.60261
-4.63921
-4.67535
-4.71102
-4.74623
-4.78097
-4.81523
-4.84901
-4.88231
-4.91513
-4.94745
-4.97929
-5.01063
-5.04147
-5.07182
-5.10166
-5.13099
-5.15981
-5.18812
-5.21591
-5.24318
-5.26993
-5.29616
-5.32186
-5.34703
-5.37167
-5.39577
-5.41934
-5.44237
-5.46485
-5.48679
-5.50819
-5.52903
-5.54933
-5.56907
-5.58826
-5.60689
-5.62496
-5.64247
-5.65942
-5.6758
-5.69162
-5.70687
-5.72155
-5.73566
-5.7492
-5.76216
-5.77455
-5.78637
-5.7976
-5.80826
-5.81834
-5.82783
-5.83675
-5.84508
-5.85283
-5.85999
-5.86657
-5.87257
-5.87797
-5.88279
-5.88702
-5.89067
-5.89372
-5.89618
-5.89806
-5.89935
-5.90004
-5.90015
-5.89967
-5.89859
-5.89693
-5.89467
-5.89183
-5.8884
-5.88438
-5.87977
-5.87457
-5.86878
-5.86241
-5.85544
-5.8479
-5.83976
-5.83105
-5.82174
-5.81186
-5.80139
-5.79034
-5.77871
-5.76651
-5.75372
-5.74036
-5.72642
-5.71191
-5.69683
-5.68117
-5.66495
-5.64815
-5.63079
-5.61287
-5.59438
-5.57533
-5.55572
-5.53556
-5.51484
-5.49356
-5.47174
-5.44936
-5.42644
-5.40297
-5.37896
-5.35441
-5.32932
-5.30369
-5.27754
-5.25085
-5.22363
-5.19589
-5.16763
-5.13885
-5.10955
-5.07974
-5.04941
-5.01858
-4.98724
-4.95541
-4.92307
-4.89024
-4.85691
-4.8231
-4.7888
-4.75401
-4.71875
-4.68302
-4.64681
-4.61013
-4.57299
-4.53539
-4.49733
-4.45881
-4.41985
-4.38044
-4.34059
-4.3003
-4.25958
-4.21843
-4.17685
-4.13485
-4.09243
-4.0496
-4.00636
-3.96271
-3.91866
-3.87422
-3.82939
-3.78416
-3.73856
-3.69257
-3.64622
-3.59949
-3.5524
-3.50495
-3.45714
-3.40898
-3.36048
-3.31164
-3.26246
-3.21295
-3.16311
-3.11295
-3.06248
-3.01169
-2.9606
-2.9092
-2.85751
-2.80553
-2.75327
-2.70072
-2.6479
-2.59481
-2.54145
-2.48783
-2.43396
-2.37984
-2.32548
-2.27088
-2.21605
-2.16099
-2.1057
-2.05021
-1.9945
-1.93858
-1.88247
-1.82616
-1.76967
-1.71299
-1.65614
-1.59911
-1.54192
-1.48457
-1.42706
-1.36941
-1.31161
-1.25368
-1.19561
-1.13742
-1.07911
-1.02069
-0.962154
-0.903521
-0.844791
-0.78597
-0.727066
-0.668082
-0.609026
-0.549903
-0.490719
-0.431481
-0.372193
-0.312862
-0.253493
-0.194094
-0.134669
-0.0752248
-0.0157671
0.0436982
0.103165
0.162628
0.22208
0.281516
0.340929
0.400315
0.459666
0.518978
0.578243
0.637457
0.696612
0.755704
0.814727
0.873673
0.932539
0.991317
1.05
1.10859
1.16707
1.22544
1.28369
1.34182
1.39982
1.45769
1.51542
1.573
1.63043
1.6877
1.74481
1.80176
1.85852
1.91511
1.97151
2.02772
2.08373
2.13954
2.19514
2.25053
2.3057
2.36064
2.41535
2.46983
2.52406
2.57805
2.63179
2.68526
2.73848
2.79142
2.84409
2.89649
2.94859
3.00041
3.05194
3.10316
3.15408
3.20469
3.25498
3.30495
3.3546
3.40391
3.4529
3.50154
3.54983
3.59778
3.64537
3.6926
3.73946
3.78596
3.83208
3.87782
3.92318
3.96816
4.01274
4.05692
4.1007
4.14408
4.18705
4.2296
4.27173
4.31344
4.35473
4.39558
4.436
4.47597
4.51551
4.55459
4.59323
4.63141
4.66913
4.70638
4.74317
4.77949
4.81533
4.8507
4.88559
4.91999
4.9539
4.98732
5.02024
5.05267
5.08459
5.11601
5.14692
5.17731
5.2072
5.23656
5.26541
5.29373
5.32152
5.34879
5.37552
5.40172
5.42738
5.4525
5.47708
5.50111
5.5246
5.54753
5.56991
5.59174
5.61301
5.63372
5.65387
5.67346
5.69248
5.71093
5.72882
5.74613
5.76287
5.77904
5.79463
5.80964
5.82407
5.83792
5.85119
5.86388
5.87598
5.88749
5.89842
5.90876
5.9185
5.92766
5.93622
5.9442
5.95158
5.95836
5.96455
5.97014
5.97514
5.97954
5.98334
5.98654
5.98915
5.99116
5.99256
5.99337
5.99358
5.99319
5.9922
5.99062
5.98843
5.98564
5.98226
5.97827
5.97369
5.96851
5.96273
5.95636
5.94939
5.94182
5.93366
5.92491
5.91556
5.90562
5.89508
5.88396
5.87225
5.85995
5.84706
5.83358
5.81953
5.80488
5.78966
5.77385
5.75747
5.74051
5.72297
5.70486
5.68618
5.66692
5.6471
5.62671
5.60576
5.58424
5.56216
5.53953
5.51634
5.49259
5.46829
5.44345
5.41805
5.39212
5.36564
5.33862
5.31106
5.28297
5.25435
5.22521
5.19553
5.16534
5.13462
5.10339
5.07164
5.03938
5.00662
4.97335
4.93959
4.90532
4.87056
4.83531
4.79957
4.76335
4.72665
4.68948
4.65183
4.61371
4.57512
4.53608
4.49658
4.45662
4.41621
4.37536
4.33407
4.29234
4.25017
4.20758
4.16456
4.12112
4.07727
4.033
3.98833
3.94325
3.89777
3.8519
3.80564
3.75899
3.71196
3.66456
3.61678
3.56864
3.52014
3.47128
3.42207
3.37251
3.32261
3.27237
3.2218
3.17091
3.11969
3.06815
3.0163
2.96414
2.91169
2.85893
2.80589
2.75256
2.69895
2.64506
2.5909
2.53648
2.4818
2.42687
2.37169
2.31626
2.2606
2.20471
2.14859
2.09225
2.03569
1.97893
1.92196
1.8648
1.80744
1.7499
1.69217
1.63427
1.5762
1.51797
1.45958
1.40104
1.34235
1.28352
1.22456
1.16547
1.10626
1.04693
0.987487
0.927942
0.868298
0.808562
0.748739
0.688835
0.628856
0.568808
0.508697
0.44853
0.388311
0.328048
0.267746
0.207411
0.147049
0.0866665
0.0262694
-0.0341365
-0.0945449
-0.15495
-0.215346
-0.275726
-0.336084
-0.396415
-0.456713
-0.51697
-0.577182
-0.637343
-0.697445
-0.757484
-0.817454
-0.877347
-0.937159
-0.996883
-1.05651
-1.11604
-1.17547
-1.23478
-1.29398
-1.35305
-1.41199
-1.4708
-1.52947
-1.58799
-1.64635
-1.70456
-1.7626
-1.82047
-1.87817
-1.93569
-1.99301
-2.05014
-2.10708
-2.16381
-2.22032
-2.27663
-2.3327
-2.38856
-2.44417
-2.49955
-2.55469
-2.60957
-2.6642
-2.71857
-2.77268
-2.82651
-2.88006
-2.93333
-2.98631
-3.039
-3.09139
-3.14348
-3.19526
-3.24672
-3.29786
-3.34868
-3.39917
-3.44933
-3.49914
-3.54861
-3.59773
-3.64649
-3.6949
-3.74294
-3.79061
-3.83791
-3.88482
-3.93136
-3.9775
-4.02325
-4.06861
-4.11356
-4.15811
-4.20224
-4.24596
-4.28925
-4.33213
-4.37457
-4.41658
-4.45816
-4.49929
-4.53997
-4.58021
-4.61999
-4.65932
-4.69818
-4.73657
-4.7745
-4.81195
-4.84893
-4.88542
-4.92143
-4.95695
-4.99198
-5.02651
-5.06055
-5.09408
-5.1271
-5.15962
-5.19162
-5.22311
-5.25408
-5.28452
-5.31444
-5.34383
-5.37269
-5.40102
-5.42881
-5.45605
-5.48276
-5.50892
-5.53453
-5.55959
-5.5841
-5.60805
-5.63144
-5.65427
-5.67654
-5.69825
-5.71938
-5.73995
-5.75994
-5.77936
-5.79821
-5.81647
-5.83416
-5.85126
-5.86778
-5.88372
-5.89907
-5.91383
-5.928
-5.94158
-5.95457
-5.96696
-5.97876
-5.98996
-6.00056
-6.01056
-6.01997
-6.02877
-6.03697
-6.04457
-6.05156
-6.05795
-6.06374
-6.06892
-6.07349
-6.07745
-6.08081
-6.08356
-6.0857
-6.08724
-6.08816
-6.08848
-6.08819
-6.08728
-6.08577
-6.08366
-6.08093
-6.07759
-6.07365
-6.0691
-6.06394
-6.05817
-6.0518
-6.04482
-6.03724
-6.02905
-6.02026
-6.01087
-6.00087
-5.99027
-5.97907
-5.96728
-5.95488
-5.94189
-5.9283
-5.91412
-5.89935
-5.88399
-5.86803
-5.85149
-5.83436
-5.81664
-5.79834
-5.77946
-5.76
-5.73996
-5.71935
-5.69816
-5.6764
-5.65407
-5.63117
-5.60771
-5.58368
-5.5591
-5.53395
-5.50825
-5.48199
-5.45519
-5.42784
-5.39994
-5.37149
-5.34251
-5.31299
-5.28294
-5.25236
-5.22124
-5.1896
-5.15744
-5.12476
-5.09157
-5.05786
-5.02365
-4.98892
-4.9537
-4.91797
-4.88176
-4.84504
-4.80785
-4.77016
-4.732
-4.69336
-4.65424
-4.61466
-4.57461
-4.5341
-4.49313
-4.45171
-4.40984
-4.36752
-4.32476
-4.28157
-4.23794
-4.19389
-4.14941
-4.10451
-4.0592
-4.01348
-3.96735
-3.92082
-3.87389
-3.82657
-3.77886
-3.73078
-3.68231
-3.63347
-3.58426
-3.53469
-3.48476
-3.43447
-3.38384
-3.33287
-3.28155
-3.22991
-3.17793
-3.12563
-3.07302
-3.02009
-2.96685
-2.91331
-2.85948
-2.80535
-2.75094
-2.69625
-2.64128
-2.58604
-2.53054
-2.47478
-2.41877
-2.36251
-2.306
-2.24927
-2.1923
-2.1351
-2.07769
-2.02006
-1.96223
-1.90419
-1.84596
-1.78753
-1.72893
-1.67014
-1.61118
-1.55205
-1.49277
-1.43332
-1.37373
-1.314
-1.25412
-1.19412
-1.13399
-1.07374
-1.01338
-0.952907
-0.892336
-0.831669
-0.770913
-0.710075
-0.649158
-0.588171
-0.527119
-0.466009
-0.404845
-0.343635
-0.282385
-0.2211
-0.159787
-0.0984512
-0.0371
0.0242611
0.0856259
0.146988
0.208342
0.269681
0.331
0.392291
0.453549
0.514768
0.575942
0.637064
0.698128
0.759129
0.82006
0.880916
0.941689
1.00237
1.06296
1.12346
1.18384
1.24411
1.30427
1.36429
1.42419
1.48396
1.54358
1.60305
1.66236
1.72152
1.78051
1.83933
1.89797
1.95643
2.01469
2.07276
2.13063
2.1883
2.24575
2.30298
2.35998
2.41676
2.4733
2.52959
2.58565
2.64144
2.69698
2.75226
2.80726
2.86199
2.91644
2.9706
3.02448
3.07805
3.13132
3.18429
3.23694
3.28927
3.34128
3.39296
3.4443
3.49531
3.54597
3.59628
3.64624
3.69584
3.74507
3.79394
3.84243
3.89054
3.93826
3.9856
4.03254
4.07909
4.12523
4.17096
4.21628
4.26119
4.30567
4.34973
4.39335
4.43654
4.47929
4.5216
4.56346
4.60487
4.64582
4.68631
4.72633
4.76589
4.80498
4.84358
4.88171
4.91935
4.95651
4.99317
5.02934
5.06501
5.10017
5.13483
5.16898
5.20262
5.23573
5.26833
5.30041
5.33195
5.36297
5.39346
5.4234
5.45281
5.48168
5.51
5.53777
5.565
5.59166
5.61778
5.64333
5.66832
5.69275
5.7166
5.7399
5.76261
5.78476
5.80633
5.82732
5.84773
5.86755
5.88679
5.90545
5.92352
5.94099
5.95788
5.97416
5.98986
6.00495
6.01945
6.03335
6.04664
6.05933
6.07142
6.0829
6.09378
6.10404
6.1137
6.12274
6.13118
6.139
6.14621
6.1528
6.15878
6.16415
6.1689
6.17303
6.17654
6.17944
6.18172
6.18339
6.18443
6.18486
6.18467
6.18386
6.18243
6.18038
6.17771
6.17443
6.17053
6.16601
6.16087
6.15512
6.14875
6.14177
6.13417
6.12596
6.11713
6.10769
6.09764
6.08698
6.07571
6.06383
6.05134
6.03824
6.02455
6.01024
5.99534
5.97983
5.96372
5.94702
5.92972
5.91182
5.89334
5.87426
5.85459
5.83433
5.81349
5.79207
5.77006
5.74747
5.72431
5.70057
5.67627
5.65139
5.62594
5.59993
5.57335
5.54622
5.51852
5.49028
5.46148
5.43213
5.40224
5.3718
5.34082
5.30931
5.27726
5.24468
5.21157
5.17794
5.14379
5.10911
5.07393
5.03823
5.00203
4.96532
4.92811
4.89041
4.85221
4.81353
4.77436
4.7347
4.69457
4.65397
4.6129
4.57136
4.52936
4.4869
4.44399
4.40064
4.35683
4.31259
4.26791
4.2228
4.17727
4.13131
4.08493
4.03814
3.99094
3.94334
3.89534
3.84694
3.79816
3.74899
3.69944
3.64952
3.59922
3.54856
3.49754
3.44617
3.39445
3.34238
3.28997
3.23723
3.18416
3.13076
3.07705
3.02302
2.96869
2.91405
2.85912
2.80389
2.74838
2.69259
2.63653
2.58019
2.52359
2.46674
2.40963
2.35227
2.29468
2.23684
2.17878
2.1205
2.06199
2.00328
1.94436
1.88524
1.82592
1.76642
1.70673
1.64687
1.58683
1.52663
1.46628
1.40577
1.34511
1.28431
1.22338
1.16232
1.10114
1.03984
0.978427
0.916914
0.855303
0.7936
0.731812
0.669944
0.608004
0.545996
0.483927
0.421804
0.359633
0.297419
0.235169
0.17289
0.110587
0.0482666
-0.0140646
-0.0764008
-0.138735
-0.201063
-0.263376
-0.325669
-0.387936
-0.45017
-0.512365
-0.574516
-0.636615
-0.698656
-0.760634
-0.822543
-0.884375
-0.946125
-1.00779
-1.06935
-1.13082
-1.19218
-1.25342
-1.31455
-1.37555
-1.43642
-1.49715
-1.55774
-1.61818
-1.67847
-1.73859
-1.79854
-1.85832
-1.91792
-1.97733
-2.03656
-2.09558
-2.1544
-2.21301
-2.27141
-2.32958
-2.38753
-2.44525
-2.50272
-2.55995
-2.61693
-2.67366
-2.73012
-2.78632
-2.84224
-2.89789
-2.95325
-3.00832
-3.06309
-3.11756
-3.17173
-3.22559
-3.27913
-3.33234
-3.38523
-3.43779
-3.49
-3.54188
-3.5934
-3.64457
-3.69538
-3.74583
-3.7959
-3.8456
-3.89493
-3.94386
-3.99241
-4.04057
-4.08832
-4.13567
-4.18261
-4.22914
-4.27525
-4.32094
-4.3662
-4.41102
-4.45541
-4.49936
-4.54287
-4.58592
-4.62852
-4.67066
-4.71234
-4.75355
-4.79429
-4.83456
-4.87434
-4.91364
-4.95246
-4.99078
-5.02861
-5.06594
-5.10276
-5.13908
-5.17489
-5.21019
-5.24496
-5.27922
-5.31295
-5.34616
-5.37883
-5.41097
-5.44257
-5.47363
-5.50414
-5.53411
-5.56353
-5.59239
-5.6207
-5.64845
-5.67563
-5.70225
-5.72831
-5.75379
-5.7787
-5.80304
-5.82679
-5.84997
-5.87256
-5.89457
-5.916
-5.93683
-5.95707
-5.97672
-5.99577
-6.01422
-6.03208
-6.04933
-6.06598
-6.08202
-6.09746
-6.11229
-6.12651
-6.14012
-6.15312
-6.1655
-6.17727
-6.18842
-6.19895
-6.20887
-6.21816
-6.22683
-6.23488
-6.24231
-6.24912
-6.2553
-6.26086
-6.26579
-6.27009
-6.27377
-6.27682
-6.27924
-6.28104
-6.28221
-6.28275
-6.28266
-6.28194
-6.2806
-6.27862
-6.27602
-6.27279
-6.26894
-6.26445
-6.25934
-6.2536
-6.24724
-6.24025
-6.23264
-6.2244
-6.21554
-6.20606
-6.19595
-6.18523
-6.17388
-6.16192
-6.14934
-6.13614
-6.12233
-6.1079
-6.09287
-6.07722
-6.06096
-6.04409
-6.02662
-6.00855
-5.98987
-5.97059
-5.95071
-5.93023
-5.90916
-5.8875
-5.86525
-5.8424
-5.81897
-5.79496
-5.77036
-5.74519
-5.71943
-5.69311
-5.66621
-5.63874
-5.61071
-5.58211
-5.55295
-5.52323
-5.49296
-5.46213
-5.43075
-5.39883
-5.36637
-5.33337
-5.29982
-5.26575
-5.23115
-5.19602
-5.16036
-5.12419
-5.0875
-5.0503
-5.01259
-4.97437
-4.93565
-4.89644
-4.85673
-4.81653
-4.77585
-4.73469
-4.69304
-4.65093
-4.60834
-4.56529
-4.52178
-4.47781
-4.43339
-4.38853
-4.34321
-4.29746
-4.25128
-4.20467
-4.15763
-4.11017
-4.06229
-4.01401
-3.96531
-3.91622
-3.86673
-3.81685
-3.76658
-3.71593
-3.6649
-3.6135
-3.56174
-3.50961
-3.45713
-3.40429
-3.35112
-3.2976
-3.24374
-3.18956
-3.13505
-3.08022
-3.02508
-2.96963
-2.91388
-2.85783
-2.80149
-2.74486
-2.68795
-2.63077
-2.57332
-2.51561
-2.45764
-2.39942
-2.34095
-2.28225
-2.2233
-2.16413
-2.10474
-2.04513
-1.98532
-1.92529
-1.86507
-1.80466
-1.74405
-1.68327
-1.62232
-1.56119
-1.49991
-1.43846
-1.37687
-1.31514
-1.25326
-1.19126
-1.12913
-1.06688
-1.00451
-0.942044
-0.879474
-0.81681
-0.754057
-0.691224
-0.628314
-0.565336
-0.502295
-0.439197
-0.376049
-0.312858
-0.249628
-0.186367
-0.123082
-0.0597773
0.00353936
0.066862
0.130184
0.1935
0.256802
0.320086
0.383343
0.446569
0.509756
0.572898
0.63599
0.699024
0.761995
0.824896
0.88772
0.950462
1.01312
1.07567
1.13813
1.20048
1.26272
1.32483
1.38682
1.44868
1.5104
1.57197
1.63339
1.69466
1.75576
1.81669
1.87745
1.93802
1.99841
2.0586
2.1186
2.17838
2.23796
2.29732
2.35645
2.41536
2.47402
2.53245
2.59063
2.64856
2.70623
2.76363
2.82076
2.87762
2.93419
2.99048
3.04647
3.10216
3.15755
3.21263
3.26739
3.32183
3.37595
3.42973
3.48318
3.53628
3.58903
3.64143
3.69347
3.74515
3.79646
3.84739
3.89794
3.94811
3.99789
4.04728
4.09626
4.14484
4.19301
4.24077
4.2881
4.33501
4.3815
4.42755
4.47316
4.51833
4.56305
4.60732
4.65113
4.69449
4.73737
4.77979
4.82174
4.8632
4.90419
4.94469
4.98469
5.02421
5.06322
5.10173
5.13974
5.17723
5.21422
5.25068
5.28662
5.32204
5.35693
5.39129
5.42511
5.45839
5.49113
5.52332
5.55497
5.58606
5.6166
5.64657
5.67599
5.70484
5.73313
5.76084
5.78798
5.81454
5.84053
5.86593
5.89075
5.91499
5.93863
5.96168
5.98414
6.006
6.02727
6.04793
6.06799
6.08745
6.1063
6.12454
6.14217
6.15919
6.17559
6.19138
6.20655
6.2211
6.23503
6.24834
6.26102
6.27308
6.28451
6.29532
6.3055
6.31505
6.32396
6.33225
6.3399
6.34692
6.35331
6.35906
6.36418
6.36866
6.3725
6.37571
6.37828
6.38021
6.38151
6.38216
6.38218
6.38156
6.38031
6.37841
6.37587
6.3727
6.36889
6.36445
6.35936
6.35364
6.34729
6.3403
6.33267
6.32441
6.31552
6.30599
6.29583
6.28504
6.27363
6.26158
6.24891
6.23561
6.22168
6.20713
6.19196
6.17617
6.15976
6.14273
6.12509
6.10683
6.08796
6.06848
6.04839
6.02769
6.00639
5.98449
5.96198
5.93888
5.91518
5.89089
5.866
5.84053
5.81446
5.78782
5.76059
5.73279
5.70441
5.67545
5.64593
5.61583
5.58518
5.55396
5.52218
5.48985
5.45696
5.42353
5.38955
5.35503
5.31997
5.28437
5.24824
5.21159
5.17441
5.1367
5.09848
5.05975
5.02051
4.98076
4.9405
4.89975
4.85851
4.81678
4.77456
4.73186
4.68868
4.64502
4.6009
4.55632
4.51127
4.46577
4.41982
4.37342
4.32658
4.2793
4.23159
4.18345
4.13489
4.08591
4.03652
3.98671
3.93651
3.8859
3.83491
3.78352
3.73175
3.6796
3.62708
3.57419
3.52094
3.46733
3.41336
3.35905
3.3044
3.24942
3.1941
3.13846
3.0825
3.02623
2.96964
2.91276
2.85557
2.7981
2.74034
2.6823
2.62399
2.56541
2.50656
2.44746
2.38811
2.32852
2.26868
2.20861
2.14832
2.08781
2.02708
1.96614
1.905
1.84366
1.78213
1.72042
1.65852
1.59646
1.53423
1.47184
1.4093
1.34661
1.28378
1.22082
1.15772
1.09451
1.03118
0.967737
0.904193
0.840552
0.776822
0.713007
0.649114
0.58515
0.521121
0.457034
0.392894
0.328709
0.264485
0.200227
0.135944
0.0716399
0.00732253
-0.057002
-0.121327
-0.185647
-0.249954
-0.314243
-0.378507
-0.44274
-0.506934
-0.571085
-0.635184
-0.699227
-0.763206
-0.827115
-0.890948
-0.954698
-1.01836
-1.08192
-1.14539
-1.20874
-1.27198
-1.3351
-1.3981
-1.46096
-1.52368
-1.58625
-1.64867
-1.71093
-1.77303
-1.83496
-1.89671
-1.95827
-2.01965
-2.08083
-2.14181
-2.20258
-2.26313
-2.32347
-2.38358
-2.44345
-2.50309
-2.56249
-2.62163
-2.68052
-2.73915
-2.7975
-2.85559
-2.91339
-2.97091
-3.02814
-3.08507
-3.14169
-3.19801
-3.25402
-3.3097
-3.36506
-3.42009
-3.47478
-3.52913
-3.58313
-3.63678
-3.69007
-3.743
-3.79556
-3.84774
-3.89955
-3.95097
-4.002
-4.05263
-4.10286
-4.15269
-4.20211
-4.25112
-4.2997
-4.34786
-4.39559
-4.44288
-4.48973
-4.53614
-4.5821
-4.62761
-4.67266
-4.71725
-4.76137
-4.80501
-4.84818
-4.89087
-4.93308
-4.9748
-5.01602
-5.05675
-5.09697
-5.13669
-5.1759
-5.21459
-5.25277
-5.29043
-5.32756
-5.36416
-5.40023
-5.43576
-5.47075
-5.5052
-5.53911
-5.57246
-5.60525
-5.63749
-5.66917
-5.70029
-5.73084
-5.76082
-5.79022
-5.81905
-5.84731
-5.87497
-5.90206
-5.92856
-5.95446
-5.97978
-6.00449
-6.02861
-6.05213
-6.07505
-6.09736
-6.11907
-6.14016
-6.16064
-6.18051
-6.19977
-6.2184
-6.23641
-6.25381
-6.27058
-6.28672
-6.30224
-6.31712
-6.33138
-6.34501
-6.358
-6.37036
-6.38208
-6.39317
-6.40361
-6.41342
-6.42259
-6.43112
-6.439
-6.44624
-6.45284
-6.45879
-6.4641
-6.46876
-6.47277
-6.47614
-6.47886
-6.48094
-6.48236
-6.48314
-6.48327
-6.48275
-6.48158
-6.47976
-6.4773
-6.47419
-6.47043
-6.46602
-6.46096
-6.45526
-6.44892
-6.44192
-6.43429
-6.426
-6.41708
-6.40751
-6.3973
-6.38645
-6.37496
-6.36283
-6.35007
-6.33667
-6.32263
-6.30796
-6.29265
-6.27672
-6.26016
-6.24296
-6.22515
-6.20671
-6.18764
-6.16796
-6.14765
-6.12673
-6.1052
-6.08305
-6.06029
-6.03693
-6.01296
-5.98838
-5.9632
-5.93743
-5.91105
-5.88409
-5.85653
-5.82838
-5.79965
-5.77034
-5.74044
-5.70997
-5.67893
-5.64731
-5.61513
-5.58238
-5.54907
-5.5152
-5.48077
-5.4458
-5.41028
-5.37421
-5.3376
-5.30045
-5.26277
-5.22456
-5.18583
-5.14657
-5.10679
-5.0665
-5.0257
-4.98439
-4.94258
-4.90026
-4.85746
-4.81417
-4.77039
-4.72612
-4.68138
-4.63617
-4.59049
-4.54435
-4.49775
-4.45069
-4.40319
-4.35523
-4.30684
-4.25801
-4.20876
-4.15907
-4.10897
-4.05845
-4.00752
-3.95618
-3.90444
-3.85231
-3.79978
-3.74687
-3.69358
-3.63992
-3.58589
-3.53149
-3.47673
-3.42162
-3.36617
-3.31037
-3.25423
-3.19776
-3.14097
-3.08386
-3.02643
-2.9687
-2.91066
-2.85233
-2.7937
-2.73479
-2.67561
-2.61614
-2.55641
-2.49642
-2.43617
-2.37567
-2.31493
-2.25395
-2.19274
-2.13131
-2.06965
-2.00779
-1.94571
-1.88344
-1.82096
-1.75831
-1.69547
-1.63245
-1.56926
-1.50591
-1.44241
-1.37875
-1.31495
-1.25101
-1.18694
-1.12274
-1.05843
-0.994004
-0.929471
-0.86484
-0.800115
-0.735304
-0.670412
-0.605448
-0.540416
-0.475324
-0.410177
-0.344983
-0.279748
-0.214479
-0.149182
-0.0838628
-0.018529
0.0468131
0.112157
0.177496
0.242825
0.308135
0.373421
0.438676
0.503894
0.569068
0.634192
0.699259
0.764262
0.829195
0.894052
0.958826
1.02351
1.0881
1.15259
1.21696
1.28123
1.34537
1.40938
1.47326
1.53699
1.60058
1.66402
1.7273
1.79041
1.85334
1.9161
1.97867
2.04105
2.10324
2.16522
2.22698
2.28854
2.34987
2.41097
2.47183
2.53246
2.59283
2.65296
2.71282
2.77242
2.83175
2.8908
2.94957
3.00805
3.06623
3.12411
3.18169
3.23895
3.2959
3.35252
3.40881
3.46477
3.52039
3.57566
3.63057
3.68513
3.73933
3.79316
3.84661
3.89969
3.95238
4.00468
4.05658
4.10809
4.15919
4.20988
4.26015
4.31
4.35943
4.40842
4.45698
4.5051
4.55277
4.59999
4.64676
4.69306
4.7389
4.78427
4.82917
4.87359
4.91753
4.96098
5.00394
5.0464
5.08836
5.12982
5.17076
5.2112
5.25112
5.29051
5.32939
5.36773
5.40554
5.44281
5.47954
5.51573
5.55137
5.58646
5.62099
5.65497
5.68838
5.72123
5.75351
5.78521
5.81634
5.84689
5.87686
5.90625
5.93505
5.96326
5.99087
6.01789
6.04431
6.07012
6.09534
6.11994
6.14394
6.16732
6.19009
6.21224
6.23378
6.25469
6.27498
6.29464
6.31368
6.33209
6.34986
6.367
6.38351
6.39938
6.41461
6.42921
6.44316
6.45646
6.46913
6.48115
6.49252
6.50324
6.51331
6.52274
6.53151
6.53963
6.54709
6.55391
6.56006
6.56557
6.57041
6.5746
6.57814
6.58101
6.58323
6.58479
6.58569
6.58593
6.58552
6.58444
6.58271
6.58032
6.57727
6.57356
6.56919
6.56417
6.55849
6.55215
6.54516
6.53752
6.52921
6.52026
6.51065
6.50039
6.48948
6.47792
6.4657
6.45285
6.43934
6.42519
6.4104
6.39496
6.37888
6.36217
6.34481
6.32682
6.30819
6.28894
6.26905
6.24853
6.22738
6.20561
6.18322
6.16021
6.13658
6.11233
6.08747
6.06199
6.03591
6.00923
5.98193
5.95404
5.92555
5.89647
5.86679
5.83652
5.80567
5.77423
5.74221
5.70961
5.67644
5.6427
5.60839
5.57352
5.53809
5.50209
5.46555
5.42845
5.39081
5.35263
5.3139
5.27464
5.23485
5.19454
5.15369
5.11233
5.07046
5.02807
4.98518
4.94178
4.89788
4.85349
4.80861
4.76325
4.7174
4.67108
4.62428
4.57702
4.5293
4.48112
4.43248
4.3834
4.33388
4.28391
4.23351
4.18269
4.13144
4.07977
4.02769
3.9752
3.92231
3.86902
3.81534
3.76127
3.70682
3.652
3.5968
3.54124
3.48532
3.42905
3.37242
3.31545
3.25815
3.20052
3.14255
3.08427
3.02568
2.96677
2.90757
2.84806
2.78827
2.72819
2.66783
2.6072
2.5463
2.48515
2.42373
2.36207
2.30017
2.23803
2.17566
2.11307
2.05026
1.98723
1.92401
1.86058
1.79696
1.73316
1.66917
1.60501
1.54069
1.4762
1.41157
1.34678
1.28185
1.21679
1.1516
1.08628
1.02086
0.955321
0.889682
0.823949
0.758126
0.692221
0.626239
0.560189
0.494076
0.427907
0.361689
0.295428
0.229131
0.162804
0.0964543
0.0300883
-0.0362874
-0.102666
-0.169041
-0.235406
-0.301754
-0.368078
-0.434372
-0.500629
-0.566843
-0.633007
-0.699114
-0.765158
-0.831132
-0.897029
-0.962844
-1.02857
-1.0942
-1.15972
-1.22514
-1.29044
-1.35562
-1.42066
-1.48558
-1.55035
-1.61497
-1.67944
-1.74374
-1.80788
-1.87184
-1.93563
-1.99922
-2.06263
-2.12583
-2.18882
-2.25161
-2.31417
-2.37651
-2.43862
-2.50049
-2.56211
-2.62349
-2.68461
-2.74547
-2.80606
-2.86637
-2.9264
-2.98615
-3.04561
-3.10476
-3.16361
-3.22216
-3.28038
-3.33828
-3.39586
-3.4531
-3.51
-3.56655
-3.62276
-3.67861
-3.73409
-3.78921
-3.84396
-3.89832
-3.9523
-4.00589
-4.05909
-4.11189
-4.16427
-4.21625
-4.26782
-4.31896
-4.36967
-4.41995
-4.4698
-4.5192
-4.56815
-4.61666
-4.66471
-4.71229
-4.75941
-4.80606
-4.85223
-4.89792
-4.94313
-4.98784
-5.03206
-5.07579
-5.11901
-5.16172
-5.20392
-5.2456
-5.28677
-5.32741
-5.36752
-5.40709
-5.44614
-5.48464
-5.52259
-5.56
-5.59685
-5.63315
-5.66889
-5.70407
-5.73868
-5.77272
-5.80618
-5.83907
-5.87138
-5.9031
-5.93423
-5.96478
-5.99473
-6.02409
-6.05284
-6.081
-6.10855
-6.13549
-6.16182
-6.18753
-6.21263
-6.23711
-6.26097
-6.28421
-6.30682
-6.3288
-6.35015
-6.37087
-6.39095
-6.4104
-6.4292
-6.44737
-6.46489
-6.48177
-6.498
-6.51359
-6.52852
-6.5428
-6.55643
-6.56941
-6.58173
-6.59339
-6.60439
-6.61474
-6.62442
-6.63345
-6.64181
-6.6495
-6.65654
-6.66291
-6.66861
-6.67365
-6.67801
-6.68172
-6.68475
-6.68712
-6.68881
-6.68984
-6.6902
-6.68989
-6.68892
-6.68727
-6.68495
-6.68197
-6.67832
-6.67399
-6.66901
-6.66335
-6.65703
-6.65004
-6.64238
-6.63406
-6.62508
-6.61543
-6.60512
-6.59414
-6.58251
-6.57022
-6.55727
-6.54366
-6.5294
-6.51448
-6.49891
-6.48269
-6.46582
-6.4483
-6.43013
-6.41132
-6.39187
-6.37177
-6.35104
-6.32966
-6.30766
-6.28502
-6.26175
-6.23785
-6.21332
-6.18817
-6.1624
-6.13601
-6.10901
-6.08139
-6.05316
-6.02432
-5.99488
-5.96483
-5.93418
-5.90294
-5.87111
-5.83868
-5.80567
-5.77207
-5.73789
-5.70314
-5.66781
-5.63191
-5.59545
-5.55842
-5.52083
-5.48269
-5.44399
-5.40475
-5.36496
-5.32463
-5.28376
-5.24237
-5.20044
-5.15799
-5.11502
-5.07153
-5.02753
-4.98303
-4.93802
-4.89251
-4.84651
-4.80002
-4.75305
-4.7056
-4.65767
-4.60927
-4.5604
-4.51108
-4.46129
-4.41106
-4.36038
-4.30926
-4.2577
-4.20571
-4.1533
-4.10047
-4.04722
-3.99356
-3.93949
-3.88503
-3.83017
-3.77493
-3.7193
-3.66329
-3.60691
-3.55017
-3.49306
-3.4356
-3.37779
-3.31964
-3.26115
-3.20232
-3.14317
-3.0837
-3.02392
-2.96383
-2.90343
-2.84274
-2.78176
-2.7205
-2.65895
-2.59714
-2.53505
-2.47271
-2.41012
-2.34728
-2.28419
-2.22087
-2.15733
-2.09356
-2.02958
-1.96538
-1.90099
-1.83639
-1.77161
-1.70664
-1.6415
-1.57618
-1.51071
-1.44507
-1.37928
-1.31335
-1.24728
-1.18108
-1.11475
-1.04831
-0.981753
-0.915092
-0.848334
-0.781484
-0.714549
-0.647536
-0.580451
-0.513302
-0.446095
-0.378836
-0.311533
-0.244192
-0.17682
-0.109423
-0.0420086
0.0254167
0.0928462
0.160273
0.227691
0.295092
0.362471
0.429821
0.497134
0.564404
0.631624
0.698788
0.765889
0.83292
0.899874
0.966746
1.03353
1.10021
1.16679
1.23326
1.29962
1.36585
1.43195
1.49791
1.56374
1.62941
1.69492
1.76027
1.82546
1.89046
1.95529
2.01992
2.08436
2.1486
2.21263
2.27644
2.34004
2.4034
2.46653
2.52942
2.59207
2.65446
2.71659
2.77846
2.84005
2.90137
2.9624
3.02315
3.08359
3.14374
3.20357
3.2631
3.3223
3.38117
3.43972
3.49792
3.55578
3.61329
3.67045
3.72724
3.78367
3.83972
3.8954
3.95069
4.00559
4.0601
4.11421
4.16791
4.2212
4.27407
4.32652
4.37854
4.43014
4.48129
4.532
4.58226
4.63207
4.68142
4.7303
4.77872
4.82667
4.87414
4.92112
4.96762
5.01362
5.05913
5.10414
5.14864
5.19263
5.23611
5.27907
5.3215
5.36341
5.40478
5.44562
5.48591
5.52566
5.56487
5.60352
5.64161
5.67915
5.71612
5.75252
5.78835
5.8236
5.85828
5.89237
5.92588
5.9588
5.99113
6.02286
6.05399
6.08452
6.11444
6.14376
6.17246
6.20055
6.22802
6.25487
6.2811
6.3067
6.33168
6.35603
6.37974
6.40281
6.42525
6.44705
6.4682
6.48871
6.50858
6.52779
6.54636
6.56427
6.58153
6.59813
6.61407
6.62935
6.64397
6.65793
6.67122
6.68385
6.69581
6.7071
6.71773
6.72768
6.73696
6.74556
6.7535
6.76076
6.76734
6.77325
6.77848
6.78303
6.78691
6.79011
6.79263
6.79447
6.79563
6.79611
6.79591
6.79503
6.79347
6.79124
6.78832
6.78472
6.78045
6.7755
6.76986
6.76356
6.75657
6.74891
6.74057
6.73156
6.72187
6.71151
6.70048
6.68878
6.6764
6.66336
6.64965
6.63528
6.62024
6.60453
6.58817
6.57114
6.55345
6.53511
6.51611
6.49646
6.47616
6.4552
6.4336
6.41136
6.38847
6.36494
6.34077
6.31596
6.29052
6.26445
6.23775
6.21042
6.18247
6.1539
6.12471
6.0949
6.06449
6.03346
6.00182
5.96959
5.93675
5.90332
5.86929
5.83467
5.79946
5.76368
5.72731
5.69036
5.65284
5.61476
5.5761
5.53689
5.49712
5.45679
5.41592
5.3745
5.33254
5.29004
5.24701
5.20344
5.15936
5.11475
5.06963
5.02399
4.97785
4.93121
4.88407
4.83643
4.78831
4.7397
4.69062
4.64106
4.59103
4.54054
4.48959
4.43818
4.38633
4.33403
4.28129
4.22812
4.17452
4.1205
4.06606
4.01121
3.95596
3.9003
3.84424
3.7878
3.73097
3.67376
3.61618
3.55823
3.49992
3.44126
3.38224
3.32288
3.26319
3.20316
3.1428
3.08212
3.02113
2.95983
2.89823
2.83634
2.77415
2.71168
2.64893
2.58591
2.52263
2.45908
2.39529
2.33125
2.26697
2.20246
2.13772
2.07275
2.00758
1.9422
1.87662
1.81084
1.74488
1.67873
1.61241
1.54592
1.47927
1.41247
1.34552
1.27843
1.2112
1.14385
1.07637
1.00878
0.941081
0.873282
0.805389
0.737408
0.669347
0.601213
0.533011
0.464749
0.396434
0.328073
0.259672
0.191238
0.122778
0.0542985
-0.0141928
-0.0826896
-0.151185
-0.219672
-0.288144
-0.356594
-0.425015
-0.493401
-0.561744
-0.630037
-0.698275
-0.76645
-0.834554
-0.902582
-0.970527
-1.03838
-1.10614
-1.17379
-1.24133
-1.30876
-1.37606
-1.44323
-1.51026
-1.57715
-1.64389
-1.71047
-1.77689
-1.84313
-1.9092
-1.97508
-2.04077
-2.10626
-2.17155
-2.23663
-2.3015
-2.36613
-2.43054
-2.49471
-2.55864
-2.62232
-2.68574
-2.74891
-2.8118
-2.87442
-2.93675
-2.9988
-3.06056
-3.12201
-3.18316
-3.244
-3.30452
-3.36471
-3.42457
-3.4841
-3.54329
-3.60212
-3.66061
-3.71873
-3.77648
-3.83387
-3.89087
-3.9475
-4.00373
-4.05957
-4.11501
-4.17004
-4.22466
-4.27887
-4.33265
-4.386
-4.43893
-4.49141
-4.54345
-4.59503
-4.64617
-4.69685
-4.74706
-4.7968
-4.84606
-4.89485
-4.94315
-4.99096
-5.03828
-5.0851
-5.13142
-5.17722
-5.22252
-5.26729
-5.31155
-5.35527
-5.39847
-5.44113
-5.48325
-5.52483
-5.56585
-5.60633
-5.64625
-5.68561
-5.7244
-5.76263
-5.80028
-5.83735
-5.87385
-5.90976
-5.94509
-5.97982
-6.01396
-6.0475
-6.08044
-6.11278
-6.14451
-6.17562
-6.20613
-6.23601
-6.26527
-6.29391
-6.32193
-6.34931
-6.37606
-6.40218
-6.42766
-6.4525
-6.4767
-6.50025
-6.52315
-6.5454
-6.56701
-6.58795
-6.60824
-6.62787
-6.64684
-6.66515
-6.68279
-6.69977
-6.71608
-6.73172
-6.74668
-6.76098
-6.77459
-6.78754
-6.7998
-6.81139
-6.82229
-6.83252
-6.84206
-6.85092
-6.8591
-6.86659
-6.87339
-6.87951
-6.88494
-6.88968
-6.89374
-6.8971
-6.89978
-6.90176
-6.90306
-6.90367
-6.90358
-6.90281
-6.90134
-6.89919
-6.89634
-6.89281
-6.88858
-6.88367
-6.87806
-6.87177
-6.86479
-6.85712
-6.84877
-6.83973
-6.83001
-6.8196
-6.80851
-6.79674
-6.78428
-6.77115
-6.75734
-6.74285
-6.72769
-6.71185
-6.69534
-6.67815
-6.6603
-6.64178
-6.6226
-6.60275
-6.58223
-6.56106
-6.53923
-6.51674
-6.4936
-6.46981
-6.44537
-6.42028
-6.39454
-6.36817
-6.34115
-6.3135
-6.28521
-6.2563
-6.22675
-6.19658
-6.16579
-6.13437
-6.10234
-6.0697
-6.03644
-6.00258
-5.96812
-5.93305
-5.89739
-5.86114
-5.82429
-5.78686
-5.74885
-5.71026
-5.67109
-5.63135
-5.59105
-5.55018
-5.50875
-5.46677
-5.42423
-5.38115
-5.33753
-5.29337
-5.24868
-5.20345
-5.15771
-5.11144
-5.06465
-5.01736
-4.96955
-4.92125
-4.87245
-4.82316
-4.77338
-4.72311
-4.67238
-4.62116
-4.56948
-4.51734
-4.46474
-4.41169
-4.3582
-4.30426
-4.24989
-4.19508
-4.13985
-4.0842
-4.02814
-3.97167
-3.9148
-3.85753
-3.79986
-3.74182
-3.68339
-3.62458
-3.56541
-3.50588
-3.44599
-3.38575
-3.32517
-3.26424
-3.20299
-3.1414
-3.0795
-3.01729
-2.95476
-2.89193
-2.82881
-2.7654
-2.70171
-2.63774
-2.5735
-2.50899
-2.44423
-2.37922
-2.31396
-2.24846
-2.18274
-2.11679
-2.05062
-1.98424
-1.91765
-1.85086
-1.78389
-1.71673
-1.64939
-1.58187
-1.5142
-1.44636
-1.37838
-1.31025
-1.24198
-1.17358
-1.10505
-1.03641
-0.96766
-0.898805
-0.829852
-0.76081
-0.691685
-0.622484
-0.553214
-0.483881
-0.414493
-0.345057
-0.275579
-0.206067
-0.136527
-0.0669667
0.00260736
0.0721881
0.141769
0.211342
0.280901
0.350439
0.419949
0.489424
0.558856
0.62824
0.697568
0.766834
0.836029
0.905148
0.974183
1.04313
1.11197
1.18072
1.24935
1.31786
1.38625
1.45451
1.52263
1.5906
1.65842
1.72608
1.79358
1.8609
1.92804
1.995
2.06177
2.12833
2.19469
2.26084
2.32676
2.39246
2.45793
2.52316
2.58814
2.65288
2.71735
2.78155
2.84549
2.90915
2.97252
3.0356
3.09838
3.16086
3.22303
3.28489
3.34642
3.40762
3.46849
3.52902
3.5892
3.64903
3.7085
3.76761
3.82634
3.8847
3.94267
4.00026
4.05745
4.11424
4.17063
4.2266
4.28216
4.33729
4.392
4.44627
4.50011
4.5535
4.60644
4.65892
4.71094
4.7625
4.81359
4.8642
4.91432
4.96397
5.01312
5.06177
5.10992
5.15757
5.20471
5.25133
5.29743
5.343
5.38804
5.43256
5.47653
5.51995
5.56284
5.60516
5.64694
5.68815
5.7288
5.76887
5.80838
5.84731
5.88566
5.92342
5.96059
5.99718
6.03316
6.06855
6.10333
6.13751
6.17107
6.20402
6.23636
6.26807
6.29916
6.32963
6.35946
6.38866
6.41723
6.44516
6.47244
6.49908
6.52507
6.55042
6.57511
6.59914
6.62252
6.64524
6.66729
6.68869
6.70941
6.72947
6.74885
6.76756
6.7856
6.80296
6.81964
6.83564
6.85096
6.8656
6.87955
6.89281
6.90539
6.91728
6.92847
6.93898
6.94879
6.95791
6.96633
6.97406
6.98109
6.98742
6.99305
6.99799
7.00223
7.00577
7.0086
7.01074
7.01217
7.01291
7.01294
7.01227
7.0109
7.00883
7.00606
7.00259
6.99842
6.99354
6.98797
6.9817
6.97473
6.96706
6.95869
6.94963
6.93987
6.92941
6.91826
6.90642
6.89389
6.88066
6.86675
6.85215
6.83686
6.82089
6.80423
6.78689
6.76887
6.75017
6.7308
6.71075
6.69003
6.66863
6.64657
6.62384
6.60044
6.57639
6.55167
6.52629
6.50026
6.47358
6.44625
6.41827
6.38964
6.36038
6.33047
6.29993
6.26876
6.23695
6.20452
6.17146
6.13779
6.1035
6.06859
6.03307
5.99695
5.96022
5.9229
5.88497
5.84646
5.80735
5.76767
5.7274
5.68655
5.64513
5.60315
5.56059
5.51748
5.47381
5.42959
5.38483
5.33952
5.29367
5.24729
5.20037
5.15294
5.10498
5.05651
5.00753
4.95804
4.90805
4.85757
4.80659
4.75513
4.70319
4.65077
4.59788
4.54453
4.49072
4.43645
4.38173
4.32657
4.27098
4.21495
4.15849
4.10161
4.04431
3.98661
3.9285
3.86999
3.81109
3.7518
3.69213
3.63209
3.57168
3.5109
3.44977
3.38828
3.32645
3.26428
3.20178
3.13895
3.0758
3.01234
2.94857
2.8845
2.82014
2.75548
2.69055
2.62533
2.55985
2.49411
2.42811
2.36186
2.29537
2.22864
2.16169
2.09451
2.02711
1.9595
1.8917
1.82369
1.7555
1.68712
1.61857
1.54985
1.48097
1.41193
1.34275
1.27342
1.20396
1.13437
1.06466
0.994842
0.924914
0.854886
0.784766
0.71456
0.644276
0.573921
0.503501
0.433023
0.362495
0.291924
0.221317
0.150681
0.080022
0.00934829
-0.0613334
-0.132016
-0.202692
-0.273356
-0.343999
-0.414614
-0.485196
-0.555736
-0.626227
-0.696663
-0.767036
-0.837339
-0.907566
-0.977709
-1.04776
-1.11772
-1.18757
-1.2573
-1.32692
-1.39642
-1.46578
-1.535
-1.60407
-1.67299
-1.74175
-1.81035
-1.87877
-1.947
-2.01505
-2.08291
-2.15056
-2.21801
-2.28524
-2.35225
-2.41903
-2.48557
-2.55188
-2.61793
-2.68373
-2.74927
-2.81454
-2.87953
-2.94425
-3.00867
-3.0728
-3.13663
-3.20015
-3.26336
-3.32625
-3.38881
-3.45104
-3.51293
-3.57448
-3.63567
-3.69651
-3.75699
-3.81709
-3.87682
-3.93616
-3.99512
-4.05369
-4.11185
-4.16961
-4.22696
-4.28389
-4.3404
-4.39648
-4.45213
-4.50734
-4.5621
-4.61641
-4.67027
-4.72366
-4.77659
-4.82904
-4.88102
-4.93251
-4.98352
-5.03403
-5.08404
-5.13355
-5.18256
-5.23104
-5.27902
-5.32646
-5.37338
-5.41977
-5.46562
-5.51093
-5.55569
-5.5999
-5.64355
-5.68664
-5.72917
-5.77114
-5.81252
-5.85334
-5.89357
-5.93321
-5.97227
-6.01073
-6.04859
-6.08586
-6.12251
-6.15856
-6.194
-6.22882
-6.26303
-6.29661
-6.32956
-6.36188
-6.39358
-6.42463
-6.45505
-6.48482
-6.51395
-6.54242
-6.57025
-6.59743
-6.62394
-6.6498
-6.67499
-6.69952
-6.72338
-6.74657
-6.76909
-6.79094
-6.81211
-6.83259
-6.8524
-6.87153
-6.88997
-6.90772
-6.92478
-6.94115
-6.95683
-6.97182
-6.98611
-6.9997
-7.01259
-7.02479
-7.03628
-7.04707
-7.05716
-7.06654
-7.07522
-7.08318
-7.09045
-7.097
-7.10284
-7.10798
-7.1124
-7.11612
-7.11912
-7.12141
-7.12299
-7.12386
-7.12401
-7.12346
-7.12219
-7.1202
-7.11751
-7.1141
-7.10998
-7.10515
-7.09961
-7.09336
-7.0864
-7.07873
-7.07035
-7.06126
-7.05147
-7.04097
-7.02976
-7.01785
-7.00524
-6.99193
-6.97791
-6.9632
-6.94778
-6.93168
-6.91487
-6.89738
-6.87919
-6.86031
-6.84075
-6.8205
-6.79956
-6.77794
-6.75565
-6.73267
-6.70902
-6.6847
-6.6597
-6.63404
-6.60771
-6.58072
-6.55306
-6.52475
-6.49578
-6.46616
-6.4359
-6.40498
-6.37342
-6.34122
-6.30838
-6.27491
-6.24081
-6.20608
-6.17073
-6.13475
-6.09816
-6.06096
-6.02314
-5.98472
-5.9457
-5.90608
-5.86586
-5.82506
-5.78366
-5.74169
-5.69913
-5.65601
-5.61231
-5.56804
-5.52322
-5.47784
-5.4319
-5.38542
-5.3384
-5.29083
-5.24273
-5.19411
-5.14496
-5.09529
-5.0451
-4.99441
-4.94321
-4.89151
-4.83932
-4.78664
-4.73347
-4.67983
-4.62571
-4.57112
-4.51608
-4.46057
-4.40461
-4.34821
-4.29137
-4.23409
-4.17638
-4.11825
-4.0597
-4.00074
-3.94138
-3.88161
-3.82145
-3.7609
-3.69997
-3.63866
-3.57699
-3.51495
-3.45255
-3.3898
-3.3267
-3.26327
-3.1995
-3.13541
-3.071
-3.00627
-2.94124
-2.8759
-2.81027
-2.74436
-2.67816
-2.61169
-2.54495
-2.47795
-2.41069
-2.34319
-2.27545
-2.20747
-2.13926
-2.07084
-2.0022
-1.93335
-1.8643
-1.79506
-1.72563
-1.65603
-1.58625
-1.5163
-1.4462
-1.37594
-1.30554
-1.23501
-1.16434
-1.09355
-1.02264
-0.951621
-0.880502
-0.809287
-0.737984
-0.6666
-0.595142
-0.523618
-0.452034
-0.380398
-0.308717
-0.236998
-0.165247
-0.0934734
-0.0216829
0.0501169
0.121919
0.193716
0.265501
0.337266
0.409005
0.48071
0.552374
0.62399
0.695551
0.76705
0.838479
0.909831
0.9811
1.05228
1.12336
1.19433
1.26519
1.33593
1.40655
1.47703
1.54737
1.61757
1.68761
1.75748
1.82719
1.89673
1.96608
2.03524
2.1042
2.17296
2.24151
2.30984
2.37795
2.44583
2.51347
2.58086
2.64801
2.71489
2.78151
2.84786
2.91393
2.97972
3.04522
3.11041
3.17531
3.23989
3.30415
3.36809
3.4317
3.49497
3.5579
3.62048
3.68271
3.74457
3.80606
3.86718
3.92792
3.98827
4.04823
4.10779
4.16695
4.2257
4.28402
4.34193
4.39941
4.45645
4.51305
4.56921
4.62492
4.68017
4.73495
4.78927
4.84312
4.89648
4.94937
5.00176
5.05366
5.10505
5.15594
5.20633
5.25619
5.30554
5.35436
5.40265
5.4504
5.49761
5.54428
5.5904
5.63596
5.68097
5.72541
5.76928
5.81258
5.85531
5.89745
5.93901
5.97998
6.02035
6.06012
6.0993
6.13787
6.17582
6.21317
6.24989
6.286
6.32148
6.35633
6.39055
6.42413
6.45708
6.48938
6.52103
6.55204
6.5824
6.6121
6.64114
6.66952
6.69724
6.72428
6.75066
6.77637
6.8014
6.82576
6.84943
6.87243
6.89473
6.91635
6.93728
6.95752
6.97707
6.99592
7.01407
7.03152
7.04827
7.06432
7.07966
7.09429
7.10822
7.12144
7.13395
7.14575
7.15683
7.1672
7.17685
7.18578
7.194
7.2015
7.20828
7.21434
7.21968
7.22429
7.22819
7.23136
7.23381
7.23554
7.23654
7.23682
7.23638
7.23521
7.23332
7.23071
7.22737
7.22331
7.21852
7.21302
7.20679
7.19984
7.19217
7.18378
7.17467
7.16484
7.1543
7.14304
7.13106
7.11837
7.10497
7.09085
7.07602
7.06049
7.04424
7.0273
7.00964
6.99128
6.97223
6.95247
6.93202
6.91087
6.88903
6.86649
6.84327
6.81936
6.79477
6.76949
6.74354
6.71691
6.6896
6.66162
6.63298
6.60366
6.57369
6.54305
6.51176
6.47981
6.44721
6.41396
6.38007
6.34554
6.31037
6.27456
6.23812
6.20106
6.16337
6.12506
6.08614
6.0466
6.00646
5.96571
5.92435
5.88241
5.83987
5.79674
5.75303
5.70873
5.66387
5.61843
5.57242
5.52586
5.47873
5.43106
5.38283
5.33407
5.28476
5.23492
5.18456
5.13366
5.08226
5.03033
4.9779
4.92497
4.87154
4.81761
4.7632
4.70831
4.65294
4.5971
4.54079
4.48403
4.42681
4.36914
4.31103
4.25248
4.1935
4.1341
4.07428
4.01404
3.9534
3.89235
3.83091
3.76908
3.70687
3.64428
3.58132
3.51799
3.45431
3.39027
3.32589
3.26118
3.19612
3.13075
3.06505
2.99904
2.93272
2.8661
2.79919
2.73199
2.66452
2.59677
2.52875
2.46047
2.39195
2.32317
2.25416
2.18491
2.11544
2.04575
1.97584
1.90574
1.83543
1.76494
1.69426
1.6234
1.55238
1.48119
1.40985
1.33836
1.26673
1.19497
1.12307
1.05106
0.97894
0.906711
0.834385
0.761968
0.689467
0.616891
0.544245
0.471538
0.398776
0.325967
0.253118
0.180237
0.10733
0.0344055
-0.0385299
-0.111469
-0.184404
-0.257328
-0.330233
-0.403113
-0.47596
-0.548766
-0.621525
-0.694229
-0.76687
-0.839443
-0.911938
-0.98435
-1.05667
-1.12889
-1.20101
-1.27301
-1.3449
-1.41665
-1.48827
-1.55975
-1.63108
-1.70226
-1.77327
-1.84411
-1.91478
-1.98526
-2.05555
-2.12564
-2.19552
-2.26519
-2.33465
-2.40387
-2.47286
-2.54162
-2.61012
-2.67837
-2.74636
-2.81408
-2.88153
-2.9487
-3.01557
-3.08216
-3.14844
-3.21441
-3.28007
-3.3454
-3.41041
-3.47509
-3.53942
-3.60341
-3.66704
-3.73031
-3.79321
-3.85574
-3.9179
-3.97966
-4.04104
-4.10201
-4.16259
-4.22275
-4.2825
-4.34182
-4.40072
-4.45918
-4.5172
-4.57477
-4.6319
-4.68856
-4.74477
-4.8005
-4.85576
-4.91054
-4.96484
-5.01864
-5.07195
-5.12475
-5.17705
-5.22883
-5.2801
-5.33085
-5.38106
-5.43075
-5.47989
-5.52849
-5.57655
-5.62405
-5.67099
-5.71737
-5.76319
-5.80843
-5.8531
-5.89718
-5.94068
-5.98359
-6.02591
-6.06763
-6.10874
-6.14925
-6.18915
-6.22843
-6.2671
-6.30514
-6.34255
-6.37934
-6.41548
-6.451
-6.48587
-6.52009
-6.55367
-6.58659
-6.61886
-6.65047
-6.68142
-6.7117
-6.74132
-6.77026
-6.79853
-6.82613
-6.85304
-6.87927
-6.90481
-6.92967
-6.95384
-6.97731
-7.00009
-7.02217
-7.04355
-7.06423
-7.0842
-7.10347
-7.12203
-7.13988
-7.15702
-7.17344
-7.18915
-7.20414
-7.21841
-7.23196
-7.24479
-7.25689
-7.26827
-7.27893
-7.28886
-7.29806
-7.30653
-7.31427
-7.32128
-7.32756
-7.33311
-7.33792
-7.342
-7.34535
-7.34797
-7.34984
-7.35099
-7.3514
-7.35107
-7.35001
-7.34821
-7.34568
-7.34242
-7.33842
-7.33368
-7.32821
-7.32201
-7.31508
-7.30741
-7.29901
-7.28988
-7.28002
-7.26943
-7.25812
-7.24607
-7.23331
-7.21981
-7.20559
-7.19066
-7.175
-7.15862
-7.14152
-7.12371
-7.10518
-7.08595
-7.066
-7.04534
-7.02398
-7.00191
-6.97914
-6.95566
-6.9315
-6.90663
-6.88107
-6.85482
-6.82789
-6.80027
-6.77196
-6.74298
-6.71331
-6.68298
-6.65197
-6.62029
-6.58795
-6.55495
-6.52129
-6.48697
-6.452
-6.41638
-6.38012
-6.34321
-6.30567
-6.26749
-6.22868
-6.18925
-6.14919
-6.10851
-6.06722
-6.02532
-5.98281
-5.9397
-5.89599
-5.85169
-5.80679
-5.76131
-5.71525
-5.66862
-5.62141
-5.57364
-5.5253
-5.47641
-5.42696
-5.37697
-5.32643
-5.27536
-5.22375
-5.17162
-5.11896
-5.06579
-5.0121
-4.95791
-4.90322
-4.84803
-4.79235
-4.73618
-4.67954
-4.62242
-4.56484
-4.50679
-4.44829
-4.38933
-4.32993
-4.27009
-4.20982
-4.14912
-4.08801
-4.02647
-3.96453
-3.90218
-3.83944
-3.77631
-3.71279
-3.6489
-3.58463
-3.52
-3.45501
-3.38967
-3.32399
-3.25796
-3.19161
-3.12492
-3.05792
-2.99061
-2.92299
-2.85507
-2.78685
-2.71836
-2.64958
-2.58053
-2.51122
-2.44165
-2.37183
-2.30176
-2.23146
-2.16092
-2.09017
-2.01919
-1.94801
-1.87663
-1.80505
-1.73328
-1.66134
-1.58922
-1.51693
-1.44448
-1.37189
-1.29915
-1.22627
-1.15326
-1.08013
-1.00688
-0.933527
-0.860072
-0.786524
-0.712889
-0.639176
-0.565392
-0.491543
-0.417639
-0.343685
-0.269689
-0.195659
-0.121602
-0.0475251
0.0265637
0.100657
0.174748
0.248829
0.322892
0.396931
0.470937
0.544903
0.618823
0.692688
0.766491
0.840225
0.913882
0.987455
1.06094
1.13432
1.2076
1.28076
1.3538
1.42672
1.4995
1.57213
1.64462
1.71695
1.78911
1.86111
1.93292
2.00455
2.07598
2.14722
2.21825
2.28906
2.35965
2.43001
2.50013
2.57002
2.63965
2.70902
2.77814
2.84698
2.91554
2.98382
3.0518
3.11949
3.18688
3.25395
3.3207
3.38713
3.45322
3.51898
3.58439
3.64945
3.71415
3.77848
3.84245
3.90603
3.96923
4.03205
4.09446
4.15647
4.21807
4.27926
4.34002
4.40036
4.46026
4.51973
4.57874
4.63731
4.69541
4.75306
4.81023
4.86693
4.92314
4.97887
5.03411
5.08885
5.14309
5.19682
5.25003
5.30272
5.35489
5.40653
5.45763
5.5082
5.55821
5.60768
5.65659
5.70494
5.75272
5.79993
5.84657
5.89263
5.9381
5.98299
6.02728
6.07097
6.11406
6.15654
6.19841
6.23966
6.2803
6.32031
6.35969
6.39844
6.43656
6.47403
6.51087
6.54705
6.58258
6.61746
6.65168
6.68524
6.71813
6.75036
6.78191
6.81279
6.84299
6.87251
6.90134
6.92949
6.95694
6.98371
7.00977
7.03514
7.05981
7.08378
7.10704
7.12959
7.15143
7.17255
7.19297
7.21266
7.23164
7.24989
7.26742
7.28423
7.30031
7.31566
7.33028
7.34417
7.35732
7.36975
7.38143
7.39238
7.40259
7.41206
7.42079
7.42878
7.43603
7.44254
7.4483
7.45332
7.45759
7.46112
7.4639
7.46593
7.46722
7.46776
7.46756
7.46661
7.46491
7.46247
7.45928
7.45534
7.45066
7.44523
7.43905
7.43213
7.42447
7.41607
7.40692
7.39703
7.3864
7.37503
7.36292
7.35007
7.33649
7.32217
7.30712
7.29134
7.27483
7.25758
7.23961
7.22092
7.2015
7.18135
7.16049
7.13891
7.11661
7.0936
7.06988
7.04545
7.02031
6.99447
6.96792
6.94068
6.91274
6.8841
6.85477
6.82476
6.79406
6.76268
6.73061
6.69787
6.66446
6.63038
6.59563
6.56022
6.52415
6.48742
6.45005
6.41202
6.37334
6.33403
6.29408
6.25349
6.21228
6.17044
6.12798
6.0849
6.04121
5.99691
5.95201
5.90651
5.86041
5.81372
5.76644
5.71859
5.67016
5.62115
5.57158
5.52145
5.47075
5.41951
5.36772
5.31539
5.26252
5.20912
5.15519
5.10075
5.04578
4.99031
4.93433
4.87785
4.82088
4.76343
4.70549
4.64707
4.58818
4.52883
4.46902
4.40876
4.34805
4.28689
4.22531
4.16329
4.10086
4.038
3.97474
3.91107
3.84701
3.78255
3.71771
3.65249
3.5869
3.52094
3.45463
3.38796
3.32095
3.2536
3.18592
3.11791
3.04958
2.98094
2.912
2.84276
2.77322
2.70341
2.63331
2.56295
2.49232
2.42143
2.3503
2.27892
2.20731
2.13547
2.06341
1.99114
1.91866
1.84598
1.77311
1.70006
1.62682
1.55342
1.47985
1.40613
1.33227
1.25826
1.18411
1.10985
1.03546
0.960962
0.886361
0.811664
0.736878
0.662011
0.58707
0.512063
0.436997
0.36188
0.28672
0.211523
0.136298
0.0610512
-0.0142089
-0.0894752
-0.16474
-0.239996
-0.315235
-0.390451
-0.465635
-0.54078
-0.615878
-0.690922
-0.765905
-0.840819
-0.915655
-0.990408
-1.06507
-1.13963
-1.21409
-1.28843
-1.36265
-1.43674
-1.5107
-1.58451
-1.65817
-1.73167
-1.80501
-1.87817
-1.95115
-2.02395
-2.09655
-2.16894
-2.24113
-2.3131
-2.38485
-2.45637
-2.52764
-2.59867
-2.66945
-2.73997
-2.81022
-2.8802
-2.9499
-3.0193
-3.08842
-3.15723
-3.22573
-3.29392
-3.36178
-3.42932
-3.49652
-3.56337
-3.62988
-3.69603
-3.76182
-3.82724
-3.89228
-3.95694
-4.0212
-4.08508
-4.14855
-4.21161
-4.27426
-4.33649
-4.39829
-4.45965
-4.52058
-4.58106
-4.64109
-4.70066
-4.75976
-4.8184
-4.87656
-4.93424
-4.99143
-5.04812
-5.10432
-5.16001
-5.2152
-5.26986
-5.32401
-5.37763
-5.43071
-5.48326
-5.53526
-5.58672
-5.63762
-5.68797
-5.73775
-5.78696
-5.8356
-5.88366
-5.93113
-5.97802
-6.02431
-6.07001
-6.1151
-6.15959
-6.20347
-6.24673
-6.28936
-6.33138
-6.37276
-6.41352
-6.45363
-6.49311
-6.53193
-6.57011
-6.60764
-6.64451
-6.68072
-6.71626
-6.75114
-6.78534
-6.81887
-6.85172
-6.88389
-6.91537
-6.94616
-6.97627
-7.00568
-7.03439
-7.0624
-7.08971
-7.11631
-7.1422
-7.16738
-7.19184
-7.21559
-7.23862
-7.26093
-7.28252
-7.30338
-7.32351
-7.34291
-7.36157
-7.37951
-7.3967
-7.41316
-7.42888
-7.44386
-7.4581
-7.47159
-7.48433
-7.49633
-7.50758
-7.51808
-7.52783
-7.53683
-7.54507
-7.55256
-7.5593
-7.56528
-7.5705
-7.57497
-7.57868
-7.58164
-7.58383
-7.58527
-7.58595
-7.58587
-7.58504
-7.58344
-7.58109
-7.57797
-7.5741
-7.56947
-7.56409
-7.55794
-7.55104
-7.54339
-7.53498
-7.52581
-7.5159
-7.50522
-7.4938
-7.48163
-7.46871
-7.45504
-7.44062
-7.42546
-7.40955
-7.3929
-7.37551
-7.35738
-7.33851
-7.31891
-7.29857
-7.2775
-7.2557
-7.23318
-7.20993
-7.18595
-7.16125
-7.13584
-7.10971
-7.08286
-7.05531
-7.02705
-6.99808
-6.9684
-6.93803
-6.90696
-6.8752
-6.84275
-6.80961
-6.77578
-6.74128
-6.70609
-6.67023
-6.63371
-6.59651
-6.55865
-6.52013
-6.48096
-6.44113
-6.40066
-6.35954
-6.31778
-6.27539
-6.23236
-6.18871
-6.14443
-6.09954
-6.05403
-6.0079
-5.96118
-5.91385
-5.86593
-5.81742
-5.76832
-5.71863
-5.66837
-5.61754
-5.56615
-5.51419
-5.46167
-5.4086
-5.35499
-5.30083
-5.24614
-5.19092
-5.13518
-5.07892
-5.02214
-4.96485
-4.90706
-4.84878
-4.79001
-4.73075
-4.67101
-4.6108
-4.55012
-4.48898
-4.42738
-4.36534
-4.30285
-4.23993
-4.17658
-4.1128
-4.0486
-3.984
-3.91899
-3.85358
-3.78778
-3.72159
-3.65502
-3.58809
-3.52078
-3.45312
-3.38511
-3.31675
-3.24805
-3.17902
-3.10966
-3.03999
-2.97001
-2.89972
-2.82914
-2.75826
-2.68711
-2.61567
-2.54397
-2.47201
-2.39979
-2.32733
-2.25462
-2.18168
-2.10852
-2.03514
-1.96155
-1.88775
-1.81376
-1.73958
-1.66522
-1.59068
-1.51598
-1.44112
-1.3661
-1.29095
-1.21565
-1.14023
-1.06469
-0.989028
-0.913264
-0.8374
-0.761445
-0.685406
-0.609291
-0.533107
-0.456863
-0.380565
-0.304222
-0.22784
-0.151428
-0.0749933
0.00145657
0.0779139
0.154371
0.230821
0.307255
0.383666
0.460046
0.536388
0.612683
0.688926
0.765106
0.841218
0.917254
0.993205
1.06907
1.14483
1.22048
1.29602
1.37143
1.44672
1.52187
1.59688
1.67173
1.74642
1.82095
1.8953
1.96947
2.04345
2.11724
2.19081
2.26418
2.33733
2.41025
2.48294
2.55539
2.62759
2.69953
2.77121
2.84262
2.91375
2.9846
3.05516
3.12542
3.19537
3.26501
3.33433
3.40333
3.47199
3.54031
3.60829
3.67591
3.74317
3.81006
3.87657
3.94271
4.00846
4.07381
4.13877
4.20331
4.26745
4.33116
4.39444
4.45729
4.51971
4.58167
4.64319
4.70425
4.76484
4.82496
4.88461
4.94377
5.00244
5.06062
5.1183
5.17548
5.23214
5.28828
5.34391
5.399
5.45356
5.50757
5.56105
5.61397
5.66634
5.71814
5.76938
5.82004
5.87013
5.91964
5.96856
6.01689
6.06462
6.11175
6.15827
6.20418
6.24948
6.29416
6.33821
6.38163
6.42442
6.46657
6.50807
6.54893
6.58914
6.6287
6.66759
6.70583
6.74339
6.78029
6.81651
6.85205
6.88691
6.92109
6.95458
6.98737
7.01947
7.05087
7.08157
7.11157
7.14085
7.16943
7.19729
7.22443
7.25086
7.27656
7.30154
7.32579
7.3493
7.37209
7.39414
7.41546
7.43603
7.45586
7.47495
7.4933
7.51089
7.52774
7.54384
7.55918
7.57377
7.5876
7.60068
7.61299
7.62455
7.63535
7.64538
7.65465
7.66315
7.67089
7.67787
7.68407
7.68951
7.69418
7.69808
7.70121
7.70358
7.70517
7.70599
7.70604
7.70532
7.70383
7.70157
7.69854
7.69473
7.69016
7.68482
7.67871
7.67183
7.66419
7.65577
7.64659
7.63665
7.62594
7.61446
7.60223
7.58923
7.57547
7.56096
7.54568
7.52965
7.51287
7.49533
7.47704
7.458
7.43821
7.41768
7.3964
7.37439
7.35163
7.32813
7.3039
7.27894
7.25325
7.22682
7.19968
7.17181
7.14322
7.11391
7.08389
7.05316
7.02172
6.98957
6.95673
6.92318
6.88894
6.854
6.81838
6.78207
6.74508
6.70741
6.66906
6.63005
6.59037
6.55002
6.50902
6.46736
6.42505
6.38209
6.33849
6.29426
6.24939
6.20389
6.15776
6.11102
6.06365
6.01568
5.9671
5.91792
5.86815
5.81778
5.76682
5.71528
5.66317
5.61048
5.55723
5.50342
5.44905
5.39413
5.33867
5.28266
5.22613
5.16906
5.11147
5.05337
4.99475
4.93563
4.87601
4.81589
4.75529
4.69421
4.63265
4.57062
4.50813
4.44518
4.38178
4.31794
4.25365
4.18894
4.1238
4.05824
3.99227
3.92589
3.85912
3.79195
3.72439
3.65646
3.58815
3.51948
3.45045
3.38107
3.31134
3.24127
3.17088
3.10016
3.02912
2.95777
2.88612
2.81417
2.74194
2.66942
2.59663
2.52357
2.45025
2.37668
2.30287
2.22882
2.15453
2.08003
2.00531
1.93038
1.85525
1.77992
1.70442
1.62873
1.55287
1.47685
1.40068
1.32435
1.24789
1.1713
1.09458
1.01774
0.940793
0.863745
0.786602
0.709374
0.632066
0.554688
0.477246
0.399749
0.322204
0.24462
0.167003
0.0893611
0.0117029
-0.0659641
-0.143632
-0.221294
-0.298941
-0.376566
-0.454162
-0.531719
-0.609232
-0.686691
-0.764089
-0.841418
-0.918671
-0.99584
-1.07292
-1.14989
-1.22676
-1.30352
-1.38015
-1.45665
-1.53302
-1.60924
-1.6853
-1.76121
-1.83694
-1.9125
-1.98788
-2.06306
-2.13805
-2.21283
-2.28739
-2.36174
-2.43585
-2.50973
-2.58337
-2.65675
-2.72988
-2.80274
-2.87533
-2.94764
-3.01966
-3.09138
-3.16281
-3.23392
-3.30472
-3.37519
-3.44534
-3.51514
-3.58461
-3.65372
-3.72247
-3.79085
-3.85887
-3.9265
-3.99375
-4.06061
-4.12707
-4.19312
-4.25876
-4.32398
-4.38877
-4.45313
-4.51706
-4.58053
-4.64356
-4.70612
-4.76823
-4.82986
-4.89102
-4.95169
-5.01187
-5.07156
-5.13075
-5.18943
-5.24759
-5.30524
-5.36236
-5.41896
-5.47501
-5.53053
-5.58549
-5.63991
-5.69376
-5.74705
-5.79978
-5.85192
-5.90349
-5.95447
-6.00486
-6.05466
-6.10386
-6.15245
-6.20043
-6.24779
-6.29454
-6.34066
-6.38615
-6.431
-6.47522
-6.51879
-6.56172
-6.604
-6.64562
-6.68657
-6.72687
-6.76649
-6.80545
-6.84372
-6.88132
-6.91823
-6.95445
-6.98998
-7.02482
-7.05896
-7.09239
-7.12512
-7.15714
-7.18844
-7.21903
-7.24891
-7.27806
-7.30648
-7.33418
-7.36115
-7.38738
-7.41288
-7.43764
-7.46165
-7.48493
-7.50745
-7.52923
-7.55026
-7.57054
-7.59006
-7.60882
-7.62682
-7.64407
-7.66055
-7.67626
-7.69121
-7.7054
-7.71881
-7.73145
-7.74332
-7.75442
-7.76474
-7.77429
-7.78306
-7.79106
-7.79827
-7.80471
-7.81037
-7.81524
-7.81934
-7.82265
-7.82518
-7.82693
-7.8279
-7.82808
-7.82749
-7.82611
-7.82394
-7.82099
-7.81727
-7.81275
-7.80746
-7.80139
-7.79453
-7.7869
-7.77848
-7.76929
-7.75932
-7.74857
-7.73705
-7.72475
-7.71168
-7.69783
-7.68322
-7.66783
-7.65168
-7.63476
-7.61707
-7.59862
-7.57941
-7.55944
-7.53871
-7.51722
-7.49498
-7.47199
-7.44825
-7.42377
-7.39853
-7.37256
-7.34585
-7.31839
-7.29021
-7.26129
-7.23164
-7.20127
-7.17017
-7.13836
-7.10582
-7.07258
-7.03862
-7.00395
-6.96858
-6.93251
-6.89575
-6.85829
-6.82014
-6.7813
-6.74179
-6.70159
-6.66072
-6.61918
-6.57698
-6.53411
-6.49059
-6.44641
-6.40158
-6.35611
-6.31
-6.26325
-6.21587
-6.16786
-6.11924
-6.06999
-6.02014
-5.96967
-5.91861
-5.86695
-5.81469
-5.76185
-5.70843
-5.65444
-5.59987
-5.54473
-5.48904
-5.43279
-5.37599
-5.31865
-5.26077
-5.20236
-5.14343
-5.08397
-5.024
-4.96352
-4.90254
-4.84106
-4.77909
-4.71664
-4.65371
-4.59031
-4.52644
-4.46211
-4.39734
-4.33211
-4.26645
-4.20035
-4.13382
-4.06688
-3.99952
-3.93175
-3.86359
-3.79503
-3.72609
-3.65676
-3.58707
-3.517
-3.44658
-3.37581
-3.30469
-3.23324
-3.16145
-3.08935
-3.01692
-2.94419
-2.87115
-2.79782
-2.72421
-2.65031
-2.57614
-2.50171
-2.42701
-2.35207
-2.27689
-2.20147
-2.12582
-2.04995
-1.97387
-1.89759
-1.8211
-1.74443
-1.66758
-1.59055
-1.51335
-1.436
-1.35849
-1.28084
-1.20306
-1.12514
-1.04711
-0.968962
-0.890711
-0.812363
-0.733926
-0.655408
-0.576816
-0.498159
-0.419444
-0.340679
-0.261872
-0.183031
-0.104165
-0.0252792
0.0536165
0.132515
0.211408
0.290287
0.369146
0.447975
0.526768
0.605515
0.68421
0.762845
0.841411
0.919901
0.998306
1.07662
1.15483
1.23294
1.31093
1.3888
1.46653
1.54413
1.62158
1.69888
1.77601
1.85298
1.92976
2.00637
2.08277
2.15898
2.23498
2.31077
2.38633
2.46165
2.53674
2.61159
2.68618
2.76051
2.83457
2.90835
2.98186
3.05507
3.12798
3.20059
3.27288
3.34485
3.4165
3.48781
3.55878
3.6294
3.69967
3.76957
3.83911
3.90826
3.97703
4.04541
4.1134
4.18098
4.24814
4.31489
4.38122
4.44711
4.51257
4.57758
4.64214
4.70624
4.76988
4.83304
4.89573
4.95794
5.01965
5.08088
5.14159
5.20181
5.2615
5.32068
5.37933
5.43745
5.49503
5.55206
5.60855
5.66448
5.71985
5.77466
5.82889
5.88255
5.93562
5.9881
6.03999
6.09128
6.14197
6.19205
6.24152
6.29036
6.33858
6.38617
6.43313
6.47945
6.52513
6.57015
6.61453
6.65825
6.70131
6.7437
6.78542
6.82647
6.86683
6.90652
6.94552
6.98383
7.02144
7.05836
7.09457
7.13008
7.16488
7.19896
7.23233
7.26498
7.2969
7.3281
7.35857
7.38831
7.41731
7.44557
7.47309
7.49986
7.52589
7.55117
7.5757
7.59947
7.62248
7.64473
7.66622
7.68695
7.70691
7.7261
7.74452
7.76217
7.77904
7.79514
7.81046
7.82499
7.83875
7.85173
7.86392
7.87533
7.88595
7.89578
7.90483
7.91308
7.92054
7.92722
7.9331
7.93819
7.94248
7.94598
7.94869
7.9506
7.95172
7.95204
7.95157
7.9503
7.94824
7.94538
7.94173
7.93728
7.93204
7.926
7.91917
7.91155
7.90314
7.89393
7.88394
7.87315
7.86158
7.84922
7.83608
7.82214
7.80743
7.79193
7.77566
7.7586
7.74076
7.72215
7.70277
7.68261
7.66169
7.63999
7.61753
7.59431
7.57032
7.54557
7.52007
7.49381
7.4668
7.43904
7.41054
7.38129
7.3513
7.32057
7.2891
7.25691
7.22398
7.19033
7.15596
7.12086
7.08506
7.04854
7.01131
6.97338
6.93474
6.89541
6.85538
6.81467
6.77327
6.73119
6.68843
6.645
6.60089
6.55613
6.5107
6.46462
6.41789
6.37051
6.32249
6.27383
6.22454
6.17463
6.12409
6.07293
6.02116
5.96878
5.9158
5.86223
5.80806
5.75331
5.69797
5.64206
5.58558
5.52854
5.47094
5.41278
5.35408
5.29483
5.23506
5.17475
5.11392
5.05257
4.9907
4.92834
4.86547
4.80212
4.73827
4.67395
4.60915
4.54388
4.47815
4.41197
4.34534
4.27827
4.21077
4.14284
4.07448
4.00571
3.93654
3.86696
3.79699
3.72664
3.6559
3.58479
3.51332
3.44148
3.3693
3.29677
3.22391
3.15071
3.07719
3.00336
2.92922
2.85478
2.78005
2.70503
2.62973
2.55416
2.47833
2.40225
2.32591
2.24934
2.17253
2.0955
2.01825
1.9408
1.86314
1.78528
1.70724
1.62902
1.55063
1.47208
1.39337
1.31452
1.23552
1.1564
1.07715
0.997785
0.918312
0.83874
0.759076
0.679328
0.599504
0.519612
0.43966
0.359657
0.279609
0.199525
0.119414
0.0392821
-0.0408614
-0.121009
-0.201152
-0.281283
-0.361395
-0.441478
-0.521524
-0.601527
-0.681478
-0.761368
-0.84119
-0.920937
-1.0006
-1.08017
-1.15964
-1.239
-1.31825
-1.39737
-1.47636
-1.55521
-1.63391
-1.71246
-1.79084
-1.86906
-1.94709
-2.02494
-2.10259
-2.18004
-2.25728
-2.3343
-2.41109
-2.48765
-2.56398
-2.64005
-2.71586
-2.79142
-2.8667
-2.9417
-3.01641
-3.09083
-3.16495
-3.23876
-3.31225
-3.38542
-3.45826
-3.53076
-3.60291
-3.67471
-3.74615
-3.81722
-3.88792
-3.95824
-4.02817
-4.0977
-4.16683
-4.23555
-4.30385
-4.37173
-4.43918
-4.50619
-4.57275
-4.63887
-4.70453
-4.76973
-4.83445
-4.8987
-4.96246
-5.02574
-5.08852
-5.15079
-5.21256
-5.27381
-5.33454
-5.39475
-5.45442
-5.51355
-5.57213
-5.63017
-5.68764
-5.74456
-5.8009
-5.85667
-5.91186
-5.96647
-6.02048
-6.0739
-6.12671
-6.17892
-6.23051
-6.28149
-6.33184
-6.38157
-6.43066
-6.47912
-6.52693
-6.57409
-6.6206
-6.66645
-6.71165
-6.75617
-6.80002
-6.8432
-6.8857
-6.92751
-6.96864
-7.00907
-7.0488
-7.08784
-7.12617
-7.16379
-7.2007
-7.23689
-7.27236
-7.30711
-7.34113
-7.37442
-7.40697
-7.43879
-7.46987
-7.5002
-7.52979
-7.55863
-7.58671
-7.61404
-7.64061
-7.66641
-7.69146
-7.71573
-7.73924
-7.76198
-7.78394
-7.80513
-7.82554
-7.84516
-7.86401
-7.88207
-7.89934
-7.91583
-7.93152
-7.94643
-7.96054
-7.97385
-7.98637
-7.9981
-8.00902
-8.01915
-8.02847
-8.03699
-8.04471
-8.05163
-8.05774
-8.06304
-8.06754
-8.07123
-8.07412
-8.0762
-8.07747
-8.07794
-8.07759
-8.07644
-8.07448
-8.07172
-8.06814
-8.06376
-8.05857
-8.05258
-8.04578
-8.03817
-8.02976
-8.02055
-8.01053
-7.99972
-7.9881
-7.97568
-7.96246
-7.94844
-7.93363
-7.91802
-7.90162
-7.88443
-7.86644
-7.84767
-7.82812
-7.80777
-7.78665
-7.76474
-7.74206
-7.7186
-7.69436
-7.66935
-7.64358
-7.61703
-7.58973
-7.56166
-7.53283
-7.50324
-7.4729
-7.44182
-7.40998
-7.3774
-7.34408
-7.31002
-7.27523
-7.2397
-7.20345
-7.16648
-7.12878
-7.09037
-7.05124
-7.01141
-6.97087
-6.92963
-6.88769
-6.84506
-6.80174
-6.75773
-6.71305
-6.66769
-6.62166
-6.57496
-6.5276
-6.47958
-6.43091
-6.38159
-6.33163
-6.28103
-6.2298
-6.17794
-6.12545
-6.07235
-6.01864
-5.96432
-5.90939
-5.85387
-5.79776
-5.74107
-5.68379
-5.62594
-5.56752
-5.50854
-5.449
-5.38891
-5.32828
-5.26711
-5.2054
-5.14317
-5.08042
-5.01715
-4.95338
-4.8891
-4.82433
-4.75907
-4.69332
-4.62711
-4.56042
-4.49327
-4.42566
-4.3576
-4.2891
-4.22017
-4.1508
-4.08102
-4.01082
-3.94021
-3.8692
-3.79779
-3.726
-3.65383
-3.58129
-3.50838
-3.43511
-3.3615
-3.28753
-3.21324
-3.13861
-3.06366
-2.9884
-2.91283
-2.83697
-2.76081
-2.68437
-2.60765
-2.53066
-2.45342
-2.37592
-2.29817
-2.22019
-2.14198
-2.06354
-1.98489
-1.90604
-1.82698
-1.74774
-1.66831
-1.58871
-1.50894
-1.42901
-1.34894
-1.26871
-1.18836
-1.10788
-1.02727
-0.946561
-0.865746
-0.784836
-0.703839
-0.622764
-0.541618
-0.460411
-0.379149
-0.297841
-0.216495
-0.135119
-0.0537218
0.0276891
0.109105
0.190519
0.271921
0.353305
0.434661
0.515982
0.59726
0.678485
0.759652
0.84075
0.921772
1.00271
1.08356
1.1643
1.24494
1.32546
1.40586
1.48612
1.56625
1.64622
1.72604
1.80569
1.88517
1.96447
2.04358
2.1225
2.20121
2.27971
2.35799
2.43604
2.51385
2.59143
2.66875
2.74581
2.8226
2.89912
2.97536
3.0513
3.12695
3.2023
3.27733
3.35204
3.42643
3.50047
3.57418
3.64754
3.72053
3.79317
3.86543
3.93731
4.00881
4.07991
4.15061
4.2209
4.29078
4.36024
4.42927
4.49786
4.56601
4.6337
4.70095
4.76772
4.83403
4.89986
4.96521
5.03007
5.09443
5.15829
5.22164
5.28447
5.34678
5.40857
5.46981
5.53052
5.59068
5.65029
5.70934
5.76782
5.82573
5.88307
5.93982
5.99598
6.05155
6.10652
6.16089
6.21465
6.26778
6.3203
6.37219
6.42345
6.47407
6.52405
6.57338
6.62206
6.67008
6.71744
6.76414
6.81016
6.8555
6.90017
6.94414
6.98743
7.03003
7.07192
7.11311
7.1536
7.19337
7.23243
7.27077
7.30838
7.34527
7.38143
7.41685
7.45154
7.48548
7.51868
7.55113
7.58282
7.61377
7.64395
7.67337
7.70203
7.72992
7.75704
7.78339
7.80896
7.83376
7.85777
7.881
7.90344
7.9251
7.94596
7.96604
7.98531
8.0038
8.02148
8.03836
8.05444
8.06972
8.08419
8.09785
8.11071
8.12276
8.13399
8.14441
8.15402
8.16282
8.1708
8.17796
8.18431
8.18984
8.19455
8.19844
8.20151
8.20376
8.20519
8.2058
8.20559
8.20456
8.20271
8.20004
8.19655
8.19224
8.18711
8.18116
8.17439
8.1668
8.1584
8.14918
8.13914
8.12829
8.11662
8.10414
8.09085
8.07675
8.06184
8.04612
8.0296
8.01227
7.99414
7.97521
7.95548
7.93495
7.91362
7.8915
7.86859
7.8449
7.82041
7.79514
7.76909
7.74226
7.71465
7.68626
7.65711
7.62719
7.5965
7.56505
7.53283
7.49987
7.46615
7.43168
7.39646
7.3605
7.3238
7.28636
7.24819
7.20929
7.16967
7.12933
7.08827
7.0465
7.00401
6.96083
6.91694
6.87236
6.82708
6.78112
6.73448
6.68715
6.63916
6.59049
6.54116
6.49117
6.44053
6.38924
6.33731
6.28473
6.23152
6.17769
6.12323
6.06815
6.01246
5.95617
5.89927
5.84177
5.78369
5.72502
5.66578
5.60596
5.54558
5.48463
5.42313
5.36108
5.29849
5.23536
5.17171
5.10753
5.04283
4.97762
4.91191
4.8457
4.779
4.71181
4.64415
4.57601
4.50741
4.43836
4.36885
4.2989
4.22851
4.15769
4.08645
4.01479
3.94273
3.87026
3.7974
3.72415
3.65052
3.57652
3.50215
3.42743
3.35236
3.27694
3.20119
3.12511
3.04871
2.972
2.89498
2.81767
2.74007
2.66218
2.58402
2.5056
2.42691
2.34798
2.2688
2.18939
2.10975
2.02989
1.94982
1.86955
1.78909
1.70843
1.6276
1.5466
1.46543
1.38411
1.30264
1.22104
1.1393
1.05744
0.975471
0.893393
0.811218
0.728954
0.646608
0.564189
0.481706
0.399166
0.316578
0.233951
0.151291
0.0686083
-0.0140896
-0.0967945
-0.179498
-0.262192
-0.344867
-0.427517
-0.510132
-0.592704
-0.675226
-0.757688
-0.840082
-0.922401
-1.00464
-1.08678
-1.16882
-1.25075
-1.33257
-1.41426
-1.49582
-1.57724
-1.6585
-1.73961
-1.82056
-1.90133
-1.98191
-2.06231
-2.14251
-2.2225
-2.30228
-2.38184
-2.46117
-2.54025
-2.6191
-2.69768
-2.77601
-2.85407
-2.93184
-3.00934
-3.08654
-3.16344
-3.24003
-3.3163
-3.39225
-3.46787
-3.54315
-3.61808
-3.69266
-3.76688
-3.84072
-3.91419
-3.98728
-4.05997
-4.13227
-4.20416
-4.27564
-4.34669
-4.41732
-4.48752
-4.55727
-4.62657
-4.69542
-4.76381
-4.83172
-4.89916
-4.96612
-5.03259
-5.09856
-5.16402
-5.22898
-5.29342
-5.35734
-5.42073
-5.48358
-5.54589
-5.60765
-5.66886
-5.7295
-5.78958
-5.84909
-5.90802
-5.96636
-6.02411
-6.08127
-6.13782
-6.19377
-6.2491
-6.30381
-6.3579
-6.41135
-6.46417
-6.51635
-6.56789
-6.61877
-6.66899
-6.71855
-6.76745
-6.81567
-6.86322
-6.91009
-6.95627
-7.00176
-7.04655
-7.09064
-7.13403
-7.17671
-7.21867
-7.25992
-7.30045
-7.34025
-7.37932
-7.41765
-7.45525
-7.49211
-7.52822
-7.56358
-7.59819
-7.63204
-7.66513
-7.69746
-7.72902
-7.75982
-7.78984
-7.81908
-7.84755
-7.87523
-7.90213
-7.92824
-7.95356
-7.97809
-8.00182
-8.02475
-8.04689
-8.06822
-8.08875
-8.10847
-8.12738
-8.14548
-8.16277
-8.17924
-8.1949
-8.20974
-8.22376
-8.23696
-8.24933
-8.26089
-8.27162
-8.28152
-8.29059
-8.29884
-8.30626
-8.31284
-8.3186
-8.32353
-8.32762
-8.33088
-8.33331
-8.33491
-8.33567
-8.3356
-8.33469
-8.33295
-8.33038
-8.32698
-8.32274
-8.31767
-8.31176
-8.30503
-8.29746
-8.28907
-8.27984
-8.26978
-8.2589
-8.24719
-8.23465
-8.22129
-8.20711
-8.1921
-8.17628
-8.15963
-8.14217
-8.12389
-8.10479
-8.08489
-8.06417
-8.04264
-8.02031
-7.99717
-7.97324
-7.9485
-7.92296
-7.89663
-7.86951
-7.8416
-7.8129
-7.78342
-7.75315
-7.72211
-7.69029
-7.6577
-7.62434
-7.59022
-7.55533
-7.51968
-7.48328
-7.44613
-7.40822
-7.36958
-7.33019
-7.29006
-7.24921
-7.20762
-7.16531
-7.12227
-7.07853
-7.03406
-6.98889
-6.94302
-6.89645
-6.84919
-6.80123
-6.75259
-6.70327
-6.65327
-6.60261
-6.55128
-6.49928
-6.44664
-6.39334
-6.3394
-6.28482
-6.2296
-6.17376
-6.1173
-6.06021
-6.00252
-5.94422
-5.88531
-5.82582
-5.76573
-5.70507
-5.64382
-5.58201
-5.51963
-5.45669
-5.39321
-5.32917
-5.2646
-5.19949
-5.13386
-5.06771
-5.00104
-4.93387
-4.86619
-4.79803
-4.72937
-4.66024
-4.59063
-4.52056
-4.45003
-4.37905
-4.30762
-4.23575
-4.16346
-4.09074
-4.0176
-3.94406
-3.87011
-3.79577
-3.72104
-3.64593
-3.57045
-3.4946
-3.4184
-3.34185
-3.26496
-3.18773
-3.11017
-3.0323
-2.95412
-2.87563
-2.79685
-2.71778
-2.63843
-2.55881
-2.47892
-2.39878
-2.31839
-2.23776
-2.1569
-2.07581
-1.99451
-1.91301
-1.8313
-1.7494
-1.66732
-1.58506
-1.50264
-1.42006
-1.33732
-1.25445
-1.17144
-1.08831
-1.00506
-0.921697
-0.838237
-0.754685
-0.671049
-0.587337
-0.503559
-0.419721
-0.335834
-0.251904
-0.167941
-0.0839524
5.28439e-05
0.0840664
0.16808
0.252085
0.336074
0.420037
0.503966
0.587854
0.671691
0.755469
0.839181
0.922816
1.00637
1.08983
1.17319
1.25644
1.33957
1.42258
1.50545
1.58818
1.67076
1.75318
1.83543
1.91751
1.99941
2.08111
2.16262
2.24391
2.32499
2.40585
2.48647
2.56685
2.64698
2.72686
2.80647
2.88581
2.96487
3.04364
3.12211
3.20028
3.27814
3.35568
3.43288
3.50976
3.58629
3.66247
3.73829
3.81374
3.88882
3.96352
4.03783
4.11175
4.18526
4.25835
4.33103
4.40329
4.47511
4.54649
4.61743
4.6879
4.75792
4.82747
4.89654
4.96513
5.03323
5.10084
5.16794
5.23453
5.3006
5.36615
5.43117
5.49565
5.55959
5.62298
5.68582
5.74809
5.8098
5.87092
5.93147
5.99143
6.0508
6.10957
6.16773
6.22529
6.28222
6.33854
6.39422
6.44927
6.50368
6.55745
6.61057
6.66303
6.71483
6.76596
6.81642
6.86621
6.91531
6.96373
7.01145
7.05848
7.10481
7.15043
7.19535
7.23954
7.28302
7.32577
7.3678
7.40909
7.44964
7.48946
7.52853
7.56685
7.60442
7.64123
7.67728
7.71257
7.74709
7.78083
7.81381
7.846
7.87741
7.90804
7.93788
7.96693
7.99519
8.02265
8.04931
8.07517
8.10022
8.12447
8.1479
8.17053
8.19233
8.21333
8.2335
8.25285
8.27138
8.28908
8.30595
8.322
8.33721
8.3516
8.36515
8.37786
8.38974
8.40078
8.41098
8.42034
8.42886
8.43654
8.44337
8.44936
8.45451
8.45881
8.46227
8.46488
8.46665
8.46756
8.46764
8.46686
8.46524
8.46277
8.45945
8.45529
8.45028
8.44443
8.43773
8.43019
8.4218
8.41257
8.4025
8.39159
8.37984
8.36724
8.35381
8.33955
8.32444
8.30851
8.29174
8.27414
8.25571
8.23646
8.21637
8.19547
8.17374
8.15119
8.12783
8.10365
8.07866
8.05286
8.02625
7.99883
7.97061
7.9416
7.91178
7.88117
7.84977
7.81758
7.78461
7.75085
7.71632
7.68101
7.64493
7.60808
7.57047
7.5321
7.49297
7.45308
7.41245
7.37107
7.32895
7.28609
7.2425
7.19819
7.15314
7.10738
7.0609
7.01371
6.96582
6.91722
6.86793
6.81795
6.76727
6.71592
6.66389
6.61119
6.55782
6.50379
6.44911
6.39378
6.3378
6.28118
6.22392
6.16604
6.10754
6.04842
5.98869
5.92835
5.86742
5.80589
5.74378
5.68108
5.61781
5.55397
5.48958
5.42462
5.35912
5.29307
5.22649
5.15938
5.09175
5.0236
4.95494
4.88578
4.81612
4.74597
4.67535
4.60425
4.53268
4.46065
4.38817
4.31524
4.24187
4.16807
4.09385
4.01921
3.94416
3.86871
3.79286
3.71663
3.64002
3.56303
3.48568
3.40798
3.32993
3.25153
3.17281
3.09376
3.01439
2.93471
2.85473
2.77446
2.6939
2.61306
2.53196
2.45059
2.36897
2.28711
2.20501
2.12267
2.04012
1.95736
1.87439
1.79123
1.70788
1.62435
1.54065
1.45679
1.37277
1.28861
1.20431
1.11988
1.03533
0.950669
0.865905
0.781045
0.696099
0.611075
0.525981
0.440826
0.355618
0.270366
0.185079
0.0997645
0.0144317
-0.0709111
-0.156255
-0.241593
-0.326914
-0.412212
-0.497476
-0.5827
-0.667873
-0.752989
-0.838038
-0.923011
-1.0079
-1.0927
-1.17739
-1.26198
-1.34645
-1.43079
-1.515
-1.59907
-1.68298
-1.76674
-1.85032
-1.93373
-2.01696
-2.09999
-2.18282
-2.26543
-2.34784
-2.43001
-2.51195
-2.59365
-2.67509
-2.75628
-2.8372
-2.91784
-2.9982
-3.07826
-3.15803
-3.23749
-3.31664
-3.39546
-3.47394
-3.55209
-3.62989
-3.70734
-3.78442
-3.86114
-3.93747
-4.01342
-4.08897
-4.16413
-4.23887
-4.3132
-4.3871
-4.46057
-4.53361
-4.60619
-4.67833
-4.75
-4.82121
-4.89194
-4.96219
-5.03195
-5.10121
-5.16997
-5.23822
-5.30595
-5.37316
-5.43984
-5.50598
-5.57158
-5.63663
-5.70112
-5.76504
-5.8284
-5.89118
-5.95337
-6.01498
-6.07599
-6.1364
-6.1962
-6.25539
-6.31396
-6.37191
-6.42922
-6.4859
-6.54193
-6.59731
-6.65204
-6.70611
-6.75952
-6.81225
-6.86431
-6.91569
-6.96638
-7.01638
-7.06568
-7.11428
-7.16217
-7.20936
-7.25582
-7.30157
-7.34659
-7.39088
-7.43443
-7.47725
-7.51932
-7.56065
-7.60122
-7.64104
-7.68009
-7.71839
-7.75591
-7.79266
-7.82864
-7.86384
-7.89825
-7.93188
-7.96472
-7.99677
-8.02802
-8.05847
-8.08811
-8.11695
-8.14499
-8.17221
-8.19861
-8.2242
-8.24897
-8.27292
-8.29604
-8.31833
-8.3398
-8.36043
-8.38023
-8.39919
-8.41731
-8.4346
-8.45104
-8.46664
-8.4814
-8.4953
-8.50836
-8.52057
-8.53193
-8.54244
-8.5521
-8.5609
-8.56884
-8.57593
-8.58216
-8.58753
-8.59205
-8.59571
-8.59851
-8.60044
-8.60152
-8.60174
-8.6011
-8.5996
-8.59724
-8.59401
-8.58993
-8.58499
-8.57919
-8.57253
-8.56502
-8.55664
-8.54741
-8.53733
-8.52638
-8.51459
-8.50194
-8.48844
-8.4741
-8.4589
-8.44285
-8.42596
-8.40823
-8.38965
-8.37023
-8.34997
-8.32888
-8.30695
-8.28419
-8.26059
-8.23617
-8.21093
-8.18485
-8.15796
-8.13025
-8.10172
-8.07239
-8.04224
-8.01128
-7.97952
-7.94696
-7.91359
-7.87944
-7.84449
-7.80876
-7.77224
-7.73494
-7.69686
-7.65801
-7.61839
-7.57801
-7.53686
-7.49495
-7.4523
-7.40889
-7.36473
-7.31984
-7.27421
-7.22784
-7.18075
-7.13294
-7.08441
-7.03516
-6.98521
-6.93455
-6.8832
-6.83115
-6.77841
-6.72499
-6.67089
-6.61612
-6.56069
-6.50459
-6.44783
-6.39043
-6.33238
-6.27369
-6.21436
-6.15441
-6.09384
-6.03265
-5.97086
-5.90846
-5.84546
-5.78187
-5.7177
-5.65295
-5.58763
-5.52174
-5.4553
-5.3883
-5.32075
-5.25267
-5.18406
-5.11492
-5.04526
-4.97509
-4.90441
-4.83324
-4.76158
-4.68943
-4.61681
-4.54372
-4.47017
-4.39616
-4.32171
-4.24681
-4.17149
-4.09574
-4.01957
-3.94299
-3.86601
-3.78864
-3.71088
-3.63274
-3.55423
-3.47536
-3.39613
-3.31655
-3.23664
-3.15639
-3.07582
-2.99493
-2.91374
-2.83224
-2.75046
-2.66839
-2.58605
-2.50344
-2.42057
-2.33745
-2.25409
-2.17049
-2.08667
-2.00263
-1.91839
-1.83394
-1.7493
-1.66448
-1.57949
-1.49432
-1.409
-1.32353
-1.23792
-1.15218
-1.06631
-0.980325
-0.894236
-0.808049
-0.721772
-0.635414
-0.548985
-0.462491
-0.375943
-0.289349
-0.202717
-0.116056
-0.0293746
0.0573183
0.144014
0.230704
0.31738
0.404032
0.490653
0.577234
0.663765
0.750239
0.836646
0.922978
1.00923
1.09538
1.18144
1.26738
1.35321
1.43891
1.52448
1.6099
1.69517
1.78028
1.86522
1.94998
2.03455
2.11893
2.20311
2.28707
2.37081
2.45433
2.53761
2.62064
2.70342
2.78593
2.86818
2.95015
3.03183
3.11321
3.1943
3.27507
3.35552
3.43564
3.51543
3.59488
3.67397
3.75271
3.83107
3.90906
3.98667
4.06389
4.14071
4.21712
4.29312
4.3687
4.44384
4.51855
4.59282
4.66663
4.73999
4.81288
4.88529
4.95723
5.02867
5.09962
5.17006
5.24
5.30942
5.37831
5.44668
5.5145
5.58179
5.64852
5.71469
5.78029
5.84533
5.90979
5.97366
6.03694
6.09963
6.16171
6.22318
6.28403
6.34427
6.40387
6.46284
6.52117
6.57885
6.63588
6.69226
6.74797
6.80301
6.85737
6.91106
6.96405
7.01636
7.06797
7.11889
7.16909
7.21858
7.26735
7.31541
7.36273
7.40933
7.45519
7.5003
7.54467
7.5883
7.63116
7.67327
7.71462
7.7552
7.795
7.83403
7.87228
7.90975
7.94643
7.98232
8.01742
8.05172
8.08521
8.1179
8.14978
8.18085
8.21111
8.24054
8.26916
8.29695
8.32391
8.35005
8.37535
8.39982
8.42345
8.44624
8.46819
8.48929
8.50955
8.52895
8.54751
8.56521
8.58206
8.59805
8.61319
8.62746
8.64088
8.65343
8.66511
8.67593
8.68589
8.69497
8.70319
8.71054
8.71702
8.72262
8.72736
8.73122
8.73421
8.73633
8.73757
8.73794
8.73744
8.73606
8.73381
8.73069
8.72669
8.72182
8.71608
8.70946
8.70197
8.69361
8.68438
8.67429
8.66332
8.65149
8.63879
8.62522
8.61079
8.5955
8.57935
8.56233
8.54446
8.52574
8.50616
8.48572
8.46444
8.4423
8.41933
8.3955
8.37084
8.34533
8.31899
8.29181
8.2638
8.23497
8.2053
8.17481
8.14351
8.11138
8.07844
8.04469
8.01013
7.97477
7.9386
7.90164
7.86389
7.82534
7.78601
7.74589
7.705
7.66333
7.62089
7.57769
7.53372
7.489
7.44352
7.39729
7.35032
7.30261
7.25416
7.20499
7.15508
7.10446
7.05312
7.00108
6.94832
6.89487
6.84072
6.78588
6.73036
6.67416
6.61729
6.55974
6.50154
6.44268
6.38317
6.32302
6.26223
6.20081
6.13876
6.07609
6.0128
5.94891
5.88442
5.81933
5.75365
5.68739
5.62056
5.55316
5.48519
5.41667
5.34761
5.278
5.20785
5.13718
5.06599
4.99428
4.92207
4.84935
4.77615
4.70246
4.62829
4.55365
4.47855
4.403
4.32699
4.25055
4.17367
4.09637
4.01865
3.94052
3.86199
3.78306
3.70375
3.62406
3.544
3.46358
3.38281
3.30168
3.22022
3.13843
3.05632
2.97389
2.89116
2.80813
2.72481
2.64121
2.55733
2.4732
2.3888
2.30416
2.21928
2.13418
2.04884
1.9633
1.87755
1.7916
1.70547
1.61916
1.53268
1.44603
1.35923
1.27229
1.18521
1.098
1.01068
0.923245
0.835709
0.748081
0.66037
0.572583
0.484731
0.396822
0.308864
0.220866
0.132837
0.0447867
-0.0432773
-0.131346
-0.21941
-0.307461
-0.39549
-0.483488
-0.571447
-0.659357
-0.747211
-0.834998
-0.92271
-1.01034
-1.09788
-1.18531
-1.27264
-1.35985
-1.44693
-1.53387
-1.62067
-1.70732
-1.7938
-1.88011
-1.96625
-2.05219
-2.13794
-2.22349
-2.30882
-2.39392
-2.4788
-2.56344
-2.64783
-2.73196
-2.81583
-2.89943
-2.98274
-3.06576
-3.14849
-3.23091
-3.31301
-3.3948
-3.47624
-3.55736
-3.63812
-3.71853
-3.79857
-3.87824
-3.95753
-4.03643
-4.11494
-4.19305
-4.27074
-4.34801
-4.42486
-4.50127
-4.57724
-4.65276
-4.72782
-4.80242
-4.87654
-4.95018
-5.02334
-5.096
-5.16816
-5.2398
-5.31094
-5.38154
-5.45162
-5.52116
-5.59015
-5.65859
-5.72648
-5.79379
-5.86053
-5.9267
-5.99228
-6.05726
-6.12165
-6.18543
-6.2486
-6.31115
-6.37307
-6.43437
-6.49502
-6.55504
-6.6144
-6.67311
-6.73115
-6.78853
-6.84524
-6.90127
-6.95661
-7.01126
-7.06522
-7.11847
-7.17102
-7.22286
-7.27398
-7.32438
-7.37405
-7.42299
-7.47119
-7.51865
-7.56536
-7.61132
-7.65652
-7.70096
-7.74464
-7.78755
-7.82968
-7.87103
-7.9116
-7.95138
-7.99038
-8.02857
-8.06597
-8.10257
-8.13835
-8.17333
-8.2075
-8.24084
-8.27337
-8.30507
-8.33594
-8.36599
-8.3952
-8.42357
-8.45111
-8.4778
-8.50365
-8.52864
-8.55279
-8.57609
-8.59853
-8.62011
-8.64084
-8.6607
-8.67969
-8.69782
-8.71509
-8.73148
-8.747
-8.76165
-8.77542
-8.78832
-8.80034
-8.81148
-8.82174
-8.83112
-8.83962
-8.84724
-8.85397
-8.85981
-8.86477
-8.86885
-8.87204
-8.87434
-8.87575
-8.87628
-8.87592
-8.87467
-8.87253
-8.86951
-8.8656
-8.8608
-8.85512
-8.84855
-8.84109
-8.83275
-8.82353
-8.81342
-8.80243
-8.79056
-8.7778
-8.76417
-8.74966
-8.73428
-8.71802
-8.70088
-8.68288
-8.664
-8.64426
-8.62365
-8.60217
-8.57984
-8.55664
-8.53258
-8.50767
-8.48191
-8.45529
-8.42783
-8.39952
-8.37037
-8.34038
-8.30955
-8.27789
-8.2454
-8.21207
-8.17793
-8.14296
-8.10718
-8.07058
-8.03317
-7.99495
-7.95593
-7.91611
-7.8755
-7.83409
-7.79189
-7.74892
-7.70516
-7.66063
-7.61533
-7.56926
-7.52243
-7.47484
-7.4265
-7.37741
-7.32758
-7.27702
-7.22572
-7.17369
-7.12094
-7.06747
-7.01329
-6.95841
-6.90282
-6.84654
-6.78956
-6.7319
-6.67357
-6.61456
-6.55488
-6.49454
-6.43354
-6.3719
-6.30961
-6.24669
-6.18313
-6.11895
-6.05415
-5.98874
-5.92272
-5.85611
-5.7889
-5.72111
-5.65274
-5.58379
-5.51428
-5.44422
-5.3736
-5.30243
-5.23073
-5.1585
-5.08575
-5.01248
-4.9387
-4.86442
-4.78965
-4.71439
-4.63865
-4.56244
-4.48576
-4.40863
-4.33105
-4.25303
-4.17458
-4.0957
-4.01641
-3.9367
-3.85659
-3.77609
-3.69521
-3.61394
-3.53231
-3.45031
-3.36797
-3.28527
-3.20224
-3.11888
-3.03521
-2.95121
-2.86692
-2.78233
-2.69746
-2.6123
-2.52688
-2.44119
-2.35525
-2.26907
-2.18265
-2.09601
-2.00915
-1.92208
-1.8348
-1.74734
-1.65969
-1.57186
-1.48387
-1.39573
-1.30743
-1.219
-1.13043
-1.04174
-0.952944
-0.86404
-0.77504
-0.685954
-0.59679
-0.507558
-0.418265
-0.328923
-0.239538
-0.15012
-0.060679
0.0287775
0.11824
0.2077
0.297148
0.386575
0.475972
0.565331
0.654642
0.743897
0.833086
0.9222
1.01123
1.10017
1.18901
1.27774
1.36635
1.45483
1.54317
1.63137
1.71942
1.8073
1.89501
1.98254
2.06988
2.15702
2.24395
2.33067
2.41717
2.50343
2.58945
2.67522
2.76073
2.84597
2.93094
3.01562
3.10001
3.18409
3.26787
3.35133
3.43446
3.51726
3.59971
3.68182
3.76356
3.84493
3.92593
4.00654
4.08676
4.16658
4.24599
4.32499
4.40356
4.48169
4.55939
4.63664
4.71343
4.78976
4.86562
4.941
5.01589
5.09029
5.16418
5.23757
5.31044
5.38279
5.45461
5.52588
5.59662
5.6668
5.73642
5.80547
5.87395
5.94185
6.00916
6.07588
6.142
6.20751
6.2724
6.33668
6.40032
6.46334
6.52571
6.58744
6.64851
6.70893
6.76868
6.82776
6.88616
6.94388
7.00091
7.05725
7.11289
7.16782
7.22204
7.27554
7.32833
7.38038
7.4317
7.48228
7.53212
7.58121
7.62955
7.67713
7.72395
7.77
7.81528
7.85978
7.90349
7.94643
7.98857
8.02992
8.07047
8.11021
8.14915
8.18728
8.22459
8.26108
8.29676
8.3316
8.36562
8.3988
8.43115
8.46265
8.49332
8.52313
8.5521
8.58021
8.60747
8.63388
8.65942
8.6841
8.70791
8.73085
8.75292
8.77412
8.79445
8.81389
8.83246
8.85015
8.86695
8.88287
8.8979
8.91204
8.9253
8.93766
8.94913
8.9597
8.96938
8.97817
8.98605
8.99304
8.99914
9.00433
9.00862
9.01201
9.0145
9.01609
9.01678
9.01657
9.01545
9.01343
9.01052
9.0067
9.00198
8.99635
8.98983
8.98241
8.97409
8.96487
8.95476
8.94374
8.93184
8.91903
8.90534
8.89075
8.87527
8.85891
8.84165
8.82351
8.80449
8.78458
8.76379
8.74213
8.71958
8.69617
8.67188
8.64672
8.6207
8.59381
8.56605
8.53744
8.50798
8.47765
8.44648
8.41446
8.3816
8.34789
8.31335
8.27797
8.24176
8.20472
8.16685
8.12817
8.08867
8.04836
8.00724
7.96531
7.92258
7.87906
7.83475
7.78964
7.74375
7.69709
7.64965
7.60144
7.55246
7.50273
7.45224
7.401
7.34901
7.29628
7.24282
7.18863
7.13372
7.07808
7.02174
6.96468
6.90692
6.84847
6.78933
6.7295
6.66899
6.60781
6.54596
6.48345
6.42029
6.35648
6.29202
6.22693
6.16122
6.09487
6.02792
5.96035
5.89218
5.82341
5.75406
5.68412
5.61361
5.54253
5.47089
5.39869
5.32595
5.25266
5.17885
5.1045
5.02965
4.95428
4.8784
4.80203
4.72518
4.64784
4.57003
4.49176
4.41303
4.33385
4.25423
4.17417
4.09369
4.0128
3.93149
3.84978
3.76768
3.6852
3.60233
3.5191
3.43551
3.35157
3.26728
3.18266
3.09771
3.01244
2.92686
2.84099
2.75482
2.66836
2.58163
2.49463
2.40738
2.31987
2.23213
2.14415
2.05595
1.96753
1.87891
1.79009
1.70109
1.6119
1.52255
1.43303
1.34337
1.25355
1.16361
1.07354
0.98335
0.893055
0.802662
0.71218
0.621617
0.530983
0.440287
0.349538
0.258745
0.167917
0.0770628
-0.013808
-0.104686
-0.195564
-0.28643
-0.377277
-0.468096
-0.558877
-0.649611
-0.740289
-0.830902
-0.921441
-1.0119
-1.10226
-1.19252
-1.28268
-1.37271
-1.46261
-1.55238
-1.642
-1.73147
-1.82077
-1.9099
-1.99885
-2.0876
-2.17616
-2.2645
-2.35263
-2.44054
-2.5282
-2.61563
-2.7028
-2.78971
-2.87635
-2.96271
-3.04878
-3.13456
-3.22003
-3.30519
-3.39002
-3.47453
-3.55869
-3.64251
-3.72597
-3.80907
-3.8918
-3.97414
-4.0561
-4.13766
-4.21881
-4.29955
-4.37987
-4.45976
-4.53921
-4.61821
-4.69676
-4.77485
-4.85246
-4.9296
-5.00626
-5.08242
-5.15808
-5.23324
-5.30787
-5.38199
-5.45557
-5.52862
-5.60112
-5.67306
-5.74445
-5.81527
-5.88552
-5.95518
-6.02425
-6.09273
-6.16061
-6.22788
-6.29453
-6.36056
-6.42596
-6.49072
-6.55484
-6.61831
-6.68113
-6.74329
-6.80477
-6.86558
-6.92571
-6.98516
-7.04391
-7.10197
-7.15932
-7.21595
-7.27188
-7.32708
-7.38155
-7.4353
-7.4883
-7.54056
-7.59207
-7.64283
-7.69283
-7.74206
-7.79052
-7.83822
-7.88513
-7.93125
-7.97659
-8.02114
-8.06489
-8.10783
-8.14997
-8.1913
-8.23181
-8.27151
-8.31038
-8.34842
-8.38564
-8.42202
-8.45756
-8.49225
-8.52611
-8.55911
-8.59126
-8.62255
-8.65299
-8.68256
-8.71127
-8.73911
-8.76607
-8.79217
-8.81739
-8.84172
-8.86518
-8.88775
-8.90944
-8.93024
-8.95014
-8.96916
-8.98727
-9.0045
-9.02082
-9.03624
-9.05076
-9.06438
-9.07709
-9.08889
-9.09979
-9.10978
-9.11886
-9.12702
-9.13428
-9.14062
-9.14605
-9.15057
-9.15417
-9.15685
-9.15862
-9.15948
-9.15942
-9.15844
-9.15654
-9.15374
-9.15001
-9.14537
-9.13982
-9.13335
-9.12596
-9.11766
-9.10845
-9.09833
-9.0873
-9.07536
-9.06251
-9.04875
-9.03409
-9.01852
-9.00204
-8.98467
-8.96639
-8.94722
-8.92715
-8.90619
-8.88433
-8.86158
-8.83794
-8.81342
-8.78801
-8.76173
-8.73456
-8.70652
-8.6776
-8.64781
-8.61716
-8.58564
-8.55326
-8.52002
-8.48592
-8.45098
-8.41518
-8.37854
-8.34106
-8.30274
-8.26358
-8.2236
-8.18279
-8.14115
-8.0987
-8.05544
-8.01136
-7.96648
-7.9208
-7.87432
-7.82705
-7.77899
-7.73015
-7.68053
-7.63014
-7.57898
-7.52706
-7.47437
-7.42094
-7.36676
-7.31184
-7.25618
-7.19979
-7.14267
-7.08483
-7.02628
-6.96702
-6.90706
-6.8464
-6.78505
-6.72302
-6.66031
-6.59692
-6.53287
-6.46816
-6.4028
-6.33679
-6.27013
-6.20285
-6.13494
-6.06641
-5.99726
-5.92751
-5.85716
-5.78621
-5.71468
-5.64257
-5.56989
-5.49665
-5.42285
-5.3485
-5.2736
-5.19817
-5.12222
-5.04574
-4.96875
-4.89126
-4.81327
-4.73479
-4.65583
-4.5764
-4.4965
-4.41615
-4.33534
-4.25409
-4.17241
-4.0903
-4.00778
-3.92485
-3.84151
-3.75779
-3.67368
-3.58919
-3.50434
-3.41913
-3.33356
-3.24766
-3.16142
-3.07486
-2.98798
-2.90079
-2.81331
-2.72553
-2.63748
-2.54915
-2.46055
-2.37171
-2.28261
-2.19328
-2.10372
-2.01394
-1.92395
-1.83376
-1.74338
-1.65281
-1.56207
-1.47117
-1.38011
-1.2889
-1.19755
-1.10607
-1.01448
-0.92277
-0.830963
-0.739062
-0.647079
-0.555022
-0.4629
-0.370723
-0.278499
-0.186238
-0.0939498
-0.00164256
0.090674
0.182991
0.275298
0.367588
0.45985
0.552075
0.644254
0.736378
0.828437
0.920423
1.01233
1.10414
1.19585
1.28745
1.37893
1.47028
1.56149
1.65256
1.74347
1.83421
1.92478
2.01517
2.10536
2.19536
2.28514
2.3747
2.46403
2.55313
2.64198
2.73058
2.81891
2.90697
2.99474
3.08223
3.16941
3.25629
3.34285
3.42909
3.51499
3.60054
3.68575
3.7706
3.85508
3.93918
4.02289
4.10621
4.18913
4.27164
4.35373
4.43539
4.51662
4.5974
4.67773
4.7576
4.83701
4.91594
4.99438
5.07234
5.14979
5.22674
5.30317
5.37908
5.45445
5.52929
5.60359
5.67733
5.75051
5.82313
5.89517
5.96662
6.03749
6.10776
6.17743
6.24648
6.31492
6.38274
6.44992
6.51646
6.58236
6.64761
6.7122
6.77612
6.83937
6.90195
6.96384
7.02504
7.08555
7.14535
7.20444
7.26282
7.32048
7.37741
7.43361
7.48908
7.5438
7.59777
7.65098
7.70344
7.75513
7.80605
7.8562
7.90556
7.95414
8.00193
8.04892
8.09511
8.1405
8.18508
8.22885
8.27179
8.31392
8.35521
8.39568
8.4353
8.47409
8.51204
8.54914
8.58539
8.62078
8.65531
8.68898
8.72179
8.75373
8.78479
8.81498
8.84429
8.87272
8.90027
8.92693
8.9527
8.97757
9.00155
9.02463
9.04682
9.0681
9.08847
9.10794
9.1265
9.14415
9.16088
9.1767
9.19161
9.2056
9.21867
9.23081
9.24204
9.25234
9.26172
9.27018
9.2777
9.2843
9.28998
9.29472
9.29854
9.30142
9.30338
9.30441
9.3045
9.30367
9.3019
9.2992
9.29558
9.29102
9.28554
9.27912
9.27178
9.26351
9.25431
9.24419
9.23314
9.22116
9.20826
9.19444
9.1797
9.16404
9.14747
9.12997
9.11156
9.09224
9.07201
9.05086
9.02881
9.00586
8.982
8.95724
8.93159
8.90503
8.87759
8.84925
8.82003
8.78992
8.75893
8.72706
8.69432
8.6607
8.62621
8.59086
8.55464
8.51756
8.47963
8.44085
8.40122
8.36075
8.31943
8.27728
8.2343
8.19049
8.14585
8.1004
8.05413
8.00705
7.95917
7.91049
7.86101
7.81074
7.75968
7.70784
7.65523
7.60184
7.54769
7.49278
7.43712
7.3807
7.32355
7.26565
7.20702
7.14767
7.08759
7.0268
6.9653
6.9031
6.8402
6.77661
6.71234
6.64739
6.58177
6.51548
6.44854
6.38094
6.3127
6.24382
6.17431
6.10417
6.03342
5.96206
5.89009
5.81753
5.74438
5.67065
5.59634
5.52146
5.44603
5.37004
5.29351
5.21645
5.13885
5.06073
4.9821
4.90296
4.82332
4.74319
4.66258
4.5815
4.49995
4.41794
4.33548
4.25258
4.16925
4.08549
4.00131
3.91673
3.83174
3.74637
3.66061
3.57447
3.48797
3.40112
3.31391
3.22636
3.13849
3.05029
2.96177
2.87295
2.78384
2.69443
2.60475
2.5148
2.42459
2.33413
2.24342
2.15248
2.06132
1.96994
1.87836
1.78658
1.69461
1.60246
1.51014
1.41767
1.32504
1.23227
1.13937
1.04634
0.953199
0.859955
0.766615
0.673189
0.579687
0.486117
0.392489
0.298813
0.205097
0.111352
0.0175855
-0.0761917
-0.169971
-0.263742
-0.357496
-0.451224
-0.544916
-0.638563
-0.732156
-0.825685
-0.91914
-1.01251
-1.10579
-1.19897
-1.29204
-1.38499
-1.47781
-1.57049
-1.66303
-1.7554
-1.84762
-1.93965
-2.0315
-2.12316
-2.21461
-2.30585
-2.39687
-2.48766
-2.57821
-2.66851
-2.75855
-2.84833
-2.93782
-3.02704
-3.11596
-3.20458
-3.29289
-3.38087
-3.46853
-3.55585
-3.64282
-3.72944
-3.81569
-3.90157
-3.98707
-4.07217
-4.15688
-4.24118
-4.32507
-4.40853
-4.49156
-4.57415
-4.65629
-4.73797
-4.81919
-4.89993
-4.98019
-5.05996
-5.13923
-5.218
-5.29625
-5.37398
-5.45118
-5.52785
-5.60397
-5.67953
-5.75454
-5.82898
-5.90284
-5.97612
-6.04881
-6.1209
-6.19238
-6.26326
-6.33351
-6.40314
-6.47214
-6.54049
-6.6082
-6.67525
-6.74165
-6.80737
-6.87242
-6.93679
-7.00048
-7.06347
-7.12576
-7.18734
-7.24821
-7.30836
-7.36779
-7.42649
-7.48445
-7.54166
-7.59813
-7.65385
-7.7088
-7.76299
-7.81641
-7.86905
-7.92091
-7.97198
-8.02226
-8.07175
-8.12043
-8.1683
-8.21537
-8.26161
-8.30704
-8.35164
-8.3954
-8.43833
-8.48043
-8.52168
-8.56208
-8.60163
-8.64032
-8.67815
-8.71512
-8.75122
-8.78645
-8.8208
-8.85428
-8.88687
-8.91858
-8.9494
-8.97932
-9.00836
-9.03649
-9.06372
-9.09005
-9.11548
-9.13999
-9.16359
-9.18628
-9.20805
-9.22891
-9.24884
-9.26785
-9.28594
-9.3031
-9.31933
-9.33462
-9.34899
-9.36243
-9.37493
-9.38649
-9.39711
-9.4068
-9.41555
-9.42335
-9.43022
-9.43614
-9.44112
-9.44516
-9.44825
-9.4504
-9.4516
-9.45186
-9.45117
-9.44954
-9.44696
-9.44344
-9.43897
-9.43356
-9.4272
-9.4199
-9.41166
-9.40247
-9.39235
-9.38128
-9.36928
-9.35634
-9.34246
-9.32764
-9.31189
-9.29521
-9.2776
-9.25905
-9.23958
-9.21919
-9.19787
-9.17562
-9.15246
-9.12838
-9.10339
-9.07748
-9.05066
-9.02293
-8.9943
-8.96477
-8.93434
-8.90301
-8.87078
-8.83767
-8.80367
-8.76879
-8.73302
-8.69638
-8.65887
-8.62048
-8.58123
-8.54112
-8.50015
-8.45833
-8.41565
-8.37213
-8.32777
-8.28257
-8.23654
-8.18968
-8.142
-8.09349
-8.04418
-7.99405
-7.94312
-7.89139
-7.83887
-7.78555
-7.73145
-7.67658
-7.62093
-7.56451
-7.50733
-7.4494
-7.39071
-7.33128
-7.27111
-7.21021
-7.14858
-7.08623
-7.02316
-6.95939
-6.89491
-6.82974
-6.76387
-6.69733
-6.63011
-6.56222
-6.49366
-6.42445
-6.35459
-6.28409
-6.21295
-6.14118
-6.0688
-5.99579
-5.92219
-5.84798
-5.77318
-5.69779
-5.62183
-5.5453
-5.4682
-5.39055
-5.31236
-5.23362
-5.15436
-5.07457
-4.99426
-4.91345
-4.83214
-4.75033
-4.66805
-4.58529
-4.50206
-4.41837
-4.33423
-4.24965
-4.16464
-4.0792
-3.99335
-3.90709
-3.82043
-3.73338
-3.64594
-3.55814
-3.46996
-3.38144
-3.29256
-3.20335
-3.11381
-3.02395
-2.93377
-2.8433
-2.75253
-2.66147
-2.57014
-2.47855
-2.3867
-2.2946
-2.20226
-2.10969
-2.0169
-1.9239
-1.8307
-1.73731
-1.64373
-1.54998
-1.45607
-1.362
-1.26778
-1.17343
-1.07895
-0.984357
-0.889654
-0.794852
-0.699962
-0.604991
-0.509951
-0.41485
-0.319699
-0.224505
-0.12928
-0.0340325
0.0612281
0.156492
0.25175
0.346992
0.442209
0.537391
0.63253
0.727614
0.822635
0.917583
1.01245
1.10722
1.2019
1.29646
1.3909
1.48521
1.57939
1.67341
1.76728
1.86098
1.9545
2.04784
2.14098
2.23392
2.32664
2.41914
2.5114
2.60343
2.6952
2.78672
2.87796
2.96892
3.0596
3.14998
3.24006
3.32981
3.41925
3.50835
3.59711
3.68552
3.77357
3.86125
3.94856
4.03547
4.122
4.20812
4.29382
4.37911
4.46397
4.54839
4.63236
4.71588
4.79893
4.88151
4.96362
5.04523
5.12635
5.20696
5.28707
5.36665
5.4457
5.52421
5.60218
5.6796
5.75646
5.83275
5.90846
5.9836
6.05814
6.13208
6.20541
6.27814
6.35024
6.42171
6.49255
6.56275
6.6323
6.70119
6.76942
6.83698
6.90386
6.97006
7.03557
7.10038
7.16448
7.22788
7.29056
7.35252
7.41375
7.47424
7.53399
7.593
7.65125
7.70874
7.76547
7.82142
7.8766
7.931
7.98461
8.03743
8.08944
8.14066
8.19106
8.24065
8.28943
8.33737
8.38449
8.43078
8.47623
8.52083
8.56459
8.60749
8.64954
8.69072
8.73105
8.7705
8.80908
8.84678
8.8836
8.91954
8.95459
8.98875
9.02201
9.05437
9.08583
9.11639
9.14603
9.17477
9.20259
9.22949
9.25547
9.28053
9.30466
9.32787
9.35015
9.37149
9.3919
9.41137
9.4299
9.44749
9.46413
9.47984
9.49459
9.5084
9.52126
9.53317
9.54412
9.55412
9.56317
9.57126
9.5784
9.58458
9.5898
9.59406
9.59737
9.59971
9.60109
9.60152
9.60098
9.59949
9.59703
9.59362
9.58924
9.58391
9.57761
9.57036
9.56215
9.55298
9.54286
9.53178
9.51975
9.50676
9.49282
9.47794
9.4621
9.44531
9.42758
9.4089
9.38928
9.36872
9.34723
9.32479
9.30142
9.27712
9.25188
9.22572
9.19864
9.17063
9.1417
9.11185
9.08109
9.04942
9.01684
8.98336
8.94897
8.91369
8.87751
8.84044
8.80248
8.76364
8.72392
8.68332
8.64185
8.59951
8.5563
8.51224
8.46732
8.42155
8.37493
8.32747
8.27918
8.23005
8.18009
8.12931
8.07771
8.0253
7.97208
7.91806
7.86324
7.80763
7.75123
7.69405
7.6361
7.57738
7.51789
7.45765
7.39665
7.33491
7.27243
7.20922
7.14528
7.08061
7.01524
6.94915
6.88236
6.81488
6.74671
6.67786
6.60834
6.53814
6.46729
6.39578
6.32362
6.25083
6.1774
6.10335
6.02868
5.9534
5.87752
5.80104
5.72397
5.64632
5.56811
5.48932
5.40998
5.33009
5.24966
5.1687
5.08721
5.00521
4.92269
4.83968
4.75617
4.67218
4.58772
4.50278
4.41739
4.33155
4.24526
4.15855
4.07141
3.98385
3.89588
3.80752
3.71877
3.62963
3.54013
3.45026
3.36004
3.26947
3.17857
3.08734
2.99579
2.90393
2.81178
2.71933
2.6266
2.5336
2.44034
2.34682
2.25306
2.15907
2.06485
1.97041
1.87577
1.78093
1.6859
1.5907
1.49532
1.39979
1.30411
1.20829
1.11233
1.01626
0.920075
0.823789
0.727411
0.63095
0.534416
0.43782
0.34117
0.244476
0.147748
0.0509955
-0.0457717
-0.142544
-0.239312
-0.336065
-0.432795
-0.52949
-0.626143
-0.722743
-0.81928
-0.915745
-1.01213
-1.10842
-1.20461
-1.30069
-1.39665
-1.49248
-1.58816
-1.6837
-1.77909
-1.8743
-1.96933
-2.06418
-2.15883
-2.25327
-2.3475
-2.4415
-2.53527
-2.6288
-2.72207
-2.81507
-2.90781
-3.00026
-3.09243
-3.18429
-3.27584
-3.36708
-3.45799
-3.54856
-3.63878
-3.72865
-3.81816
-3.90729
-3.99604
-4.0844
-4.17237
-4.25992
-4.34705
-4.43376
-4.52004
-4.60587
-4.69125
-4.77617
-4.86062
-4.94459
-5.02808
-5.11107
-5.19356
-5.27554
-5.35699
-5.43792
-5.51832
-5.59817
-5.67747
-5.75621
-5.83438
-5.91198
-5.98899
-6.06541
-6.14124
-6.21645
-6.29106
-6.36504
-6.43839
-6.5111
-6.58317
-6.65459
-6.72536
-6.79545
-6.86488
-6.93362
-7.00168
-7.06904
-7.13571
-7.20166
-7.26691
-7.33143
-7.39523
-7.45829
-7.52061
-7.58219
-7.64302
-7.70309
-7.76239
-7.82092
-7.87868
-7.93566
-7.99184
-8.04724
-8.10183
-8.15562
-8.2086
-8.26077
-8.31211
-8.36263
-8.41231
-8.46116
-8.50917
-8.55633
-8.60264
-8.6481
-8.69269
-8.73642
-8.77929
-8.82127
-8.86238
-8.90261
-8.94195
-8.9804
-9.01796
-9.05462
-9.09038
-9.12523
-9.15917
-9.1922
-9.22432
-9.25551
-9.28578
-9.31513
-9.34355
-9.37103
-9.39759
-9.4232
-9.44788
-9.47161
-9.4944
-9.51624
-9.53713
-9.55707
-9.57606
-9.59409
-9.61117
-9.62728
-9.64243
-9.65662
-9.66985
-9.68211
-9.6934
-9.70373
-9.71308
-9.72147
-9.72888
-9.73532
-9.74079
-9.74529
-9.74881
-9.75135
-9.75293
-9.75352
-9.75314
-9.75179
-9.74946
-9.74616
-9.74188
-9.73662
-9.7304
-9.72319
-9.71502
-9.70587
-9.69575
-9.68466
-9.67261
-9.65958
-9.64558
-9.63062
-9.6147
-9.59781
-9.57996
-9.56115
-9.54138
-9.52066
-9.49898
-9.47635
-9.45277
-9.42825
-9.40277
-9.37636
-9.349
-9.32071
-9.29148
-9.26132
-9.23023
-9.19822
-9.16528
-9.13142
-9.09664
-9.06096
-9.02436
-8.98685
-8.94845
-8.90914
-8.86894
-8.82785
-8.78588
-8.74302
-8.69928
-8.65466
-8.60918
-8.56283
-8.51562
-8.46756
-8.41864
-8.36887
-8.31827
-8.26683
-8.21455
-8.16145
-8.10753
-8.05279
-7.99724
-7.94088
-7.88373
-7.82578
-7.76704
-7.70752
-7.64723
-7.58616
-7.52433
-7.46174
-7.39839
-7.3343
-7.26947
-7.20391
-7.13762
-7.07061
-7.00289
-6.93446
-6.86533
-6.7955
-6.72499
-6.6538
-6.58194
-6.50941
-6.43622
-6.36239
-6.28791
-6.21279
-6.13704
-6.06067
-5.98369
-5.90611
-5.82792
-5.74914
-5.66979
-5.58985
-5.50935
-5.42829
-5.34668
-5.26453
-5.18184
-5.09862
-5.01489
-4.93065
-4.8459
-4.76067
-4.67495
-4.58875
-4.50208
-4.41496
-4.32738
-4.23937
-4.15092
-4.06205
-3.97276
-3.88306
-3.79297
-3.70249
-3.61163
-3.5204
-3.42881
-3.33687
-3.24459
-3.15197
-3.05902
-2.96577
-2.8722
-2.77834
-2.68419
-2.58977
-2.49507
-2.40012
-2.30492
-2.20947
-2.1138
-2.0179
-1.9218
-1.82549
-1.72899
-1.63231
-1.53545
-1.43844
-1.34126
-1.24395
-1.1465
-1.04892
-0.951234
-0.85344
-0.755551
-0.657576
-0.559527
-0.461411
-0.363239
-0.265021
-0.166767
-0.0684866
0.0298107
0.128115
0.226416
0.324704
0.42297
0.521203
0.619394
0.717533
0.81561
0.913615
1.01154
1.10937
1.2071
1.30472
1.40222
1.49959
1.59682
1.6939
1.79082
1.88757
1.98414
2.08052
2.1767
2.27268
2.36844
2.46397
2.55926
2.65431
2.7491
2.84362
2.93787
3.03184
3.12551
3.21888
3.31194
3.40468
3.49708
3.58914
3.68086
3.77221
3.8632
3.95381
4.04403
4.13386
4.22328
4.31229
4.40088
4.48904
4.57675
4.66402
4.75083
4.83717
4.92304
5.00843
5.09332
5.17771
5.26159
5.34496
5.4278
5.5101
5.59186
5.67307
5.75372
5.83381
5.91331
5.99224
6.07057
6.14831
6.22543
6.30195
6.37783
6.45309
6.52772
6.60169
6.67502
6.74768
6.81968
6.891
6.96164
7.03159
7.10084
7.16939
7.23723
7.30436
7.37076
7.43643
7.50136
7.56555
7.62899
7.69167
7.75359
7.81474
7.87511
7.93471
7.99351
8.05152
8.10874
8.16514
8.22074
8.27552
8.32948
8.38261
8.43491
8.48637
8.53699
8.58675
8.63567
8.68372
8.73091
8.77724
8.82269
8.86726
8.91095
8.95375
8.99566
9.03668
9.0768
9.11601
9.15432
9.19171
9.22819
9.26375
9.29839
9.3321
9.36488
9.39673
9.42764
9.45761
9.48664
9.51472
9.54186
9.56804
9.59327
9.61754
9.64085
9.6632
9.68459
9.70501
9.72446
9.74294
9.76045
9.77699
9.79254
9.80712
9.82073
9.83335
9.84499
9.85564
9.86531
9.874
9.8817
9.88841
9.89413
9.89887
9.90261
9.90537
9.90713
9.90791
9.90769
9.90648
9.90428
9.9011
9.89692
9.89175
9.88559
9.87844
9.8703
9.86118
9.85107
9.83997
9.82789
9.81482
9.80077
9.78574
9.76973
9.75274
9.73477
9.71583
9.69592
9.67503
9.65317
9.63035
9.60656
9.58181
9.55609
9.52942
9.5018
9.47322
9.44369
9.41321
9.38179
9.34943
9.31612
9.28189
9.24672
9.21063
9.1736
9.13566
9.0968
9.05703
9.01635
8.97476
8.93227
8.88889
8.8446
8.79944
8.75338
8.70645
8.65864
8.60996
8.56042
8.51001
8.45875
8.40663
8.35367
8.29987
8.24524
8.18977
8.13348
8.07637
8.01845
7.95972
7.90019
7.83986
7.77875
7.71684
7.65417
7.59071
7.5265
7.46152
7.39579
7.32932
7.26211
7.19416
7.12548
7.05609
6.98599
6.91518
6.84367
6.77147
6.69858
6.62502
6.55079
6.47589
6.40034
6.32414
6.24731
6.16984
6.09174
6.01303
5.93371
5.85379
5.77327
5.69217
5.61049
5.52825
5.44544
5.36208
5.27817
5.19373
5.10876
5.02327
4.93727
4.85077
4.76377
4.67629
4.58833
4.49991
4.41102
4.32169
4.23192
4.14171
4.05108
3.96003
3.86858
3.77674
3.68451
3.5919
3.49892
3.40558
3.31189
3.21786
3.1235
3.02882
2.93383
2.83853
2.74294
2.64707
2.55092
2.45451
2.35784
2.26093
2.16378
2.0664
1.96881
1.87101
1.77302
1.67483
1.57647
1.47795
1.37926
1.28043
1.18146
1.08236
0.983145
0.88382
0.784397
0.684886
0.585296
0.485638
0.385921
0.286155
0.186351
0.0865183
-0.013333
-0.113193
-0.213052
-0.312899
-0.412725
-0.51252
-0.612273
-0.711975
-0.811616
-0.911186
-1.01067
-1.11007
-1.20937
-1.30855
-1.40762
-1.50655
-1.60535
-1.70399
-1.80247
-1.90078
-1.99891
-2.09685
-2.19459
-2.29213
-2.38944
-2.48652
-2.58336
-2.67996
-2.7763
-2.87236
-2.96816
-3.06366
-3.15887
-3.25377
-3.34835
-3.44261
-3.53654
-3.63012
-3.72334
-3.81621
-3.9087
-4.00081
-4.09253
-4.18385
-4.27476
-4.36525
-4.45531
-4.54494
-4.63412
-4.72285
-4.81111
-4.8989
-4.98621
-5.07303
-5.15935
-5.24517
-5.33047
-5.41524
-5.49948
-5.58318
-5.66633
-5.74892
-5.83095
-5.9124
-5.99326
-6.07354
-6.15322
-6.23228
-6.31074
-6.38857
-6.46577
-6.54233
-6.61824
-6.6935
-6.7681
-6.84203
-6.91528
-6.98784
-7.05972
-7.1309
-7.20137
-7.27113
-7.34016
-7.40847
-7.47605
-7.54289
-7.60897
-7.67431
-7.73888
-7.80269
-7.86572
-7.92797
-7.98943
-8.05011
-8.10998
-8.16905
-8.2273
-8.28474
-8.34136
-8.39715
-8.45211
-8.50622
-8.55949
-8.61191
-8.66347
-8.71418
-8.76401
-8.81298
-8.86106
-8.90827
-8.95459
-9.00002
-9.04455
-9.08819
-9.13092
-9.17274
-9.21365
-9.25364
-9.29271
-9.33085
-9.36807
-9.40435
-9.43969
-9.4741
-9.50756
-9.54007
-9.57163
-9.60224
-9.63189
-9.66058
-9.68831
-9.71507
-9.74086
-9.76568
-9.78953
-9.8124
-9.83429
-9.8552
-9.87513
-9.89407
-9.91203
-9.92899
-9.94496
-9.95994
-9.97393
-9.98692
-9.99891
-10.0099
-10.0199
-10.0289
-10.0369
-10.0439
-10.0499
-10.0548
-10.0588
-10.0618
-10.0637
-10.0647
-10.0647
-10.0636
-10.0615
-10.0585
-10.0544
-10.0493
-10.0432
-10.0361
-10.028
-10.0189
-10.0088
-9.99774
-9.98563
-9.97253
-9.95843
-9.94333
-9.92723
-9.91014
-9.89206
-9.87299
-9.85292
-9.83187
-9.80984
-9.78682
-9.76282
-9.73784
-9.71189
-9.68496
-9.65706
-9.62819
-9.59836
-9.56756
-9.5358
-9.50309
-9.46942
-9.43481
-9.39924
-9.36274
-9.32529
-9.2869
-9.24759
-9.20734
-9.16617
-9.12408
-9.08108
-9.03716
-8.99233
-8.9466
-8.89997
-8.85244
-8.80403
-8.75473
-8.70455
-8.65349
-8.60156
-8.54877
-8.49512
-8.44061
-8.38525
-8.32905
-8.27202
-8.21414
-8.15544
-8.09592
-8.03559
-7.97444
-7.91249
-7.84974
-7.78621
-7.72188
-7.65678
-7.59091
-7.52427
-7.45687
-7.38872
-7.31982
-7.25019
-7.17982
-7.10873
-7.03692
-6.96439
-6.89117
-6.81725
-6.74264
-6.66734
-6.59138
-6.51474
-6.43745
-6.35951
-6.28092
-6.2017
-6.12184
-6.04137
-5.96029
-5.8786
-5.79631
-5.71344
-5.62999
-5.54597
-5.46138
-5.37624
-5.29055
-5.20433
-5.11758
-5.0303
-4.94252
-4.85423
-4.76544
-4.67617
-4.58643
-4.49622
-4.40555
-4.31442
-4.22286
-4.13087
-4.03845
-3.94563
-3.85239
-3.75877
-3.66476
-3.57037
-3.47561
-3.3805
-3.28504
-3.18925
-3.09312
-2.99668
-2.89992
-2.80287
-2.70553
-2.6079
-2.51001
-2.41185
-2.31345
-2.2148
-2.11592
-2.01682
-1.91751
-1.818
-1.71829
-1.6184
-1.51835
-1.41813
-1.31775
-1.21724
-1.11659
-1.01583
-0.914946
-0.813965
-0.712893
-0.611739
-0.510514
-0.409228
-0.30789
-0.206512
-0.105103
-0.0036736
0.0977666
0.199207
0.300638
0.402049
0.503429
0.60477
0.70606
0.80729
0.908449
1.00953
1.11052
1.2114
1.31218
1.41283
1.51336
1.61374
1.71397
1.81404
1.91393
2.01365
2.11318
2.2125
2.31161
2.4105
2.50916
2.60758
2.70575
2.80366
2.90129
2.99865
3.09572
3.19248
3.28894
3.38508
3.48089
3.57636
3.67148
3.76624
3.86064
3.95466
4.04829
4.14153
4.23437
4.32679
4.41878
4.51035
4.60147
4.69214
4.78235
4.87209
4.96136
5.05013
5.13841
5.22619
5.31345
5.40019
5.48639
5.57206
5.65718
5.74174
5.82574
5.90916
5.992
6.07425
6.15589
6.23694
6.31736
6.39716
6.47633
6.55487
6.63275
6.70998
6.78654
6.86243
6.93765
7.01218
7.08601
7.15914
7.23157
7.30328
7.37426
7.44452
7.51404
7.58281
7.65083
7.7181
7.7846
7.85032
7.91527
7.97943
8.04281
8.10538
8.16715
8.22811
8.28825
8.34757
8.40606
8.46372
8.52053
8.5765
8.63162
8.68588
8.73927
8.7918
8.84346
8.89423
8.94412
8.99312
9.04123
9.08843
9.13474
9.18013
9.22461
9.26817
9.31081
9.35253
9.39331
9.43316
9.47206
9.51003
9.54705
9.58311
9.61822
9.65238
9.68557
9.71779
9.74905
9.77934
9.80865
9.83698
9.86433
9.8907
9.91608
9.94048
9.96388
9.98628
10.0077
10.0281
10.0475
10.0659
10.0833
10.0997
10.1151
10.1295
10.1429
10.1552
10.1666
10.1769
10.1862
10.1945
10.2018
10.208
10.2132
10.2174
10.2206
10.2228
10.224
10.2241
10.2232
10.2213
10.2183
10.2143
10.2094
10.2033
10.1963
10.1883
10.1792
10.1691
10.158
10.1459
10.1327
10.1186
10.1034
10.0872
10.0701
10.0519
10.0327
10.0124
9.99123
9.96901
9.9458
9.92159
9.89638
9.87019
9.843
9.81483
9.78567
9.75553
9.72441
9.69232
9.65925
9.62521
9.59021
9.55425
9.51733
9.47945
9.44062
9.40084
9.36012
9.31845
9.27586
9.23233
9.18787
9.14249
9.09619
9.04897
9.00085
8.95182
8.90189
8.85107
8.79935
8.74676
8.69328
8.63892
8.5837
8.52761
8.47067
8.41287
8.35422
8.29474
8.23442
8.17327
8.11129
8.0485
7.9849
7.92049
7.85528
7.78928
7.7225
7.65494
7.5866
7.5175
7.44764
7.37703
7.30567
7.23358
7.16075
7.08721
7.01294
6.93797
6.8623
6.78593
6.70888
6.63114
6.55274
6.47367
6.39395
6.31358
6.23258
6.15094
6.06867
5.9858
5.90231
5.81823
5.73355
5.6483
5.56247
5.47607
5.38913
5.30163
5.21359
5.12502
5.03594
4.94634
4.85623
4.76563
4.67455
4.58299
4.49096
4.39847
4.30554
4.21216
4.11836
4.02413
3.92949
3.83445
3.73901
3.64319
3.547
3.45045
3.35354
3.25628
3.15869
3.06077
2.96254
2.864
2.76516
2.66604
2.56664
2.46698
2.36706
2.26689
2.16649
2.06585
1.96501
1.86395
1.7627
1.66126
1.55965
1.45787
1.35593
1.25385
1.15163
1.04929
0.946833
0.84427
0.741613
0.638871
0.536055
0.433175
0.330241
0.227264
0.124254
0.0212217
-0.0818233
-0.184871
-0.28791
-0.39093
-0.493922
-0.596874
-0.699778
-0.802621
-0.905395
-1.00809
-1.11069
-1.21319
-1.31558
-1.41785
-1.51999
-1.62199
-1.72383
-1.82551
-1.92702
-2.02835
-2.12948
-2.23042
-2.33113
-2.43163
-2.53189
-2.63191
-2.73168
-2.83118
-2.93041
-3.02936
-3.12801
-3.22636
-3.3244
-3.42211
-3.5195
-3.61654
-3.71323
-3.80955
-3.90551
-4.00108
-4.09627
-4.19105
-4.28543
-4.37938
-4.47291
-4.566
-4.65864
-4.75082
-4.84254
-4.93379
-5.02455
-5.11481
-5.20458
-5.29383
-5.38256
-5.47076
-5.55843
-5.64555
-5.73211
-5.8181
-5.90353
-5.98837
-6.07262
-6.15627
-6.23932
-6.32175
-6.40355
-6.48473
-6.56526
-6.64515
-6.72437
-6.80294
-6.88083
-6.95804
-7.03456
-7.11039
-7.18551
-7.25993
-7.33362
-7.40659
-7.47882
-7.55032
-7.62106
-7.69105
-7.76028
-7.82874
-7.89643
-7.96333
-8.02944
-8.09476
-8.15927
-8.22297
-8.28586
-8.34792
-8.40916
-8.46956
-8.52912
-8.58783
-8.64569
-8.70269
-8.75883
-8.8141
-8.86849
-8.922
-8.97462
-9.02635
-9.07718
-9.12711
-9.17613
-9.22424
-9.27144
-9.31771
-9.36305
-9.40746
-9.45093
-9.49347
-9.53506
-9.5757
-9.61538
-9.65411
-9.69188
-9.72868
-9.76451
-9.79937
-9.83325
-9.86616
-9.89808
-9.92901
-9.95895
-9.9879
-10.0159
-10.0428
-10.0688
-10.0937
-10.1177
-10.1406
-10.1625
-10.1834
-10.2033
-10.2222
-10.24
-10.2569
-10.2727
-10.2875
-10.3012
-10.3139
-10.3256
-10.3363
-10.3459
-10.3545
-10.3621
-10.3686
-10.3741
-10.3786
-10.382
-10.3843
-10.3857
-10.386
-10.3853
-10.3835
-10.3807
-10.3768
-10.3719
-10.366
-10.359
-10.351
-10.342
-10.3319
-10.3208
-10.3087
-10.2955
-10.2813
-10.2661
-10.2498
-10.2325
-10.2142
-10.1949
-10.1745
-10.1531
-10.1307
-10.1073
-10.0829
-10.0575
-10.031
-10.0036
-9.97514
-9.94569
-9.91524
-9.8838
-9.85137
-9.81794
-9.78354
-9.74815
-9.71178
-9.67444
-9.63612
-9.59684
-9.5566
-9.51539
-9.47323
-9.43012
-9.38606
-9.34106
-9.29512
-9.24824
-9.20044
-9.15171
-9.10206
-9.0515
-9.00002
-8.94764
-8.89436
-8.84019
-8.78513
-8.72918
-8.67235
-8.61465
-8.55609
-8.49666
-8.43638
-8.37524
-8.31327
-8.25045
-8.18681
-8.12233
-8.05705
-7.99094
-7.92404
-7.85633
-7.78783
-7.71855
-7.64848
-7.57765
-7.50605
-7.43369
-7.36058
-7.28673
-7.21214
-7.13683
-7.06079
-6.98404
-6.90658
-6.82842
-6.74958
-6.67005
-6.58984
-6.50897
-6.42744
-6.34526
-6.26244
-6.17898
-6.09489
-6.01019
-5.92488
-5.83897
-5.75246
-5.66537
-5.57771
-5.48948
-5.40069
-5.31135
-5.22147
-5.13106
-5.04013
-4.94869
-4.85674
-4.76429
-4.67137
-4.57796
-4.48409
-4.38976
-4.29498
-4.19976
-4.10411
-4.00805
-3.91157
-3.81469
-3.71742
-3.61977
-3.52175
-3.42336
-3.32463
-3.22555
-3.12613
-3.0264
-2.92635
-2.826
-2.72536
-2.62444
-2.52324
-2.42178
-2.32007
-2.21811
-2.11593
-2.01352
-1.9109
-1.80808
-1.70507
-1.60187
-1.49851
-1.39499
-1.29131
-1.1875
-1.08356
-0.979497
-0.875328
-0.771061
-0.666706
-0.562274
-0.457776
-0.353221
-0.248621
-0.143985
-0.0393242
0.0653508
0.17003
0.274702
0.379358
0.483986
0.588576
0.693117
0.7976
0.902013
1.00635
1.11059
1.21473
1.31877
1.42268
1.52645
1.63009
1.73357
1.83689
1.94004
2.043
2.14577
2.24834
2.35069
2.45282
2.55471
2.65635
2.75774
2.85887
2.95971
3.06028
3.16054
3.2605
3.36015
3.45947
3.55845
3.65709
3.75537
3.85328
3.95082
4.04798
4.14474
4.24109
4.33703
4.43255
4.52763
4.62227
4.71645
4.81018
4.90343
4.9962
5.08848
5.18026
5.27153
5.36229
5.45251
5.54221
5.63135
5.71994
5.80797
5.89543
5.9823
6.06859
6.15428
6.23936
6.32382
6.40766
6.49087
6.57344
6.65536
6.73662
6.81722
6.89714
6.97638
7.05493
7.13279
7.20994
7.28637
7.36208
7.43707
7.51132
7.58482
7.65758
7.72957
7.8008
7.87126
7.94094
8.00983
8.07792
8.14522
8.2117
8.27738
8.34223
8.40625
8.46944
8.53179
8.59329
8.65394
8.71373
8.77265
8.8307
8.88788
8.94417
8.99958
9.05408
9.10769
9.1604
9.21219
9.26307
9.31302
9.36205
9.41015
9.45731
9.50353
9.54881
9.59313
9.6365
9.67891
9.72036
9.76084
9.80034
9.83887
9.87642
9.91299
9.94857
9.98316
10.0168
10.0493
10.0809
10.1115
10.1411
10.1697
10.1972
10.2238
10.2493
10.2738
10.2973
10.3197
10.3411
10.3615
10.3808
10.3991
10.4164
10.4327
10.4478
10.462
10.4751
10.4872
10.4982
10.5081
10.517
10.5249
10.5317
10.5375
10.5422
10.5458
10.5484
10.55
10.5504
10.5499
10.5482
10.5456
10.5418
10.537
10.5312
10.5243
10.5164
10.5074
10.4973
10.4862
10.474
10.4608
10.4466
10.4313
10.415
10.3976
10.3791
10.3597
10.3392
10.3176
10.2951
10.2715
10.2468
10.2212
10.1945
10.1668
10.138
10.1083
10.0775
10.0458
10.013
9.97921
9.94443
9.90865
9.87187
9.83411
9.79535
9.75562
9.7149
9.67321
9.63055
9.58692
9.54232
9.49677
9.45026
9.40281
9.35441
9.30507
9.25479
9.20358
9.15145
9.0984
9.04443
8.98955
8.93377
8.87709
8.81951
8.76105
8.7017
8.64148
8.58039
8.51844
8.45562
8.39196
8.32745
8.2621
8.19592
8.12891
8.06108
7.99244
7.92299
7.85275
7.78171
7.70988
7.63728
7.56391
7.48977
7.41488
7.33924
7.26285
7.18574
7.10789
7.02933
6.95006
6.87008
6.78941
6.70805
6.62601
6.5433
6.45993
6.37591
6.29124
6.20593
6.11999
6.03343
5.94626
5.85849
5.77012
5.68117
5.59164
5.50154
5.41088
5.31967
5.22792
5.13564
5.04284
4.94952
4.8557
4.76138
4.66658
4.5713
4.47555
4.37935
4.2827
4.18561
4.08809
3.99016
3.89182
3.79307
3.69394
3.59443
3.49455
3.39431
3.29372
3.19279
3.09153
2.98995
2.88807
2.78588
2.68341
2.58065
2.47763
2.37435
2.27083
2.16706
2.06307
1.95886
1.85445
1.74984
1.64504
1.54007
1.43493
1.32964
1.22421
1.11864
1.01295
0.907154
0.801253
0.69526
0.589188
0.483046
0.376844
0.270595
0.164308
0.0579941
-0.0483363
-0.154673
-0.261004
-0.36732
-0.47361
-0.579863
-0.686069
-0.792217
-0.898296
-1.0043
-1.11021
-1.21602
-1.32171
-1.42729
-1.53274
-1.63804
-1.74319
-1.84817
-1.95298
-2.05761
-2.16204
-2.26627
-2.37027
-2.47406
-2.5776
-2.6809
-2.78394
-2.88671
-2.9892
-3.09141
-3.19331
-3.29491
-3.39619
-3.49714
-3.59774
-3.698
-3.7979
-3.89743
-3.99658
-4.09534
-4.1937
-4.29165
-4.38918
-4.48628
-4.58294
-4.67916
-4.77491
-4.8702
-4.96501
-5.05934
-5.15316
-5.24648
-5.33929
-5.43157
-5.52332
-5.61452
-5.70517
-5.79526
-5.88478
-5.97372
-6.06208
-6.14983
-6.23698
-6.32351
-6.40942
-6.4947
-6.57933
-6.66332
-6.74665
-6.82931
-6.9113
-6.9926
-7.07322
-7.15313
-7.23234
-7.31083
-7.3886
-7.46564
-7.54193
-7.61749
-7.69228
-7.76632
-7.83959
-7.91208
-7.98378
-8.0547
-8.12481
-8.19413
-8.26262
-8.3303
-8.39716
-8.46318
-8.52836
-8.59269
-8.65617
-8.71879
-8.78055
-8.84143
-8.90144
-8.96056
-9.0188
-9.07613
-9.13257
-9.18809
-9.2427
-9.2964
-9.34917
-9.40101
-9.45192
-9.50188
-9.5509
-9.59897
-9.64609
-9.69224
-9.73743
-9.78165
-9.8249
-9.86717
-9.90846
-9.94876
-9.98807
-10.0264
-10.0637
-10.1
-10.1353
-10.1696
-10.2029
-10.2352
-10.2664
-10.2966
-10.3258
-10.354
-10.3811
-10.4072
-10.4323
-10.4563
-10.4793
-10.5012
-10.5221
-10.5419
-10.5607
-10.5784
-10.5951
-10.6107
-10.6253
-10.6388
-10.6512
-10.6625
-10.6728
-10.6821
-10.6902
-10.6973
-10.7034
-10.7083
-10.7122
-10.715
-10.7168
-10.7175
-10.7171
-10.7156
-10.7131
-10.7094
-10.7048
-10.699
-10.6922
-10.6843
-10.6753
-10.6653
-10.6542
-10.642
-10.6288
-10.6145
-10.5992
-10.5827
-10.5653
-10.5467
-10.5271
-10.5065
-10.4848
-10.462
-10.4382
-10.4134
-10.3875
-10.3605
-10.3326
-10.3036
-10.2735
-10.2425
-10.2104
-10.1772
-10.1431
-10.1079
-10.0718
-10.0346
-9.99638
-9.95718
-9.91699
-9.8758
-9.83361
-9.79044
-9.74629
-9.70115
-9.65504
-9.60797
-9.55992
-9.51092
-9.46096
-9.41004
-9.35819
-9.30539
-9.25165
-9.19699
-9.1414
-9.08489
-9.02746
-8.96913
-8.90989
-8.84976
-8.78874
-8.72683
-8.66404
-8.60038
-8.53586
-8.47047
-8.40423
-8.33714
-8.26922
-8.20046
-8.13087
-8.06046
-7.98924
-7.91721
-7.84438
-7.77077
-7.69636
-7.62119
-7.54524
-7.46852
-7.39106
-7.31285
-7.2339
-7.15421
-7.07381
-6.99268
-6.91086
-6.82833
-6.74511
-6.6612
-6.57663
-6.49139
-6.40548
-6.31893
-6.23174
-6.14392
-6.05548
-5.96642
-5.87675
-5.78649
-5.69564
-5.60421
-5.51221
-5.41966
-5.32655
-5.2329
-5.13871
-5.044
-4.94878
-4.85306
-4.75684
-4.66013
-4.56295
-4.4653
-4.3672
-4.26865
-4.16966
-4.07025
-3.97042
-3.87018
-3.76954
-3.66852
-3.56712
-3.46536
-3.36323
-3.26076
-3.15796
-3.05483
-2.95138
-2.84763
-2.74358
-2.63925
-2.53464
-2.42977
-2.32465
-2.21928
-2.11368
-2.00786
-1.90182
-1.79559
-1.68917
-1.58256
-1.47579
-1.36886
-1.26178
-1.15456
-1.04722
-0.939766
-0.832205
-0.724549
-0.61681
-0.508999
-0.401126
-0.293202
-0.185238
-0.0772449
0.0307669
0.138786
0.246803
0.354805
0.462783
0.570726
0.678622
0.786461
0.894232
1.00192
1.10953
1.21703
1.32442
1.43169
1.53883
1.64583
1.75267
1.85934
1.96584
2.07216
2.17828
2.28419
2.38988
2.49535
2.60057
2.70555
2.81027
2.91471
3.01888
3.12275
3.22632
3.32958
3.43252
3.53512
3.63738
3.73929
3.84083
3.942
4.04278
4.14318
4.24316
4.34273
4.44188
4.5406
4.63887
4.73668
4.83403
4.93091
5.0273
5.12321
5.2186
5.31349
5.40786
5.50169
5.59498
5.68772
5.77991
5.87152
5.96256
6.053
6.14286
6.2321
6.32074
6.40875
6.49612
6.58286
6.66895
6.75438
6.83914
6.92323
7.00663
7.08934
7.17135
7.25265
7.33323
7.41309
7.49222
7.5706
7.64823
7.72511
7.80122
7.87656
7.95112
8.0249
8.09787
8.17005
8.24141
8.31196
8.38168
8.45058
8.51863
8.58584
8.6522
8.7177
8.78233
8.84609
8.90898
8.97097
9.03208
9.09229
9.1516
9.21
9.26748
9.32405
9.37968
9.43438
9.48815
9.54097
9.59285
9.64376
9.69372
9.74272
9.79074
9.8378
9.88387
9.92896
9.97306
10.0162
10.0583
10.0994
10.1395
10.1786
10.2167
10.2537
10.2898
10.3248
10.3588
10.3917
10.4236
10.4545
10.4843
10.5131
10.5409
10.5676
10.5932
10.6178
10.6413
10.6638
10.6851
10.7055
10.7247
10.7429
10.76
10.7761
10.791
10.8049
10.8177
10.8295
10.8401
10.8497
10.8582
10.8656
10.8719
10.8771
10.8812
10.8843
10.8862
10.8871
10.8869
10.8856
10.8832
10.8797
10.8751
10.8695
10.8627
10.8549
10.846
10.836
10.8249
10.8127
10.7994
10.7851
10.7697
10.7532
10.7356
10.717
10.6972
10.6764
10.6546
10.6316
10.6077
10.5826
10.5565
10.5293
10.5011
10.4718
10.4414
10.41
10.3776
10.3441
10.3096
10.2741
10.2375
10.1999
10.1613
10.1217
10.081
10.0393
9.99664
9.95295
9.90827
9.86259
9.81592
9.76826
9.71962
9.67001
9.61942
9.56787
9.51535
9.46188
9.40745
9.35208
9.29577
9.23853
9.18035
9.12125
9.06123
9.0003
8.93847
8.87573
8.8121
8.74758
8.68218
8.61591
8.54877
8.48076
8.4119
8.3422
8.27165
8.20027
8.12806
8.05503
7.98119
7.90654
7.8311
7.75486
7.67784
7.60005
7.52148
7.44216
7.36209
7.28127
7.19971
7.11743
7.03443
6.95071
6.86629
6.78118
6.69538
6.6089
6.52175
6.43394
6.34548
6.25638
6.16664
6.07628
5.98529
5.89371
5.80152
5.70874
5.61539
5.52146
5.42697
5.33193
5.23634
5.14023
5.04359
4.94643
4.84877
4.75062
4.65198
4.55286
4.45329
4.35325
4.25277
4.15186
4.05052
3.94876
3.8466
3.74405
3.64111
3.53779
3.43411
3.33008
3.2257
3.121
3.01596
2.91062
2.80498
2.69904
2.59282
2.48634
2.37959
2.2726
2.16537
2.05791
1.95023
1.84235
1.73427
1.62601
1.51758
1.40898
1.30023
1.19134
1.08232
0.97318
0.863933
0.754589
0.645158
0.535651
0.42608
0.316456
0.206789
0.0970901
-0.0126293
-0.122358
-0.232086
-0.341802
-0.451494
-0.561152
-0.670766
-0.780323
-0.889812
-0.999224
-1.10855
-1.21777
-1.32688
-1.43587
-1.54473
-1.65344
-1.762
-1.8704
-1.97862
-2.08665
-2.19448
-2.3021
-2.40951
-2.51668
-2.62362
-2.7303
-2.83672
-2.94287
-3.04873
-3.1543
-3.25956
-3.36451
-3.46913
-3.57342
-3.67736
-3.78094
-3.88416
-3.98699
-4.08944
-4.19149
-4.29313
-4.39435
-4.49514
-4.59549
-4.69539
-4.79484
-4.89381
-4.99231
-5.09031
-5.18782
-5.28481
-5.38129
-5.47724
-5.57265
-5.66751
-5.76182
-5.85556
-5.94872
-6.0413
-6.13328
-6.22466
-6.31542
-6.40557
-6.49508
-6.58395
-6.67217
-6.75973
-6.84663
-6.93285
-7.01838
-7.10322
-7.18736
-7.27079
-7.3535
-7.43549
-7.51674
-7.59724
-7.67699
-7.75599
-7.83421
-7.91166
-7.98833
-8.0642
-8.13928
-8.21355
-8.28701
-8.35964
-8.43145
-8.50242
-8.57254
-8.64182
-8.71024
-8.7778
-8.84448
-8.91029
-8.97521
-9.03924
-9.10237
-9.1646
-9.22592
-9.28633
-9.34581
-9.40436
-9.46197
-9.51865
-9.57438
-9.62916
-9.68298
-9.73584
-9.78773
-9.83865
-9.88858
-9.93754
-9.9855
-10.0325
-10.0784
-10.1234
-10.1674
-10.2103
-10.2523
-10.2932
-10.3331
-10.3719
-10.4097
-10.4465
-10.4823
-10.517
-10.5506
-10.5832
-10.6148
-10.6453
-10.6747
-10.703
-10.7303
-10.7566
-10.7817
-10.8058
-10.8288
-10.8507
-10.8715
-10.8913
-10.9099
-10.9275
-10.944
-10.9594
-10.9737
-10.9869
-10.999
-11.01
-11.0199
-11.0287
-11.0364
-11.043
-11.0485
-11.0529
-11.0561
-11.0583
-11.0594
-11.0594
-11.0582
-11.056
-11.0526
-11.0482
-11.0426
-11.0359
-11.0282
-11.0193
-11.0093
-10.9982
-10.9861
-10.9728
-10.9584
-10.9429
-10.9263
-10.9087
-10.8899
-10.8701
-10.8491
-10.8271
-10.804
-10.7798
-10.7545
-10.7282
-10.7007
-10.6722
-10.6427
-10.612
-10.5803
-10.5476
-10.5138
-10.4789
-10.443
-10.406
-10.368
-10.3289
-10.2888
-10.2477
-10.2055
-10.1623
-10.1181
-10.0729
-10.0267
-9.97944
-9.9312
-9.88196
-9.83173
-9.78051
-9.7283
-9.67512
-9.62097
-9.56584
-9.50976
-9.45272
-9.39473
-9.33579
-9.27591
-9.2151
-9.15336
-9.0907
-9.02713
-8.96264
-8.89726
-8.83098
-8.7638
-8.69575
-8.62681
-8.55701
-8.48635
-8.41483
-8.34246
-8.26925
-8.19521
-8.12033
-8.04464
-7.96814
-7.89083
-7.81273
-7.73384
-7.65416
-7.57371
-7.4925
-7.41053
-7.32781
-7.24435
-7.16016
-7.07524
-6.9896
-6.90326
-6.81622
-6.72849
-6.64008
-6.55099
-6.46124
-6.37084
-6.27979
-6.1881
-6.09578
-6.00285
-5.9093
-5.81516
-5.72042
-5.62511
-5.52922
-5.43277
-5.33576
-5.23822
-5.14013
-5.04153
-4.94241
-4.84279
-4.74267
-4.64207
-4.54099
-4.43945
-4.33746
-4.23502
-4.13215
-4.02885
-3.92514
-3.82103
-3.71653
-3.61164
-3.50638
-3.40076
-3.29479
-3.18848
-3.08185
-2.97489
-2.86762
-2.76006
-2.65221
-2.54408
-2.43569
-2.32704
-2.21815
-2.10903
-1.99969
-1.89013
-1.78038
-1.67043
-1.56031
-1.45002
-1.33958
-1.22898
-1.11826
-1.00741
-0.896455
-0.785395
-0.674246
-0.563018
-0.451723
-0.340371
-0.228974
-0.117544
-0.00609004
0.105375
0.216841
0.328297
0.439731
0.551132
0.662489
0.773791
0.885026
0.996184
1.10725
1.21822
1.32908
1.43982
1.55043
1.66089
1.77119
1.88133
1.99129
2.10107
2.21064
2.32001
2.42915
2.53807
2.64673
2.75515
2.8633
2.97118
3.07876
3.18606
3.29304
3.3997
3.50604
3.61204
3.71768
3.82297
3.92788
4.03241
4.13655
4.24028
4.3436
4.4465
4.54896
4.65098
4.75254
4.85364
4.95426
5.05439
5.15404
5.25317
5.35179
5.44989
5.54745
5.64446
5.74092
5.83682
5.93214
6.02688
6.12102
6.21456
6.30749
6.3998
6.49148
6.58252
6.67291
6.76264
6.8517
6.94009
7.02779
7.1148
7.2011
7.28669
7.37157
7.45571
7.53912
7.62178
7.70369
7.78484
7.86521
7.94481
8.02362
8.10163
8.17885
8.25525
8.33084
8.4056
8.47952
8.55261
8.62485
8.69623
8.76675
8.8364
8.90518
8.97307
9.04007
9.10617
9.17137
9.23566
9.29903
9.36148
9.423
9.48358
9.54322
9.60191
9.65964
9.71642
9.77223
9.82707
9.88093
9.93381
9.9857
10.0366
10.0865
10.1354
10.1833
10.2302
10.276
10.3208
10.3646
10.4074
10.4491
10.4898
10.5295
10.5681
10.6056
10.6421
10.6776
10.7119
10.7452
10.7775
10.8086
10.8387
10.8677
10.8956
10.9224
10.9481
10.9728
10.9963
11.0188
11.0401
11.0604
11.0795
11.0976
11.1145
11.1303
11.145
11.1586
11.1711
11.1825
11.1927
11.2018
11.2099
11.2167
11.2225
11.2272
11.2307
11.2331
11.2344
11.2345
11.2336
11.2315
11.2283
11.2239
11.2185
11.2119
11.2042
11.1954
11.1854
11.1743
11.1622
11.1489
11.1344
11.1189
11.1023
11.0845
11.0656
11.0457
11.0246
11.0024
10.9791
10.9547
10.9292
10.9026
10.875
10.8462
10.8163
10.7854
10.7534
10.7203
10.6861
10.6509
10.6146
10.5772
10.5387
10.4992
10.4587
10.4171
10.3744
10.3307
10.286
10.2403
10.1935
10.1456
10.0968
10.047
9.99611
9.94425
9.89139
9.83753
9.78269
9.72686
9.67005
9.61227
9.55353
9.49382
9.43316
9.37154
9.30899
9.24549
9.18107
9.11572
9.04946
8.98228
8.91419
8.84521
8.77534
8.70458
8.63295
8.56044
8.48707
8.41285
8.33778
8.26186
8.18511
8.10754
8.02915
7.94994
7.86994
7.78913
7.70754
7.62518
7.54204
7.45814
7.37348
7.28808
7.20194
7.11508
7.02749
6.93919
6.85019
6.76049
6.67011
6.57906
6.48733
6.39495
6.30192
6.20825
6.11395
6.01903
5.9235
5.82737
5.73064
5.63333
5.53545
5.437
5.338
5.23846
5.13838
5.03778
4.93667
4.83505
4.73294
4.63034
4.52728
4.42374
4.31976
4.21533
4.11048
4.0052
3.8995
3.79341
3.68693
3.58007
3.47284
3.36525
3.25732
3.14905
3.04045
2.93154
2.82232
2.71281
2.60302
2.49296
2.38263
2.27206
2.16125
2.05021
1.93896
1.8275
1.71585
1.60401
1.492
1.37984
1.26752
1.15507
1.04248
0.929787
0.816985
0.704091
0.591115
0.478069
0.364963
0.25181
0.13862
0.0254049
-0.0878239
-0.201055
-0.314278
-0.427481
-0.540652
-0.65378
-0.766854
-0.879863
-0.992795
-1.10564
-1.21838
-1.33102
-1.44353
-1.55591
-1.66815
-1.78023
-1.89214
-2.00387
-2.11542
-2.22676
-2.3379
-2.44881
-2.55948
-2.66992
-2.78009
-2.89
-2.99963
-3.10898
-3.21802
-3.32675
-3.43516
-3.54324
-3.65097
-3.75835
-3.86536
-3.972
-4.07825
-4.18411
-4.28955
-4.39458
-4.49918
-4.60334
-4.70705
-4.8103
-4.91308
-5.01538
-5.11718
-5.21849
-5.31928
-5.41955
-5.51929
-5.61849
-5.71713
-5.81522
-5.91273
-6.00966
-6.106
-6.20174
-6.29687
-6.39137
-6.48525
-6.57849
-6.67108
-6.76301
-6.85428
-6.94487
-7.03477
-7.12398
-7.21248
-7.30028
-7.38735
-7.47369
-7.55929
-7.64415
-7.72825
-7.81158
-7.89415
-7.97593
-8.05692
-8.13711
-8.2165
-8.29508
-8.37283
-8.44975
-8.52584
-8.60108
-8.67547
-8.749
-8.82166
-8.89345
-8.96435
-9.03437
-9.10349
-9.1717
-9.239
-9.30539
-9.37086
-9.43539
-9.49898
-9.56164
-9.62334
-9.68409
-9.74387
-9.80269
-9.86053
-9.91739
-9.97326
-10.0281
-10.082
-10.1349
-10.1868
-10.2377
-10.2875
-10.3363
-10.3841
-10.4309
-10.4766
-10.5213
-10.5649
-10.6075
-10.649
-10.6894
-10.7288
-10.7671
-10.8044
-10.8406
-10.8757
-10.9097
-10.9426
-10.9744
-11.0052
-11.0348
-11.0633
-11.0908
-11.1171
-11.1423
-11.1664
-11.1894
-11.2113
-11.2321
-11.2517
-11.2702
-11.2876
-11.3039
-11.319
-11.333
-11.3459
-11.3576
-11.3682
-11.3777
-11.386
-11.3932
-11.3993
-11.4042
-11.408
-11.4106
-11.4121
-11.4124
-11.4117
-11.4097
-11.4067
-11.4024
-11.3971
-11.3906
-11.383
-11.3742
-11.3643
-11.3532
-11.3411
-11.3277
-11.3133
-11.2977
-11.281
-11.2631
-11.2442
-11.2241
-11.2028
-11.1805
-11.157
-11.1324
-11.1067
-11.0799
-11.052
-11.023
-10.9928
-10.9616
-10.9292
-10.8958
-10.8613
-10.8256
-10.7889
-10.7512
-10.7123
-10.6723
-10.6313
-10.5892
-10.5461
-10.5019
-10.4566
-10.4103
-10.363
-10.3146
-10.2652
-10.2147
-10.1632
-10.1107
-10.0572
-10.0026
-9.94709
-9.89055
-9.83301
-9.77448
-9.71497
-9.65449
-9.59303
-9.5306
-9.46722
-9.40288
-9.3376
-9.27137
-9.20422
-9.13613
-9.06712
-8.99721
-8.92638
-8.85465
-8.78204
-8.70853
-8.63415
-8.5589
-8.48278
-8.40581
-8.32799
-8.24933
-8.16984
-8.08952
-8.00838
-7.92644
-7.84369
-7.76015
-7.67583
-7.59073
-7.50487
-7.41824
-7.33087
-7.24275
-7.1539
-7.06433
-6.97404
-6.88304
-6.79134
-6.69896
-6.6059
-6.51217
-6.41778
-6.32274
-6.22705
-6.13073
-6.03379
-5.93624
-5.83808
-5.73933
-5.64
-5.54009
-5.43962
-5.3386
-5.23703
-5.13492
-5.0323
-4.92916
-4.82551
-4.72138
-4.61676
-4.51166
-4.40611
-4.30011
-4.19366
-4.08679
-3.97949
-3.87179
-3.76369
-3.6552
-3.54634
-3.43711
-3.32752
-3.21759
-3.10733
-2.99675
-2.88586
-2.77466
-2.66318
-2.55142
-2.4394
-2.32712
-2.21459
-2.10183
-1.98885
-1.87567
-1.76228
-1.6487
-1.53495
-1.42103
-1.30696
-1.19275
-1.07841
-0.963946
-0.849376
-0.73471
-0.619959
-0.505134
-0.390247
-0.27531
-0.160333
-0.0453295
0.0696904
0.184715
0.299732
0.414731
0.5297
0.644628
0.759503
0.874313
0.989047
1.10369
1.21824
1.33268
1.44699
1.56118
1.67521
1.7891
1.90281
2.01635
2.12969
2.24283
2.35576
2.46847
2.58094
2.69316
2.80513
2.91682
3.02824
3.13936
3.25019
3.36069
3.47087
3.58072
3.69022
3.79936
3.90813
4.01652
4.12453
4.23213
4.33931
4.44608
4.55241
4.65829
4.76372
4.86869
4.97317
5.07717
5.18068
5.28367
5.38615
5.4881
5.58951
5.69037
5.79068
5.89041
5.98957
6.08813
6.1861
6.28346
6.3802
6.47631
6.57178
6.66661
6.76078
6.85428
6.9471
7.03924
7.13069
7.22143
7.31146
7.40077
7.48934
7.57718
7.66426
7.75059
7.83615
7.92094
8.00494
8.08816
8.17057
8.25217
8.33295
8.41291
8.49204
8.57032
8.64776
8.72434
8.80005
8.8749
8.94886
9.02193
9.09411
9.16539
9.23576
9.30521
9.37373
9.44133
9.50799
9.57371
9.63847
9.70228
9.76512
9.827
9.88789
9.94781
10.0067
10.0647
10.1216
10.1775
10.2324
10.2863
10.3392
10.391
10.4418
10.4916
10.5403
10.588
10.6346
10.6802
10.7247
10.7681
10.8105
10.8518
10.892
10.9311
10.9691
11.006
11.0419
11.0766
11.1102
11.1428
11.1742
11.2045
11.2337
11.2617
11.2887
11.3145
11.3391
11.3627
11.3851
11.4064
11.4265
11.4455
11.4634
11.4801
11.4957
11.5101
11.5234
11.5355
11.5465
11.5563
11.5649
11.5724
11.5788
11.584
11.588
11.5909
11.5926
11.5931
11.5925
11.5908
11.5879
11.5838
11.5785
11.5721
11.5646
11.5559
11.546
11.535
11.5228
11.5095
11.495
11.4793
11.4625
11.4446
11.4255
11.4053
11.3839
11.3614
11.3378
11.313
11.2871
11.26
11.2319
11.2025
11.1721
11.1406
11.1079
11.0741
11.0392
11.0033
10.9662
10.928
10.8887
10.8483
10.8068
10.7642
10.7206
10.6759
10.6301
10.5832
10.5353
10.4863
10.4363
10.3852
10.3331
10.2799
10.2257
10.1705
10.1142
10.057
9.99868
9.93939
9.87911
9.81783
9.75557
9.69232
9.6281
9.56291
9.49675
9.42964
9.36158
9.29258
9.22264
9.15177
9.07998
9.00727
8.93366
8.85914
8.78373
8.70744
8.63027
8.55222
8.47332
8.39355
8.31294
8.2315
8.14922
8.06611
7.9822
7.89747
7.81195
7.72564
7.63854
7.55068
7.46205
7.37266
7.28253
7.19166
7.10007
7.00775
6.91472
6.821
6.72658
6.63148
6.53571
6.43927
6.34218
6.24445
6.14608
6.04709
5.94748
5.84727
5.74646
5.64507
5.5431
5.44057
5.33749
5.23386
5.1297
5.02501
4.91981
4.81411
4.70792
4.60125
4.4941
4.38649
4.27844
4.16995
4.06102
3.95169
3.84194
3.7318
3.62128
3.51038
3.39912
3.28751
3.17556
3.06328
2.95069
2.83778
2.72459
2.6111
2.49735
2.38334
2.26907
2.15457
2.03984
1.92489
1.80974
1.6944
1.57888
1.46318
1.34733
1.23134
1.11521
0.998951
0.882585
0.766119
0.649565
0.532934
0.416238
0.299489
0.182699
0.065878
-0.0509609
-0.167806
-0.284647
-0.40147
-0.518266
-0.635021
-0.751724
-0.868364
-0.984928
-1.10141
-1.21778
-1.33405
-1.4502
-1.56622
-1.68208
-1.7978
-1.91334
-2.0287
-2.14388
-2.25885
-2.3736
-2.48813
-2.60243
-2.71647
-2.83025
-2.94376
-3.05699
-3.16993
-3.28256
-3.39487
-3.50685
-3.61849
-3.72979
-3.84072
-3.95128
-4.06145
-4.17123
-4.2806
-4.38956
-4.49809
-4.60618
-4.71382
-4.82099
-4.9277
-5.03393
-5.13966
-5.24489
-5.3496
-5.45379
-5.55745
-5.66056
-5.76311
-5.8651
-5.96651
-6.06734
-6.16757
-6.26719
-6.36619
-6.46457
-6.56231
-6.65941
-6.75585
-6.85162
-6.94672
-7.04113
-7.13485
-7.22786
-7.32016
-7.41174
-7.50259
-7.59269
-7.68204
-7.77064
-7.85847
-7.94552
-8.03178
-8.11725
-8.20191
-8.28577
-8.3688
-8.45101
-8.53238
-8.6129
-8.69257
-8.77138
-8.84932
-8.92638
-9.00256
-9.07784
-9.15223
-9.2257
-9.29827
-9.36991
-9.44062
-9.51039
-9.57922
-9.64709
-9.71401
-9.77997
-9.84495
-9.90895
-9.97198
-10.034
-10.095
-10.1551
-10.2141
-10.2721
-10.3291
-10.385
-10.44
-10.4938
-10.5467
-10.5985
-10.6492
-10.6989
-10.7475
-10.795
-10.8415
-10.8869
-10.9312
-10.9744
-11.0165
-11.0575
-11.0975
-11.1363
-11.174
-11.2106
-11.2461
-11.2804
-11.3136
-11.3457
-11.3767
-11.4066
-11.4353
-11.4628
-11.4892
-11.5145
-11.5386
-11.5616
-11.5834
-11.6041
-11.6235
-11.6419
-11.6591
-11.6751
-11.6899
-11.7036
-11.7161
-11.7275
-11.7376
-11.7466
-11.7544
-11.7611
-11.7666
-11.7708
-11.774
-11.7759
-11.7767
-11.7763
-11.7747
-11.7719
-11.768
-11.7628
-11.7565
-11.749
-11.7404
-11.7306
-11.7196
-11.7074
-11.694
-11.6795
-11.6638
-11.647
-11.629
-11.6098
-11.5894
-11.5679
-11.5453
-11.5214
-11.4965
-11.4703
-11.443
-11.4146
-11.385
-11.3543
-11.3225
-11.2895
-11.2554
-11.2201
-11.1837
-11.1462
-11.1076
-11.0679
-11.0271
-10.9851
-10.9421
-10.8979
-10.8527
-10.8063
-10.7589
-10.7104
-10.6608
-10.6102
-10.5585
-10.5057
-10.4519
-10.397
-10.3411
-10.2841
-10.2261
-10.1671
-10.107
-10.046
-9.9839
-9.92082
-9.85674
-9.79167
-9.72561
-9.65858
-9.59057
-9.52159
-9.45166
-9.38077
-9.30894
-9.23617
-9.16247
-9.08785
-9.01231
-8.93586
-8.85851
-8.78027
-8.70114
-8.62113
-8.54025
-8.45851
-8.37592
-8.29248
-8.2082
-8.1231
-8.03717
-7.95043
-7.86288
-7.77455
-7.68542
-7.59552
-7.50485
-7.41342
-7.32124
-7.22832
-7.13466
-7.04029
-6.9452
-6.8494
-6.75291
-6.65574
-6.55789
-6.45937
-6.3602
-6.26039
-6.15993
-6.05886
-5.95716
-5.85486
-5.75196
-5.64848
-5.54443
-5.4398
-5.33463
-5.22891
-5.12265
-5.01588
-4.90859
-4.8008
-4.69252
-4.58376
-4.47453
-4.36484
-4.2547
-4.14413
-4.03313
-3.92172
-3.8099
-3.69769
-3.5851
-3.47215
-3.35883
-3.24516
-3.13116
-3.01684
-2.9022
-2.78726
-2.67203
-2.55652
-2.44074
-2.32471
-2.20844
-2.09193
-1.9752
-1.85826
-1.74113
-1.6238
-1.50631
-1.38865
-1.27084
-1.15289
-1.03482
-0.91663
-0.798337
-0.679951
-0.561486
-0.442954
-0.324365
-0.205731
-0.0870653
0.031621
0.150316
0.269008
0.387685
0.506335
0.624946
0.743507
0.862005
0.980429
1.09877
1.21701
1.33514
1.45314
1.57102
1.68875
1.80632
1.92372
2.04094
2.15797
2.2748
2.39141
2.50779
2.62394
2.73983
2.85546
2.97082
3.08589
3.20066
3.31513
3.42927
3.54309
3.65656
3.76967
3.88242
3.9948
4.10678
4.21837
4.32954
4.4403
4.55062
4.66049
4.76992
4.87887
4.98735
5.09534
5.20283
5.30981
5.41628
5.52221
5.6276
5.73243
5.83671
5.94041
6.04353
6.14605
6.24797
6.34927
6.44995
6.55
6.6494
6.74814
6.84622
6.94363
7.04035
7.13638
7.2317
7.32631
7.42019
7.51334
7.60575
7.69741
7.78831
7.87844
7.96779
8.05635
8.14412
8.23108
8.31722
8.40255
8.48704
8.57069
8.65349
8.73543
8.81651
8.89672
8.97604
9.05448
9.13201
9.20864
9.28436
9.35916
9.43303
9.50596
9.57795
9.64899
9.71907
9.78819
9.85633
9.9235
9.98968
10.0549
10.1191
10.1822
10.2444
10.3056
10.3657
10.4248
10.4828
10.5399
10.5958
10.6508
10.7046
10.7574
10.8091
10.8598
10.9093
10.9578
11.0052
11.0515
11.0967
11.1408
11.1838
11.2256
11.2664
11.306
11.3445
11.3818
11.4181
11.4532
11.4871
11.5199
11.5516
11.5821
11.6114
11.6396
11.6666
11.6925
11.7172
11.7407
11.7631
11.7843
11.8043
11.8231
11.8408
11.8572
11.8725
11.8866
11.8995
11.9112
11.9218
11.9311
11.9393
11.9462
11.952
11.9565
11.9599
11.9621
11.9631
11.9629
11.9614
11.9588
11.955
11.95
11.9438
11.9364
11.9278
11.9181
11.9071
11.8949
11.8816
11.867
11.8513
11.8344
11.8163
11.797
11.7765
11.7549
11.732
11.708
11.6829
11.6565
11.629
11.6003
11.5705
11.5395
11.5073
11.474
11.4395
11.4039
11.3671
11.3293
11.2902
11.2501
11.2088
11.1663
11.1228
11.0781
11.0324
10.9855
10.9375
10.8884
10.8382
10.787
10.7346
10.6812
10.6267
10.5711
10.5145
10.4568
10.3981
10.3383
10.2775
10.2156
10.1527
10.0888
10.0239
9.95798
9.89105
9.82312
9.7542
9.6843
9.61342
9.54158
9.46877
9.39501
9.3203
9.24466
9.16808
9.09058
9.01216
8.93283
8.8526
8.77147
8.68947
8.60658
8.52283
8.43821
8.35274
8.26643
8.17928
8.09131
8.00252
7.91292
7.82252
7.73133
7.63935
7.54661
7.45309
7.35883
7.26382
7.16807
7.0716
6.97441
6.87651
6.77791
6.67863
6.57867
6.47804
6.37676
6.27482
6.17225
6.06905
5.96524
5.86081
5.75579
5.65019
5.54401
5.43726
5.32996
5.22211
5.11374
5.00484
4.89543
4.78551
4.67511
4.56423
4.45289
4.34108
4.22883
4.11615
4.00304
3.88953
3.77561
3.6613
3.54662
3.43157
3.31616
3.20041
3.08433
2.96793
2.85123
2.73422
2.61693
2.49937
2.38154
2.26347
2.14515
2.02661
1.90786
1.7889
1.66975
1.55043
1.43093
1.31129
1.19149
1.07157
0.951528
0.831379
0.711135
0.590807
0.470409
0.349951
0.229446
0.108906
-0.0116563
-0.13223
-0.252802
-0.373361
-0.493895
-0.614392
-0.734839
-0.855225
-0.975537
-1.09576
-1.21589
-1.33591
-1.45581
-1.57558
-1.69519
-1.81466
-1.93395
-2.05306
-2.17197
-2.29069
-2.40918
-2.52745
-2.64547
-2.76324
-2.88075
-2.99798
-3.11492
-3.23157
-3.3479
-3.4639
-3.57958
-3.69491
-3.80987
-3.92447
-4.03869
-4.15252
-4.26594
-4.37895
-4.49153
-4.60367
-4.71537
-4.8266
-4.93736
-5.04764
-5.15742
-5.2667
-5.37547
-5.48371
-5.59141
-5.69856
-5.80515
-5.91118
-6.01662
-6.12147
-6.22572
-6.32936
-6.43237
-6.53475
-6.63649
-6.73758
-6.838
-6.93775
-7.03681
-7.13518
-7.23285
-7.3298
-7.42603
-7.52153
-7.61628
-7.71029
-7.80353
-7.896
-7.98769
-8.07858
-8.16869
-8.25798
-8.34645
-8.4341
-8.52092
-8.60689
-8.69201
-8.77627
-8.85966
-8.94218
-9.0238
-9.10453
-9.18436
-9.26328
-9.34129
-9.41836
-9.4945
-9.5697
-9.64395
-9.71724
-9.78957
-9.86093
-9.9313
-10.0007
-10.0691
-10.1365
-10.2029
-10.2683
-10.3326
-10.3959
-10.4582
-10.5195
-10.5797
-10.6389
-10.697
-10.754
-10.81
-10.8649
-10.9187
-10.9714
-11.023
-11.0736
-11.123
-11.1713
-11.2186
-11.2647
-11.3096
-11.3535
-11.3962
-11.4378
-11.4782
-11.5175
-11.5557
-11.5927
-11.6285
-11.6632
-11.6967
-11.7291
-11.7603
-11.7903
-11.8191
-11.8468
-11.8732
-11.8985
-11.9226
-11.9456
-11.9673
-11.9878
-12.0071
-12.0253
-12.0422
-12.0579
-12.0725
-12.0858
-12.0979
-12.1088
-12.1185
-12.127
-12.1342
-12.1403
-12.1451
-12.1488
-12.1512
-12.1524
-12.1524
-12.1511
-12.1487
-12.145
-12.1402
-12.1341
-12.1268
-12.1182
-12.1085
-12.0976
-12.0854
-12.0721
-12.0575
-12.0417
-12.0247
-12.0065
-11.9872
-11.9666
-11.9448
-11.9218
-11.8976
-11.8722
-11.8457
-11.8179
-11.789
-11.7589
-11.7276
-11.6951
-11.6615
-11.6267
-11.5907
-11.5535
-11.5152
-11.4758
-11.4352
-11.3934
-11.3505
-11.3065
-11.2613
-11.215
-11.1676
-11.119
-11.0693
-11.0186
-10.9667
-10.9137
-10.8596
-10.8044
-10.7482
-10.6908
-10.6324
-10.5729
-10.5124
-10.4508
-10.3881
-10.3244
-10.2596
-10.1939
-10.1271
-10.0593
-9.99042
-9.92058
-9.84974
-9.77791
-9.70509
-9.6313
-9.55654
-9.48081
-9.40413
-9.3265
-9.24792
-9.16842
-9.08799
-9.00665
-8.92439
-8.84124
-8.75719
-8.67226
-8.58645
-8.49978
-8.41225
-8.32386
-8.23464
-8.14458
-8.0537
-7.96201
-7.86951
-7.77621
-7.68213
-7.58727
-7.49164
-7.39525
-7.29811
-7.20024
-7.10163
-7.00231
-6.90227
-6.80153
-6.70011
-6.598
-6.49522
-6.39179
-6.2877
-6.18297
-6.07762
-5.97165
-5.86507
-5.75789
-5.65013
-5.54179
-5.43288
-5.32342
-5.21342
-5.10289
-4.99183
-4.88026
-4.7682
-4.65564
-4.54261
-4.42912
-4.31517
-4.20078
-4.08595
-3.97071
-3.85505
-3.739
-3.62257
-3.50576
-3.38859
-3.27106
-3.1532
-3.03501
-2.91651
-2.7977
-2.6786
-2.55923
-2.43958
-2.31968
-2.19953
-2.07915
-1.95855
-1.83775
-1.71675
-1.59556
-1.4742
-1.35269
-1.23102
-1.10922
-0.987299
-0.865265
-0.743133
-0.620914
-0.49862
-0.376265
-0.253859
-0.131417
-0.00894824
0.113533
0.236016
0.358487
0.480934
0.603345
0.725709
0.848012
0.970243
1.09239
1.21444
1.33638
1.45819
1.57988
1.70142
1.8228
1.94401
2.06504
2.18587
2.3065
2.42691
2.54708
2.66702
2.7867
2.90611
3.02525
3.14409
3.26264
3.38086
3.49877
3.61633
3.73354
3.85039
3.96687
4.08297
4.19866
4.31395
4.42882
4.54326
4.65725
4.77079
4.88387
4.99646
5.10857
5.22018
5.33128
5.44186
5.5519
5.6614
5.77034
5.87872
5.98652
6.09373
6.20035
6.30635
6.41174
6.51649
6.6206
6.72406
6.82686
6.92899
7.03043
7.13119
7.23123
7.33057
7.42918
7.52706
7.62419
7.72058
7.8162
7.91105
8.00511
8.09839
8.19087
8.28253
8.37338
8.4634
8.55258
8.64091
8.72839
8.81501
8.90075
8.98561
9.06958
9.15265
9.23482
9.31607
9.3964
9.47579
9.55425
9.63175
9.70831
9.7839
9.85851
9.93215
10.0048
10.0765
10.1471
10.2168
10.2854
10.353
10.4196
10.4852
10.5497
10.6131
10.6756
10.7369
10.7972
10.8564
10.9145
10.9715
11.0275
11.0823
11.1361
11.1887
11.2403
11.2907
11.34
11.3881
11.4351
11.481
11.5257
11.5693
11.6118
11.653
11.6932
11.7321
11.7699
11.8065
11.842
11.8762
11.9093
11.9412
11.9718
12.0013
12.0296
12.0567
12.0826
12.1073
12.1308
12.1531
12.1741
12.194
12.2126
12.23
12.2462
12.2612
12.2749
12.2874
12.2987
12.3088
12.3176
12.3252
12.3315
12.3367
12.3406
12.3432
12.3447
12.3448
12.3438
12.3415
12.338
12.3333
12.3273
12.3201
12.3117
12.302
12.2911
12.2789
12.2656
12.251
12.2352
12.2181
12.1999
12.1804
12.1597
12.1377
12.1146
12.0902
12.0647
12.0379
12.0099
11.9807
11.9503
11.9187
11.8859
11.852
11.8168
11.7805
11.7429
11.7042
11.6643
11.6233
11.5811
11.5377
11.4931
11.4475
11.4006
11.3526
11.3035
11.2532
11.2018
11.1493
11.0957
11.0409
10.9851
10.9281
10.87
10.8109
10.7506
10.6893
10.6269
10.5634
10.4989
10.4333
10.3667
10.299
10.2303
10.1605
10.0898
10.018
9.94517
9.87137
9.79657
9.72079
9.64403
9.5663
9.4876
9.40795
9.32735
9.2458
9.16333
9.07993
8.99561
8.91039
8.82426
8.73725
8.64935
8.56058
8.47094
8.38045
8.28911
8.19693
8.10393
8.0101
7.91546
7.82003
7.7238
7.62679
7.529
7.43046
7.33116
7.23112
7.13034
7.02884
6.92663
6.82372
6.72011
6.61582
6.51086
6.40524
6.29896
6.19205
6.0845
5.97634
5.86757
5.7582
5.64824
5.53771
5.42661
5.31496
5.20277
5.09004
4.9768
4.86305
4.74879
4.63405
4.51884
4.40317
4.28704
4.17047
4.05347
3.93606
3.81824
3.70002
3.58143
3.46246
3.34314
3.22347
3.10347
2.98314
2.8625
2.74157
2.62035
2.49885
2.37709
2.25509
2.13284
2.01037
1.88769
1.7648
1.64173
1.51848
1.39506
1.2715
1.14779
1.02396
0.900013
0.775963
0.651823
0.527605
0.403323
0.278987
0.154611
0.0302077
-0.0942115
-0.218634
-0.343046
-0.467437
-0.591794
-0.716104
-0.840354
-0.964533
-1.08863
-1.21263
-1.33652
-1.46029
-1.58392
-1.70741
-1.83074
-1.9539
-2.07688
-2.19966
-2.32223
-2.44458
-2.5667
-2.68858
-2.8102
-2.93155
-3.05262
-3.1734
-3.29387
-3.41403
-3.53385
-3.65334
-3.77247
-3.89123
-4.00962
-4.12762
-4.24521
-4.3624
-4.47916
-4.59548
-4.71136
-4.82678
-4.94172
-5.05619
-5.17015
-5.28362
-5.39656
-5.50898
-5.62086
-5.73219
-5.84295
-5.95314
-6.06275
-6.17176
-6.28017
-6.38796
-6.49512
-6.60164
-6.70751
-6.81273
-6.91727
-7.02113
-7.1243
-7.22676
-7.32852
-7.42955
-7.52985
-7.6294
-7.7282
-7.82624
-7.92351
-8.01999
-8.11569
-8.21058
-8.30465
-8.39791
-8.49034
-8.58193
-8.67266
-8.76254
-8.85156
-8.93969
-9.02694
-9.1133
-9.19875
-9.2833
-9.36692
-9.44961
-9.53137
-9.61219
-9.69205
-9.77094
-9.84887
-9.92583
-10.0018
-10.0768
-10.1507
-10.2237
-10.2957
-10.3666
-10.4365
-10.5054
-10.5732
-10.6399
-10.7057
-10.7703
-10.8339
-10.8964
-10.9578
-11.0181
-11.0774
-11.1355
-11.1925
-11.2484
-11.3032
-11.3569
-11.4094
-11.4608
-11.5111
-11.5602
-11.6081
-11.6549
-11.7006
-11.7451
-11.7884
-11.8305
-11.8715
-11.9112
-11.9498
-11.9872
-12.0234
-12.0584
-12.0922
-12.1248
-12.1562
-12.1863
-12.2153
-12.243
-12.2695
-12.2948
-12.3189
-12.3417
-12.3633
-12.3837
-12.4028
-12.4207
-12.4374
-12.4528
-12.467
-12.4799
-12.4915
-12.502
-12.5112
-12.5191
-12.5258
-12.5312
-12.5354
-12.5383
-12.5399
-12.5403
-12.5395
-12.5374
-12.5341
-12.5294
-12.5236
-12.5165
-12.5081
-12.4985
-12.4876
-12.4755
-12.4622
-12.4475
-12.4317
-12.4146
-12.3962
-12.3766
-12.3558
-12.3338
-12.3105
-12.2859
-12.2602
-12.2332
-12.2049
-12.1755
-12.1448
-12.113
-12.0799
-12.0455
-12.01
-11.9733
-11.9354
-11.8963
-11.856
-11.8145
-11.7718
-11.7279
-11.6829
-11.6366
-11.5893
-11.5407
-11.491
-11.4401
-11.3881
-11.335
-11.2807
-11.2253
-11.1687
-11.111
-11.0522
-10.9923
-10.9313
-10.8692
-10.806
-10.7417
-10.6763
-10.6099
-10.5424
-10.4738
-10.4042
-10.3335
-10.2618
-10.189
-10.1152
-10.0404
-9.96464
-9.88783
-9.81002
-9.73122
-9.65145
-9.5707
-9.48898
-9.40631
-9.32269
-9.23813
-9.15263
-9.06621
-8.97888
-8.89064
-8.8015
-8.71148
-8.62057
-8.52879
-8.43615
-8.34266
-8.24832
-8.15315
-8.05716
-7.96034
-7.86273
-7.76431
-7.66512
-7.56514
-7.4644
-7.3629
-7.26065
-7.15767
-7.05397
-6.94954
-6.84441
-6.73859
-6.63208
-6.5249
-6.41706
-6.30856
-6.19942
-6.08965
-5.97926
-5.86826
-5.75666
-5.64448
-5.53172
-5.4184
-5.30452
-5.1901
-5.07515
-4.95969
-4.84371
-4.72724
-4.61028
-4.49285
-4.37496
-4.25662
-4.13785
-4.01865
-3.89903
-3.77901
-3.6586
-3.53782
-3.41667
-3.29516
-3.17331
-3.05114
-2.92864
-2.80584
-2.68275
-2.55938
-2.43574
-2.31184
-2.1877
-2.06333
-1.93874
-1.81394
-1.68895
-1.56378
-1.43844
-1.31294
-1.1873
-1.06153
-0.935641
-0.809644
-0.683553
-0.557381
-0.431141
-0.304846
-0.178507
-0.0521376
0.0742495
0.200642
0.327027
0.453392
0.579724
0.706011
0.83224
0.958398
1.08447
1.21045
1.33632
1.46207
1.58769
1.71316
1.83847
1.96361
2.08857
2.21332
2.33788
2.4622
2.5863
2.71015
2.83374
2.95706
3.0801
3.20284
3.32527
3.44738
3.56916
3.6906
3.81168
3.93238
4.05271
4.17265
4.29218
4.41129
4.52997
4.64821
4.766
4.88333
5.00017
5.11653
5.23239
5.34774
5.46256
5.57685
5.6906
5.80378
5.9164
6.02843
6.13988
6.25072
6.36095
6.47055
6.57952
6.68784
6.7955
6.90249
7.0088
7.11442
7.21935
7.32356
7.42705
7.5298
7.63182
7.73308
7.83357
7.9333
8.03224
8.13039
8.22773
8.32426
8.41997
8.51484
8.60888
8.70206
8.79438
8.88583
8.97641
9.06609
9.15487
9.24275
9.32972
9.41576
9.50086
9.58503
9.66824
9.7505
9.83179
9.9121
9.99143
10.0698
10.1471
10.2234
10.2988
10.3731
10.4463
10.5186
10.5897
10.6599
10.7289
10.797
10.8639
10.9297
10.9945
11.0582
11.1208
11.1822
11.2426
11.3018
11.36
11.4169
11.4728
11.5275
11.5811
11.6335
11.6847
11.7348
11.7837
11.8315
11.878
11.9234
11.9676
12.0106
12.0524
12.093
12.1324
12.1706
12.2076
12.2434
12.2779
12.3112
12.3433
12.3742
12.4038
12.4322
12.4593
12.4852
12.5099
12.5333
12.5554
12.5763
12.596
12.6144
12.6315
12.6474
12.662
12.6753
12.6874
12.6982
12.7077
12.716
12.723
12.7287
12.7332
12.7364
12.7383
12.7389
12.7383
12.7363
12.7332
12.7287
12.723
12.716
12.7077
12.6981
12.6873
12.6752
12.6618
12.6472
12.6313
12.6142
12.5957
12.5761
12.5551
12.5329
12.5095
12.4847
12.4588
12.4316
12.4031
12.3734
12.3425
12.3103
12.2769
12.2423
12.2064
12.1693
12.131
12.0914
12.0507
12.0087
11.9656
11.9212
11.8757
11.8289
11.781
11.7319
11.6816
11.6301
11.5775
11.5237
11.4687
11.4126
11.3553
11.2969
11.2374
11.1767
11.115
11.0521
10.988
10.9229
10.8567
10.7894
10.721
10.6515
10.581
10.5093
10.4367
10.3629
10.2882
10.2124
10.1355
10.0577
9.97882
9.89894
9.81807
9.73621
9.65337
9.56955
9.48477
9.39903
9.31234
9.22471
9.13616
9.04667
8.95628
8.86498
8.77279
8.6797
8.58574
8.49092
8.39523
8.2987
8.20132
8.10312
8.0041
7.90426
7.80363
7.7022
7.6
7.49702
7.39329
7.2888
7.18358
7.07762
6.97095
6.86357
6.75549
6.64673
6.53729
6.42719
6.31643
6.20503
6.093
5.98035
5.86709
5.75323
5.63878
5.52376
5.40818
5.29204
5.17536
5.05815
4.94043
4.8222
4.70347
4.58426
4.46459
4.34445
4.22387
4.10285
3.98141
3.85956
3.73731
3.61468
3.49167
3.3683
3.24459
3.12053
2.99615
2.87146
2.74647
2.62119
2.49564
2.36982
2.24376
2.11746
1.99093
1.86419
1.73726
1.61013
1.48284
1.35538
1.22777
1.10003
0.972168
0.844194
0.716122
0.587966
0.459738
0.331452
0.203119
0.0747538
-0.0536321
-0.182025
-0.310413
-0.438783
-0.567122
-0.695417
-0.823655
-0.951824
-1.07991
-1.2079
-1.33578
-1.46355
-1.59118
-1.71866
-1.84598
-1.97313
-2.1001
-2.22687
-2.35343
-2.47976
-2.60587
-2.73172
-2.85731
-2.98263
-3.10767
-3.2324
-3.35683
-3.48093
-3.60469
-3.72811
-3.85117
-3.97385
-4.09615
-4.21806
-4.33955
-4.46062
-4.58126
-4.70145
-4.82118
-4.94044
-5.05922
-5.17751
-5.29529
-5.41255
-5.52928
-5.64548
-5.76112
-5.87619
-5.99069
-6.1046
-6.21791
-6.33061
-6.44269
-6.55414
-6.66494
-6.77508
-6.88456
-6.99337
-7.10148
-7.2089
-7.3156
-7.42158
-7.52684
-7.63135
-7.7351
-7.8381
-7.94032
-8.04176
-8.1424
-8.24224
-8.34126
-8.43946
-8.53683
-8.63335
-8.72902
-8.82382
-8.91776
-9.01081
-9.10296
-9.19422
-9.28457
-9.37399
-9.46249
-9.55005
-9.63667
-9.72233
-9.80703
-9.89075
-9.97349
-10.0552
-10.136
-10.2158
-10.2945
-10.3722
-10.4489
-10.5245
-10.5992
-10.6727
-10.7452
-10.8166
-10.887
-10.9562
-11.0244
-11.0915
-11.1575
-11.2224
-11.2861
-11.3488
-11.4103
-11.4706
-11.5299
-11.5879
-11.6449
-11.7006
-11.7553
-11.8087
-11.861
-11.912
-11.9619
-12.0106
-12.0581
-12.1044
-12.1495
-12.1934
-12.2361
-12.2776
-12.3178
-12.3568
-12.3946
-12.4311
-12.4664
-12.5005
-12.5333
-12.5648
-12.5951
-12.6242
-12.652
-12.6785
-12.7038
-12.7278
-12.7505
-12.7719
-12.7921
-12.811
-12.8286
-12.845
-12.86
-12.8738
-12.8863
-12.8975
-12.9074
-12.916
-12.9233
-12.9293
-12.9341
-12.9375
-12.9397
-12.9406
-12.9401
-12.9384
-12.9354
-12.9311
-12.9255
-12.9186
-12.9104
-12.9009
-12.8901
-12.8781
-12.8647
-12.8501
-12.8341
-12.8169
-12.7984
-12.7786
-12.7576
-12.7352
-12.7116
-12.6867
-12.6606
-12.6332
-12.6045
-12.5745
-12.5433
-12.5108
-12.4771
-12.4421
-12.4059
-12.3684
-12.3297
-12.2898
-12.2486
-12.2062
-12.1626
-12.1177
-12.0716
-12.0243
-11.9759
-11.9262
-11.8753
-11.8232
-11.7699
-11.7155
-11.6598
-11.603
-11.5451
-11.4859
-11.4257
-11.3642
-11.3017
-11.238
-11.1731
-11.1072
-11.0401
-10.9719
-10.9026
-10.8322
-10.7607
-10.6881
-10.6145
-10.5398
-10.464
-10.3872
-10.3093
-10.2304
-10.1505
-10.0695
-9.98752
-9.90454
-9.82055
-9.73557
-9.64961
-9.56268
-9.47479
-9.38593
-9.29613
-9.20539
-9.11372
-9.02113
-8.92763
-8.83323
-8.73794
-8.64176
-8.5447
-8.44679
-8.34801
-8.2484
-8.14795
-8.04667
-7.94458
-7.84169
-7.738
-7.63352
-7.52827
-7.42226
-7.3155
-7.20799
-7.09976
-6.9908
-6.88113
-6.77076
-6.65971
-6.54797
-6.43558
-6.32252
-6.20882
-6.0945
-5.97955
-5.86399
-5.74783
-5.63108
-5.51377
-5.39588
-5.27745
-5.15848
-5.03898
-4.91896
-4.79844
-4.67743
-4.55594
-4.43398
-4.31156
-4.1887
-4.06541
-3.9417
-3.81759
-3.69308
-3.56819
-3.44293
-3.31731
-3.19135
-3.06505
-2.93844
-2.81152
-2.68431
-2.55682
-2.42905
-2.30104
-2.17277
-2.04428
-1.91558
-1.78666
-1.65756
-1.52827
-1.39883
-1.26922
-1.13948
-1.00961
-0.879632
-0.749548
-0.619377
-0.489131
-0.358823
-0.228465
-0.0980724
0.0323434
0.162769
0.293192
0.423598
0.553975
0.684309
0.814588
0.944799
1.07493
1.20496
1.33489
1.4647
1.59437
1.7239
1.85326
1.98246
2.11147
2.24028
2.36888
2.49726
2.6254
2.75329
2.88091
3.00826
3.13533
3.26209
3.38854
3.51466
3.64045
3.76588
3.89095
4.01564
4.13994
4.26385
4.38733
4.51039
4.63302
4.75519
4.8769
4.99813
5.11887
5.23912
5.35885
5.47806
5.59673
5.71486
5.83242
5.94942
6.06583
6.18165
6.29686
6.41145
6.52541
6.63873
6.7514
6.8634
6.97473
7.08537
7.19532
7.30456
7.41307
7.52086
7.6279
7.7342
7.83973
7.94449
8.04846
8.15164
8.25401
8.35557
8.4563
8.5562
8.65525
8.75345
8.85078
8.94724
9.04281
9.13748
9.23125
9.32411
9.41605
9.50705
9.59711
9.68622
9.77437
9.86155
9.94775
10.033
10.1172
10.2004
10.2826
10.3638
10.444
10.5231
10.6012
10.6782
10.7542
10.8291
10.9029
10.9756
11.0473
11.1178
11.1873
11.2556
11.3228
11.3889
11.4539
11.5177
11.5804
11.6419
11.7023
11.7615
11.8195
11.8764
11.932
11.9865
12.0398
12.0919
12.1428
12.1925
12.2409
12.2882
12.3342
12.379
12.4226
12.4649
12.506
12.5458
12.5844
12.6217
12.6578
12.6926
12.7261
12.7584
12.7894
12.8191
12.8476
12.8747
12.9006
12.9252
12.9485
12.9705
12.9912
13.0106
13.0288
13.0456
13.0611
13.0753
13.0882
13.0998
13.1101
13.1191
13.1267
13.1331
13.1381
13.1419
13.1443
13.1454
13.1452
13.1436
13.1408
13.1366
13.1312
13.1244
13.1163
13.1069
13.0961
13.0841
13.0708
13.0561
13.0402
13.0229
13.0043
12.9844
12.9633
12.9408
12.917
12.892
12.8656
12.838
12.8091
12.7789
12.7474
12.7146
12.6805
12.6452
12.6086
12.5708
12.5317
12.4913
12.4497
12.4068
12.3627
12.3174
12.2708
12.223
12.1739
12.1236
12.0721
12.0194
11.9655
11.9104
11.8541
11.7966
11.7379
11.6781
11.617
11.5548
11.4915
11.4269
11.3613
11.2945
11.2265
11.1574
11.0872
11.0159
10.9435
10.8699
10.7953
10.7196
10.6428
10.565
10.486
10.4061
10.325
10.243
10.1599
10.0757
9.99058
9.90443
9.81728
9.72914
9.64001
9.54992
9.45886
9.36684
9.27388
9.17998
9.08516
8.98942
8.89277
8.79522
8.69678
8.59746
8.49727
8.39622
8.29432
8.19159
8.08802
7.98363
7.87844
7.77244
7.66566
7.5581
7.44978
7.3407
7.23087
7.12031
7.00903
6.89703
6.78434
6.67095
6.55689
6.44216
6.32677
6.21074
6.09408
5.97679
5.8589
5.74041
5.62133
5.50168
5.38146
5.2607
5.1394
5.01757
4.89522
4.77238
4.64905
4.52524
4.40096
4.27623
4.15106
4.02547
3.89946
3.77304
3.64624
3.51906
3.39151
3.26362
3.13538
3.00682
2.87794
2.74876
2.6193
2.48956
2.35956
2.22931
2.09882
1.96811
1.83719
1.70607
1.57477
1.4433
1.31168
1.1799
1.048
0.915978
0.783851
0.651633
0.519337
0.386976
0.254562
0.12211
-0.0103676
-0.142857
-0.275346
-0.407821
-0.540268
-0.672674
-0.805026
-0.937311
-1.06952
-1.20163
-1.33363
-1.46551
-1.59726
-1.72887
-1.86031
-1.99158
-2.12267
-2.25355
-2.38423
-2.51467
-2.64488
-2.77484
-2.90454
-3.03395
-3.16308
-3.2919
-3.42041
-3.54858
-3.67642
-3.8039
-3.93101
-4.05774
-4.18408
-4.31001
-4.43553
-4.56061
-4.68525
-4.80944
-4.93315
-5.05639
-5.17913
-5.30137
-5.42308
-5.54427
-5.66492
-5.78501
-5.90453
-6.02348
-6.14183
-6.25959
-6.37672
-6.49324
-6.60911
-6.72434
-6.8389
-6.9528
-7.06601
-7.17852
-7.29033
-7.40141
-7.51177
-7.62139
-7.73026
-7.83837
-7.9457
-8.05225
-8.15801
-8.26296
-8.36709
-8.4704
-8.57287
-8.6745
-8.77526
-8.87516
-8.97418
-9.07232
-9.16955
-9.26588
-9.3613
-9.45578
-9.54933
-9.64194
-9.73359
-9.82427
-9.91398
-10.0027
-10.0905
-10.1772
-10.2629
-10.3476
-10.4313
-10.514
-10.5956
-10.6761
-10.7556
-10.834
-10.9114
-10.9877
-11.0628
-11.1369
-11.2099
-11.2818
-11.3525
-11.4221
-11.4906
-11.5579
-11.6241
-11.6891
-11.753
-11.8157
-11.8772
-11.9376
-11.9967
-12.0547
-12.1114
-12.167
-12.2213
-12.2744
-12.3263
-12.377
-12.4265
-12.4747
-12.5216
-12.5673
-12.6118
-12.655
-12.697
-12.7376
-12.7771
-12.8152
-12.852
-12.8876
-12.9219
-12.9549
-12.9866
-13.017
-13.0462
-13.074
-13.1005
-13.1257
-13.1496
-13.1722
-13.1934
-13.2134
-13.232
-13.2493
-13.2653
-13.28
-13.2933
-13.3053
-13.316
-13.3253
-13.3333
-13.34
-13.3454
-13.3494
-13.352
-13.3534
-13.3534
-13.3521
-13.3494
-13.3454
-13.3401
-13.3334
-13.3254
-13.3161
-13.3054
-13.2934
-13.2801
-13.2654
-13.2494
-13.2321
-13.2135
-13.1935
-13.1723
-13.1497
-13.1257
-13.1005
-13.074
-13.0461
-13.0169
-12.9865
-12.9547
-12.9216
-12.8873
-12.8516
-12.8147
-12.7764
-12.7369
-12.6961
-12.6541
-12.6107
-12.5661
-12.5203
-12.4732
-12.4248
-12.3752
-12.3243
-12.2722
-12.2189
-12.1643
-12.1086
-12.0516
-11.9934
-11.934
-11.8734
-11.8116
-11.7486
-11.6844
-11.6191
-11.5525
-11.4849
-11.416
-11.3461
-11.2749
-11.2027
-11.1293
-11.0548
-10.9792
-10.9025
-10.8246
-10.7457
-10.6657
-10.5847
-10.5025
-10.4193
-10.3351
-10.2498
-10.1635
-10.0762
-9.9878
-9.89843
-9.80807
-9.71671
-9.62438
-9.53107
-9.4368
-9.34158
-9.24541
-9.14831
-9.05028
-8.95134
-8.8515
-8.75076
-8.64913
-8.54663
-8.44327
-8.33905
-8.23398
-8.12808
-8.02136
-7.91383
-7.80549
-7.69636
-7.58645
-7.47578
-7.36434
-7.25215
-7.13923
-7.02559
-6.91123
-6.79616
-6.68041
-6.56398
-6.44688
-6.32912
-6.21072
-6.09168
-5.97202
-5.85176
-5.7309
-5.60945
-5.48743
-5.36484
-5.24171
-5.11805
-4.99386
-4.86915
-4.74395
-4.61826
-4.4921
-4.36547
-4.2384
-4.11088
-3.98295
-3.8546
-3.72586
-3.59673
-3.46722
-3.33736
-3.20715
-3.07661
-2.94575
-2.81457
-2.68311
-2.55136
-2.41935
-2.28708
-2.15456
-2.02182
-1.88886
-1.7557
-1.62236
-1.48883
-1.35515
-1.22131
-1.08734
-0.953251
-0.81905
-0.684753
-0.550375
-0.415928
-0.281427
-0.146883
-0.0123119
0.122274
0.256862
0.391437
0.525986
0.660497
0.794954
0.929346
1.06366
1.19788
1.33199
1.46598
1.59984
1.73356
1.86711
2.00049
2.13368
2.26668
2.39946
2.53201
2.66432
2.79638
2.92818
3.05969
3.19091
3.32183
3.45242
3.58269
3.71261
3.84217
3.97136
4.10016
4.22857
4.35657
4.48414
4.61128
4.73797
4.8642
4.98996
5.11523
5.24
5.36426
5.48799
5.61119
5.73384
5.85593
5.97744
6.09837
6.2187
6.33843
6.45753
6.57599
6.69381
6.81098
6.92747
7.04328
7.1584
7.27282
7.38652
7.49949
7.61172
7.72321
7.83393
7.94388
8.05305
8.16142
8.26899
8.37574
8.48166
8.58675
8.69099
8.79437
8.89688
8.99851
9.09925
9.19909
9.29802
9.39603
9.49312
9.58926
9.68445
9.77869
9.87195
9.96424
10.0555
10.1458
10.2351
10.3234
10.4107
10.4969
10.5821
10.6662
10.7493
10.8313
10.9123
10.9921
11.0709
11.1486
11.2251
11.3006
11.3749
11.4481
11.5201
11.591
11.6608
11.7294
11.7968
11.8631
11.9281
11.992
12.0547
12.1162
12.1765
12.2356
12.2935
12.3501
12.4055
12.4597
12.5126
12.5643
12.6148
12.6639
12.7119
12.7585
12.8039
12.848
12.8908
12.9324
12.9726
13.0116
13.0493
13.0856
13.1207
13.1544
13.1869
13.218
13.2478
13.2763
13.3034
13.3292
13.3537
13.3769
13.3987
13.4192
13.4384
13.4562
13.4726
13.4878
13.5015
13.514
13.525
13.5348
13.5431
13.5501
13.5558
13.5601
13.5631
13.5647
13.5649
13.5638
13.5613
13.5575
13.5523
13.5458
13.5379
13.5286
13.518
13.506
13.4927
13.4781
13.4621
13.4447
13.426
13.4059
13.3846
13.3618
13.3378
13.3123
13.2856
13.2575
13.2281
13.1974
13.1654
13.132
13.0973
13.0613
13.024
12.9854
12.9455
12.9043
12.8617
12.8179
12.7729
12.7265
12.6788
12.6299
12.5797
12.5283
12.4756
12.4216
12.3664
12.31
12.2523
12.1934
12.1332
12.0719
12.0093
11.9455
11.8805
11.8144
11.747
11.6784
11.6087
11.5378
11.4658
11.3926
11.3182
11.2427
11.1661
11.0884
11.0095
10.9295
10.8485
10.7663
10.683
10.5987
10.5133
10.4269
10.3394
10.2508
10.1612
10.0706
9.979
9.88637
9.79274
9.69812
9.60252
9.50596
9.40843
9.30995
9.21053
9.11018
9.00891
8.90673
8.80365
8.69968
8.59482
8.4891
8.38252
8.27508
8.16681
8.05772
7.9478
7.83708
7.72557
7.61327
7.5002
7.38636
7.27178
7.15646
7.04041
6.92365
6.80618
6.68802
6.56918
6.44967
6.3295
6.20869
6.08725
5.96518
5.84251
5.71924
5.59538
5.47096
5.34597
5.22044
5.09437
4.96778
4.84068
4.71308
4.585
4.45645
4.32744
4.19798
4.06809
3.93779
3.80707
3.67596
3.54447
3.41261
3.2804
3.14785
3.01497
2.88177
2.74828
2.61449
2.48043
2.34611
2.21154
2.07673
1.94171
1.80647
1.67105
1.53544
1.39966
1.26374
1.12767
0.991471
0.855163
0.718756
0.582264
0.4457
0.309077
0.17241
0.0357116
-0.101004
-0.237723
-0.374431
-0.511116
-0.647764
-0.784361
-0.920892
-1.05735
-1.19371
-1.32996
-1.4661
-1.6021
-1.73796
-1.87365
-2.00918
-2.14451
-2.27965
-2.41457
-2.54926
-2.68371
-2.8179
-2.95183
-3.08548
-3.21883
-3.35187
-3.48459
-3.61697
-3.74901
-3.88068
-4.01198
-4.14289
-4.2734
-4.4035
-4.53317
-4.66239
-4.79117
-4.91948
-5.04731
-5.17464
-5.30148
-5.42779
-5.55358
-5.67882
-5.80351
-5.92763
-6.05116
-6.17411
-6.29645
-6.41818
-6.53927
-6.65972
-6.77952
-6.89865
-7.01711
-7.13487
-7.25193
-7.36828
-7.48391
-7.59879
-7.71293
-7.82631
-7.93892
-8.05074
-8.16177
-8.272
-8.38141
-8.48999
-8.59774
-8.70463
-8.81067
-8.91583
-9.02012
-9.12351
-9.226
-9.32758
-9.42823
-9.52796
-9.62674
-9.72456
-9.82143
-9.91732
-10.0122
-10.1061
-10.1991
-10.291
-10.3819
-10.4717
-10.5605
-10.6483
-10.735
-10.8207
-10.9053
-10.9887
-11.0712
-11.1525
-11.2327
-11.3117
-11.3897
-11.4665
-11.5422
-11.6168
-11.6902
-11.7624
-11.8334
-11.9033
-11.972
-12.0395
-12.1058
-12.171
-12.2348
-12.2975
-12.359
-12.4192
-12.4782
-12.536
-12.5925
-12.6477
-12.7017
-12.7544
-12.8059
-12.856
-12.9049
-12.9526
-12.9989
-13.0439
-13.0876
-13.13
-13.1712
-13.211
-13.2494
-13.2866
-13.3224
-13.3569
-13.3901
-13.422
-13.4525
-13.4816
-13.5094
-13.5359
-13.561
-13.5848
-13.6072
-13.6282
-13.6479
-13.6662
-13.6832
-13.6988
-13.713
-13.7259
-13.7373
-13.7475
-13.7562
-13.7636
-13.7695
-13.7741
-13.7774
-13.7792
-13.7797
-13.7788
-13.7765
-13.7729
-13.7678
-13.7614
-13.7536
-13.7445
-13.7339
-13.722
-13.7087
-13.6941
-13.678
-13.6606
-13.6419
-13.6217
-13.6002
-13.5774
-13.5532
-13.5276
-13.5006
-13.4724
-13.4427
-13.4117
-13.3794
-13.3457
-13.3107
-13.2744
-13.2367
-13.1977
-13.1574
-13.1158
-13.0728
-13.0285
-12.9829
-12.9361
-12.8879
-12.8384
-12.7876
-12.7356
-12.6823
-12.6277
-12.5718
-12.5147
-12.4563
-12.3967
-12.3358
-12.2737
-12.2103
-12.1457
-12.0799
-12.0129
-11.9447
-11.8752
-11.8046
-11.7328
-11.6598
-11.5856
-11.5103
-11.4338
-11.3562
-11.2774
-11.1975
-11.1164
-11.0343
-10.951
-10.8666
-10.7811
-10.6946
-10.6069
-10.5182
-10.4284
-10.3376
-10.2458
-10.1529
-10.0589
-9.96399
-9.86804
-9.7711
-9.67317
-9.57426
-9.47439
-9.37356
-9.27178
-9.16907
-9.06542
-8.96086
-8.8554
-8.74903
-8.64179
-8.53366
-8.42468
-8.31484
-8.20415
-8.09264
-7.9803
-7.86716
-7.75322
-7.63849
-7.52299
-7.40672
-7.2897
-7.17194
-7.05345
-6.93424
-6.81433
-6.69372
-6.57243
-6.45048
-6.32786
-6.2046
-6.08071
-5.9562
-5.83108
-5.70536
-5.57906
-5.45219
-5.32477
-5.19679
-5.06829
-4.93926
-4.80973
-4.67971
-4.5492
-4.41823
-4.2868
-4.15493
-4.02263
-3.88991
-3.75679
-3.62329
-3.4894
-3.35516
-3.22056
-3.08564
-2.95038
-2.81482
-2.67897
-2.54283
-2.40643
-2.26977
-2.13287
-1.99575
-1.85841
-1.72087
-1.58314
-1.44525
-1.30719
-1.16899
-1.03066
-0.892212
-0.753662
-0.615022
-0.476307
-0.337531
-0.198707
-0.0598487
0.0790291
0.217913
0.356789
0.495643
0.634461
0.77323
0.911935
1.05056
1.1891
1.32753
1.46585
1.60403
1.74206
1.87993
2.01763
2.15514
2.29245
2.42954
2.56641
2.70303
2.8394
2.97549
3.1113
3.24681
3.38202
3.51689
3.65143
3.78562
3.91944
4.05288
4.18594
4.31858
4.45081
4.58261
4.71396
4.84485
4.97527
5.10521
5.23465
5.36358
5.49198
5.61985
5.74717
5.87393
6.00011
6.12571
6.2507
6.37508
6.49884
6.62196
6.74443
6.86624
6.98738
7.10782
7.22757
7.34661
7.46492
7.5825
7.69934
7.81541
7.93072
8.04524
8.15897
8.2719
8.38401
8.4953
8.60574
8.71534
8.82407
8.93193
9.03892
9.145
9.25019
9.35446
9.4578
9.56021
9.66167
9.76218
9.86172
9.96029
10.0579
10.1544
10.25
10.3446
10.4381
10.5306
10.6221
10.7125
10.8018
10.8901
10.9773
11.0634
11.1484
11.2323
11.3151
11.3967
11.4773
11.5567
11.6349
11.712
11.7879
11.8627
11.9362
12.0086
12.0798
12.1498
12.2186
12.2862
12.3525
12.4176
12.4815
12.5441
12.6055
12.6657
12.7245
12.7822
12.8385
12.8936
12.9473
12.9998
13.051
13.1009
13.1495
13.1968
13.2427
13.2874
13.3307
13.3727
13.4133
13.4527
13.4906
13.5273
13.5626
13.5965
13.6291
13.6603
13.6901
13.7186
13.7457
13.7715
13.7959
13.8188
13.8405
13.8607
13.8795
13.897
13.9131
13.9278
13.9411
13.953
13.9635
13.9726
13.9803
13.9866
13.9915
13.995
13.9972
13.9979
13.9972
13.9951
13.9917
13.9868
13.9805
13.9728
13.9638
13.9533
13.9414
13.9282
13.9135
13.8975
13.88
13.8612
13.841
13.8194
13.7964
13.772
13.7463
13.7191
13.6906
13.6608
13.6295
13.5969
13.5629
13.5276
13.4909
13.4529
13.4135
13.3727
13.3307
13.2873
13.2425
13.1964
13.149
13.1003
13.0503
12.9989
12.9463
12.8923
12.8371
12.7806
12.7228
12.6637
12.6033
12.5417
12.4788
12.4146
12.3492
12.2826
12.2147
12.1456
12.0753
12.0038
11.931
11.8571
11.7819
11.7056
11.6281
11.5494
11.4696
11.3886
11.3065
11.2232
11.1388
11.0533
10.9666
10.8789
10.79
10.7001
10.6091
10.517
10.4239
10.3297
10.2344
10.1382
10.0409
9.94258
9.84327
9.74297
9.64168
9.53941
9.43619
9.33201
9.22688
9.12082
9.01384
8.90595
8.79716
8.68747
8.57691
8.46547
8.35318
8.24005
8.12607
8.01128
7.89567
7.77926
7.66206
7.54408
7.42534
7.30584
7.1856
7.06462
6.94293
6.82054
6.69745
6.57367
6.44923
6.32413
6.19839
6.07201
5.94501
5.81741
5.68921
5.56043
5.43108
5.30117
5.17072
5.03975
4.90825
4.77625
4.64376
4.51079
4.37736
4.24347
4.10915
3.97441
3.83925
3.7037
3.56776
3.43145
3.29478
3.15777
3.02044
2.88278
2.74483
2.60658
2.46806
2.32929
2.19026
2.051
1.91152
1.77184
1.63197
1.49191
1.3517
1.21134
1.07084
0.930217
0.78949
0.64867
0.507771
0.366807
0.225792
0.0847405
-0.0563335
-0.197416
-0.338493
-0.47955
-0.620573
-0.761549
-0.902462
-1.0433
-1.18405
-1.32469
-1.46521
-1.6056
-1.74585
-1.88593
-2.02584
-2.16557
-2.30508
-2.44439
-2.58346
-2.72229
-2.86085
-2.99915
-3.13716
-3.27487
-3.41227
-3.54934
-3.68607
-3.82244
-3.95845
-4.09407
-4.22929
-4.36411
-4.49851
-4.63246
-4.76597
-4.89902
-5.03159
-5.16366
-5.29524
-5.4263
-5.55683
-5.68681
-5.81624
-5.94511
-6.07339
-6.20107
-6.32815
-6.45461
-6.58044
-6.70562
-6.83014
-6.95399
-7.07716
-7.19963
-7.3214
-7.44245
-7.56276
-7.68233
-7.80114
-7.91919
-8.03645
-8.15292
-8.26859
-8.38345
-8.49747
-8.61066
-8.723
-8.83448
-8.94508
-9.05481
-9.16363
-9.27156
-9.37856
-9.48464
-9.58978
-9.69397
-9.79721
-9.89947
-10.0008
-10.101
-10.2003
-10.2986
-10.3959
-10.4921
-10.5873
-10.6815
-10.7746
-10.8666
-10.9575
-11.0474
-11.1361
-11.2238
-11.3103
-11.3957
-11.48
-11.5632
-11.6452
-11.726
-11.8057
-11.8842
-11.9615
-12.0377
-12.1126
-12.1863
-12.2589
-12.3302
-12.4003
-12.4691
-12.5367
-12.6031
-12.6682
-12.732
-12.7946
-12.8559
-12.9159
-12.9747
-13.0321
-13.0883
-13.1431
-13.1967
-13.2489
-13.2998
-13.3494
-13.3976
-13.4446
-13.4901
-13.5344
-13.5773
-13.6188
-13.659
-13.6978
-13.7352
-13.7713
-13.806
-13.8393
-13.8713
-13.9018
-13.931
-13.9588
-13.9852
-14.0102
-14.0338
-14.0559
-14.0767
-14.0961
-14.1141
-14.1307
-14.1458
-14.1596
-14.1719
-14.1828
-14.1923
-14.2004
-14.207
-14.2123
-14.2161
-14.2185
-14.2195
-14.219
-14.2172
-14.2139
-14.2092
-14.203
-14.1955
-14.1865
-14.1761
-14.1643
-14.151
-14.1364
-14.1203
-14.1029
-14.084
-14.0637
-14.042
-14.0189
-13.9943
-13.9684
-13.9411
-13.9124
-13.8823
-13.8508
-13.8179
-13.7836
-13.748
-13.7109
-13.6725
-13.6327
-13.5916
-13.5491
-13.5052
-13.46
-13.4134
-13.3655
-13.3162
-13.2656
-13.2137
-13.1604
-13.1058
-13.05
-12.9927
-12.9342
-12.8744
-12.8133
-12.7509
-12.6873
-12.6223
-12.5561
-12.4886
-12.4199
-12.3499
-12.2787
-12.2062
-12.1325
-12.0576
-11.9815
-11.9042
-11.8257
-11.7459
-11.665
-11.583
-11.4997
-11.4153
-11.3298
-11.2431
-11.1553
-11.0663
-10.9763
-10.8851
-10.7928
-10.6995
-10.605
-10.5095
-10.413
-10.3154
-10.2167
-10.117
-10.0163
-9.91458
-9.81186
-9.70814
-9.60345
-9.49778
-9.39115
-9.28357
-9.17506
-9.06561
-8.95525
-8.84398
-8.73182
-8.61877
-8.50485
-8.39007
-8.27443
-8.15796
-8.04066
-7.92255
-7.80363
-7.68391
-7.56342
-7.44216
-7.32014
-7.19738
-7.07389
-6.94967
-6.82475
-6.69914
-6.57284
-6.44587
-6.31824
-6.18997
-6.06107
-5.93155
-5.80143
-5.67071
-5.5394
-5.40754
-5.27512
-5.14215
-5.00866
-4.87466
-4.74016
-4.60516
-4.4697
-4.33377
-4.1974
-4.06059
-3.92336
-3.78573
-3.64771
-3.5093
-3.37053
-3.23142
-3.09196
-2.95218
-2.81209
-2.67171
-2.53104
-2.39011
-2.24892
-2.1075
-1.96585
-1.82399
-1.68193
-1.53969
-1.39729
-1.25473
-1.11202
-0.969198
-0.826261
-0.683226
-0.540109
-0.396924
-0.253684
-0.110405
0.0328998
0.176215
0.319528
0.462822
0.606085
0.749302
0.892458
1.03554
1.17853
1.32142
1.46419
1.60683
1.74932
1.89165
2.03381
2.17577
2.31754
2.45908
2.6004
2.74146
2.88227
3.02281
3.16305
3.303
3.44262
3.58192
3.72087
3.85947
3.99769
4.13553
4.27296
4.40999
4.54658
4.68274
4.81844
4.95367
5.08842
5.22268
5.35642
5.48964
5.62233
5.75447
5.88605
6.01705
6.14746
6.27727
6.40647
6.53504
6.66297
6.79024
6.91685
7.04278
7.16802
7.29255
7.41637
7.53945
7.6618
7.78339
7.90422
8.02426
8.14352
8.26197
8.37961
8.49643
8.6124
8.72753
8.84179
8.95518
9.06769
9.1793
9.29001
9.3998
9.50866
9.61658
9.72354
9.82955
9.93458
10.0386
10.1417
10.2437
10.3448
10.4448
10.5438
10.6417
10.7386
10.8344
10.9292
11.0228
11.1154
11.2068
11.2972
11.3864
11.4745
11.5615
11.6473
11.732
11.8155
11.8978
11.9789
12.0589
12.1376
12.2152
12.2915
12.3666
12.4405
12.5132
12.5846
12.6547
12.7236
12.7912
12.8576
12.9227
12.9865
13.049
13.1102
13.1701
13.2286
13.2859
13.3418
13.3965
13.4497
13.5017
13.5523
13.6015
13.6494
13.6959
13.7411
13.7849
13.8273
13.8684
13.908
13.9463
13.9832
14.0187
14.0528
14.0855
14.1167
14.1466
14.1751
14.2021
14.2278
14.252
14.2748
14.2961
14.316
14.3346
14.3516
14.3673
14.3815
14.3942
14.4056
14.4155
14.4239
14.4309
14.4365
14.4406
14.4433
14.4445
14.4443
14.4427
14.4396
14.435
14.429
14.4216
14.4127
14.4024
14.3907
14.3775
14.3628
14.3468
14.3292
14.3103
14.2899
14.2681
14.2449
14.2202
14.1941
14.1666
14.1377
14.1073
14.0756
14.0424
14.0078
13.9719
13.9345
13.8957
13.8555
13.814
13.771
13.7267
13.681
13.6339
13.5854
13.5356
13.4845
13.4319
13.3781
13.3228
13.2663
13.2084
13.1492
13.0887
13.0268
12.9637
12.8992
12.8334
12.7664
12.6981
12.6285
12.5576
12.4854
12.412
12.3374
12.2615
12.1844
12.1061
12.0265
11.9457
11.8637
11.7806
11.6962
11.6107
11.524
11.4361
11.3471
11.2569
11.1656
11.0732
10.9797
10.885
10.7893
10.6925
10.5946
10.4956
10.3955
10.2944
10.1923
10.0892
9.98498
9.87979
9.77361
9.66643
9.55828
9.44917
9.33909
9.22808
9.11612
9.00325
8.88946
8.77478
8.6592
8.54275
8.42543
8.30726
8.18824
8.0684
7.94773
7.82626
7.70399
7.58094
7.45712
7.33255
7.20722
7.08117
6.95439
6.8269
6.69872
6.56986
6.44033
6.31014
6.1793
6.04784
5.91575
5.78306
5.64978
5.51593
5.3815
5.24653
5.11101
4.97498
4.83843
4.70138
4.56385
4.42585
4.2874
4.1485
4.00917
3.86943
3.72928
3.58875
3.44785
3.30659
3.16498
3.02304
2.88079
2.73823
2.59539
2.45227
2.30889
2.16527
2.02141
1.87734
1.73307
1.58861
1.44397
1.29918
1.15424
1.00918
0.863995
0.718712
0.573342
0.4279
0.282401
0.13686
-0.00871028
-0.154294
-0.299877
-0.445444
-0.590982
-0.736474
-0.881908
-1.02727
-1.17254
-1.31771
-1.46276
-1.60768
-1.75246
-1.89707
-2.04151
-2.18575
-2.3298
-2.47362
-2.61722
-2.76056
-2.90364
-3.04645
-3.18897
-3.33118
-3.47307
-3.61463
-3.75585
-3.8967
-4.03718
-4.17726
-4.31694
-4.45621
-4.59504
-4.73343
-4.87136
-5.00881
-5.14578
-5.28225
-5.4182
-5.55362
-5.6885
-5.82283
-5.95659
-6.08976
-6.22234
-6.35432
-6.48566
-6.61638
-6.74644
-6.87584
-7.00457
-7.13261
-7.25995
-7.38658
-7.51248
-7.63764
-7.76206
-7.8857
-8.00857
-8.13066
-8.25194
-8.37241
-8.49205
-8.61086
-8.72881
-8.84591
-8.96213
-9.07747
-9.19191
-9.30545
-9.41806
-9.52975
-9.64049
-9.75028
-9.85911
-9.96696
-10.0738
-10.1797
-10.2846
-10.3884
-10.4912
-10.593
-10.6937
-10.7934
-10.892
-10.9895
-11.0859
-11.1813
-11.2755
-11.3686
-11.4606
-11.5514
-11.6411
-11.7296
-11.817
-11.9032
-11.9882
-12.0721
-12.1547
-12.2361
-12.3163
-12.3953
-12.473
-12.5496
-12.6248
-12.6988
-12.7716
-12.8431
-12.9133
-12.9822
-13.0498
-13.1161
-13.1812
-13.2449
-13.3073
-13.3683
-13.4281
-13.4865
-13.5435
-13.5992
-13.6536
-13.7066
-13.7582
-13.8085
-13.8574
-13.9049
-13.951
-13.9957
-14.039
-14.081
-14.1215
-14.1606
-14.1983
-14.2346
-14.2695
-14.3029
-14.3349
-14.3655
-14.3947
-14.4224
-14.4487
-14.4735
-14.4969
-14.5189
-14.5394
-14.5584
-14.576
-14.5921
-14.6068
-14.62
-14.6318
-14.6421
-14.6509
-14.6583
-14.6642
-14.6686
-14.6716
-14.6731
-14.6731
-14.6717
-14.6688
-14.6644
-14.6586
-14.6513
-14.6425
-14.6323
-14.6206
-14.6075
-14.5928
-14.5768
-14.5592
-14.5402
-14.5198
-14.4979
-14.4745
-14.4497
-14.4234
-14.3957
-14.3666
-14.336
-14.304
-14.2706
-14.2357
-14.1994
-14.1616
-14.1225
-14.0819
-14.0399
-13.9965
-13.9517
-13.9055
-13.8579
-13.809
-13.7586
-13.7069
-13.6537
-13.5992
-13.5434
-13.4862
-13.4276
-13.3677
-13.3064
-13.2438
-13.1799
-13.1146
-13.048
-12.9802
-12.911
-12.8405
-12.7687
-12.6956
-12.6213
-12.5457
-12.4688
-12.3907
-12.3113
-12.2307
-12.1489
-12.0658
-11.9815
-11.896
-11.8093
-11.7215
-11.6324
-11.5422
-11.4508
-11.3582
-11.2645
-11.1697
-11.0738
-10.9767
-10.8785
-10.7792
-10.6789
-10.5774
-10.4749
-10.3714
-10.2667
-10.1611
-10.0544
-9.94672
-9.83802
-9.72832
-9.61765
-9.50599
-9.39338
-9.27982
-9.16531
-9.04988
-8.93354
-8.81628
-8.69814
-8.57911
-8.45921
-8.33846
-8.21686
-8.09442
-7.97117
-7.8471
-7.72224
-7.59659
-7.47017
-7.34299
-7.21506
-7.0864
-6.95702
-6.82693
-6.69614
-6.56467
-6.43253
-6.29973
-6.1663
-6.03223
-5.89754
-5.76225
-5.62637
-5.48992
-5.3529
-5.21533
-5.07723
-4.93861
-4.79948
-4.65985
-4.51975
-4.37918
-4.23816
-4.09669
-3.95481
-3.81252
-3.66983
-3.52676
-3.38332
-3.23953
-3.0954
-2.95095
-2.80618
-2.66113
-2.51579
-2.37018
-2.22433
-2.07823
-1.93192
-1.7854
-1.63868
-1.49179
-1.34473
-1.19752
-1.05018
-0.902714
-0.755147
-0.60749
-0.459757
-0.311963
-0.164124
-0.016253
0.131634
0.279523
0.427399
0.575246
0.723051
0.870799
1.01847
1.16606
1.31355
1.46092
1.60816
1.75525
1.90218
2.04894
2.1955
2.34186
2.488
2.63391
2.77957
2.92496
3.07008
3.2149
3.35942
3.50362
3.64748
3.79099
3.93413
4.0769
4.21927
4.36123
4.50278
4.64388
4.78454
4.92473
5.06444
5.20367
5.34238
5.48057
5.61823
5.75535
5.8919
6.02787
6.16326
6.29804
6.4322
6.56574
6.69863
6.83087
6.96244
7.09332
7.22351
7.35299
7.48174
7.60976
7.73703
7.86355
7.98928
8.11423
8.23839
8.36173
8.48424
8.60592
8.72676
8.84673
8.96583
9.08404
9.20136
9.31777
9.43326
9.54782
9.66143
9.77409
9.88578
9.9965
10.1062
10.215
10.3227
10.4294
10.535
10.6397
10.7432
10.8457
10.9471
11.0475
11.1467
11.2449
11.3419
11.4378
11.5326
11.6262
11.7187
11.81
11.9001
11.9891
12.0769
12.1634
12.2488
12.333
12.4159
12.4976
12.578
12.6572
12.7351
12.8118
12.8872
12.9613
13.0342
13.1057
13.1759
13.2448
13.3124
13.3787
13.4437
13.5073
13.5695
13.6304
13.69
13.7482
13.805
13.8605
13.9145
13.9672
14.0185
14.0684
14.1169
14.164
14.2097
14.2539
14.2968
14.3382
14.3781
14.4167
14.4538
14.4895
14.5237
14.5565
14.5878
14.6177
14.6461
14.673
14.6985
14.7225
14.745
14.7661
14.7857
14.8038
14.8205
14.8356
14.8493
14.8615
14.8722
14.8814
14.8892
14.8954
14.9002
14.9035
14.9052
14.9055
14.9043
14.9016
14.8975
14.8918
14.8846
14.876
14.8658
14.8542
14.8411
14.8265
14.8104
14.7929
14.7738
14.7533
14.7313
14.7078
14.6829
14.6564
14.6285
14.5992
14.5684
14.5361
14.5023
14.4672
14.4305
14.3924
14.3529
14.3119
14.2695
14.2257
14.1804
14.1338
14.0856
14.0361
13.9852
13.9329
13.8792
13.824
13.7675
13.7096
13.6504
13.5897
13.5277
13.4644
13.3997
13.3336
13.2662
13.1975
13.1274
13.056
12.9833
12.9093
12.834
12.7574
12.6796
12.6004
12.52
12.4383
12.3554
12.2712
12.1858
12.0992
12.0113
11.9223
11.832
11.7405
11.6479
11.5541
11.4591
11.363
11.2657
11.1673
11.0677
10.9671
10.8653
10.7625
10.6585
10.5535
10.4474
10.3403
10.2321
10.1228
10.0126
9.90133
9.78906
9.67581
9.56158
9.44638
9.33023
9.21313
9.0951
8.97614
8.85628
8.73552
8.61387
8.49135
8.36797
8.24374
8.11867
7.99278
7.86608
7.73858
7.61029
7.48122
7.3514
7.22083
7.08952
6.95749
6.82475
6.69132
6.5572
6.42241
6.28697
6.15089
6.01418
5.87685
5.73892
5.6004
5.46131
5.32166
5.18146
5.04073
4.89949
4.75774
4.6155
4.47278
4.3296
4.18597
4.04192
3.89744
3.75256
3.60729
3.46164
3.31563
3.16928
3.02259
2.87559
2.72829
2.5807
2.43283
2.28471
2.13634
1.98775
1.83894
1.68993
1.54074
1.39138
1.24187
1.09222
0.94244
0.792553
0.642573
0.492513
0.342389
0.192216
0.0420084
-0.108218
-0.258449
-0.408669
-0.558864
-0.709017
-0.859115
-1.00914
-1.15908
-1.30892
-1.45865
-1.60824
-1.75769
-1.90697
-2.05608
-2.205
-2.35372
-2.50221
-2.65047
-2.79848
-2.94622
-3.09368
-3.24085
-3.38771
-3.53425
-3.68044
-3.82629
-3.97176
-4.11685
-4.26155
-4.40583
-4.54969
-4.69311
-4.83607
-4.97856
-5.12057
-5.26208
-5.40308
-5.54355
-5.68348
-5.82286
-5.96167
-6.0999
-6.23753
-6.37455
-6.51095
-6.64671
-6.78182
-6.91626
-7.05003
-7.1831
-7.31547
-7.44712
-7.57804
-7.70822
-7.83763
-7.96628
-8.09414
-8.22121
-8.34746
-8.4729
-8.5975
-8.72125
-8.84414
-8.96616
-9.0873
-9.20754
-9.32687
-9.44528
-9.56276
-9.67929
-9.79487
-9.90947
-10.0231
-10.1357
-10.2474
-10.358
-10.4676
-10.5762
-10.6837
-10.7901
-10.8955
-10.9998
-11.103
-11.2052
-11.3062
-11.4061
-11.5048
-11.6024
-11.6989
-11.7942
-11.8884
-11.9813
-12.0731
-12.1637
-12.253
-12.3412
-12.4281
-12.5138
-12.5982
-12.6814
-12.7634
-12.844
-12.9234
-13.0015
-13.0783
-13.1538
-13.228
-13.3009
-13.3725
-13.4427
-13.5116
-13.5792
-13.6454
-13.7102
-13.7737
-13.8358
-13.8966
-13.9559
-14.0139
-14.0704
-14.1256
-14.1794
-14.2317
-14.2826
-14.3321
-14.3802
-14.4268
-14.4721
-14.5158
-14.5581
-14.599
-14.6384
-14.6763
-14.7128
-14.7478
-14.7814
-14.8134
-14.844
-14.8731
-14.9008
-14.9269
-14.9515
-14.9747
-14.9964
-15.0165
-15.0352
-15.0523
-15.068
-15.0822
-15.0948
-15.1059
-15.1156
-15.1237
-15.1303
-15.1354
-15.139
-15.141
-15.1416
-15.1406
-15.1381
-15.1341
-15.1286
-15.1216
-15.1131
-15.103
-15.0915
-15.0784
-15.0639
-15.0478
-15.0302
-15.0111
-14.9905
-14.9684
-14.9448
-14.9197
-14.8931
-14.865
-14.8355
-14.8044
-14.7719
-14.7379
-14.7024
-14.6654
-14.627
-14.5871
-14.5457
-14.5029
-14.4586
-14.4128
-14.3657
-14.317
-14.267
-14.2155
-14.1626
-14.1082
-14.0525
-13.9953
-13.9368
-13.8768
-13.8154
-13.7527
-13.6886
-13.623
-13.5562
-13.4879
-13.4183
-13.3474
-13.2751
-13.2015
-13.1265
-13.0503
-12.9727
-12.8938
-12.8136
-12.7322
-12.6494
-12.5654
-12.4801
-12.3936
-12.3058
-12.2167
-12.1265
-12.035
-11.9423
-11.8484
-11.7533
-11.657
-11.5595
-11.4609
-11.3611
-11.2602
-11.1582
-11.055
-10.9507
-10.8453
-10.7388
-10.6312
-10.5225
-10.4128
-10.302
-10.1902
-10.0773
-9.96347
-9.84859
-9.73272
-9.61587
-9.49804
-9.37925
-9.2595
-9.13883
-9.01722
-8.8947
-8.77128
-8.64697
-8.52179
-8.39573
-8.26883
-8.14109
-8.01252
-7.88313
-7.75295
-7.62197
-7.49022
-7.35771
-7.22445
-7.09045
-6.95574
-6.82031
-6.68418
-6.54738
-6.40991
-6.27178
-6.13301
-5.99361
-5.8536
-5.71299
-5.5718
-5.43003
-5.28771
-5.14484
-5.00145
-4.85754
-4.71313
-4.56823
-4.42286
-4.27704
-4.13078
-3.98408
-3.83698
-3.68947
-3.54158
-3.39332
-3.24471
-3.09576
-2.94649
-2.7969
-2.64702
-2.49686
-2.34644
-2.19576
-2.04485
-1.89373
-1.74239
-1.59087
-1.43918
-1.28732
-1.13532
-0.983194
-0.830952
-0.678612
-0.52619
-0.373699
-0.221155
-0.0685747
0.0840281
0.236638
0.389239
0.541817
0.694355
0.84684
0.999255
1.15159
1.30382
1.45593
1.60792
1.75976
1.91143
2.06294
2.21425
2.36535
2.51624
2.66688
2.81728
2.96741
3.11726
3.26681
3.41604
3.56496
3.71353
3.86174
4.00958
4.15704
4.3041
4.45074
4.59694
4.74271
4.88801
5.03284
5.17718
5.32102
5.46434
5.60713
5.74937
5.89106
6.03216
6.17268
6.31259
6.45189
6.59055
6.72857
6.86594
7.00262
7.13863
7.27393
7.40852
7.54238
7.67549
7.80786
7.93946
8.07027
8.2003
8.32951
8.45791
8.58547
8.71219
8.83805
8.96303
9.08714
9.21034
9.33264
9.45402
9.57446
9.69396
9.8125
9.93008
10.0467
10.1623
10.2769
10.3904
10.503
10.6145
10.725
10.8344
10.9427
11.0499
11.1561
11.2611
11.365
11.4678
11.5695
11.67
11.7694
11.8676
11.9646
12.0604
12.1551
12.2485
12.3407
12.4317
12.5214
12.61
12.6972
12.7832
12.8679
12.9514
13.0335
13.1144
13.194
13.2722
13.3492
13.4248
13.499
13.572
13.6435
13.7138
13.7826
13.8501
13.9162
13.9809
14.0443
14.1062
14.1667
14.2258
14.2835
14.3398
14.3947
14.4481
14.5001
14.5506
14.5997
14.6473
14.6935
14.7382
14.7814
14.8232
14.8635
14.9022
14.9396
14.9754
15.0097
15.0425
15.0739
15.1037
15.132
15.1588
15.1841
15.2079
15.2302
15.2509
15.2701
15.2878
15.304
15.3186
15.3317
15.3433
15.3533
15.3618
15.3688
15.3742
15.3781
15.3805
15.3813
15.3806
15.3783
15.3745
15.3692
15.3623
15.3539
15.344
15.3325
15.3195
15.305
15.2889
15.2713
15.2521
15.2315
15.2093
15.1856
15.1604
15.1336
15.1053
15.0756
15.0443
15.0115
14.9772
14.9414
14.9041
14.8653
14.825
14.7832
14.74
14.6952
14.649
14.6013
14.5522
14.5016
14.4495
14.396
14.3411
14.2847
14.2269
14.1676
14.1069
14.0448
13.9813
13.9164
13.8501
13.7824
13.7133
13.6429
13.571
13.4978
13.4233
13.3474
13.2701
13.1916
13.1116
13.0304
12.9479
12.864
12.7789
12.6925
12.6048
12.5158
12.4256
12.3341
12.2414
12.1474
12.0522
11.9558
11.8582
11.7594
11.6595
11.5583
11.456
11.3525
11.2479
11.1421
11.0352
10.9272
10.8181
10.7079
10.5966
10.4843
10.3709
10.2564
10.1409
10.0244
9.90686
9.78832
9.66879
9.54829
9.42681
9.30438
9.18101
9.05671
8.93149
8.80537
8.67835
8.55045
8.42168
8.29206
8.16159
8.0303
7.89819
7.76528
7.63158
7.4971
7.36186
7.22586
7.08914
6.95169
6.81353
6.67467
6.53514
6.39493
6.25408
6.11258
5.97046
5.82772
5.68439
5.54048
5.396
5.25096
5.10539
4.95929
4.81268
4.66557
4.51798
4.36993
4.22142
4.07248
3.92312
3.77334
3.62318
3.47264
3.32173
3.17048
3.0189
2.86699
2.71479
2.5623
2.40954
2.25652
2.10326
1.94978
1.79609
1.6422
1.48813
1.3339
1.17951
1.025
0.870365
0.715629
0.560807
0.405912
0.250962
0.095971
-0.0590451
-0.214071
-0.369091
-0.524089
-0.67905
-0.833959
-0.988801
-1.14356
-1.29822
-1.45276
-1.60718
-1.76145
-1.91555
-2.06949
-2.22323
-2.37676
-2.53007
-2.68315
-2.83597
-2.98852
-3.14079
-3.29276
-3.44442
-3.59574
-3.74673
-3.89735
-4.0476
-4.19746
-4.34691
-4.49594
-4.64454
-4.79269
-4.94038
-5.08758
-5.2343
-5.3805
-5.52618
-5.67132
-5.81591
-5.95993
-6.10337
-6.24622
-6.38845
-6.53006
-6.67103
-6.81135
-6.951
-7.08997
-7.22824
-7.36581
-7.50265
-7.63876
-7.77411
-7.9087
-8.04252
-8.17554
-8.30776
-8.43916
-8.56973
-8.69946
-8.82833
-8.95633
-9.08345
-9.20967
-9.33498
-9.45937
-9.58283
-9.70534
-9.8269
-9.94748
-10.0671
-10.1857
-10.3033
-10.4199
-10.5354
-10.6499
-10.7634
-10.8758
-10.9871
-11.0973
-11.2064
-11.3145
-11.4214
-11.5271
-11.6318
-11.7352
-11.8375
-11.9387
-12.0386
-12.1374
-12.2349
-12.3313
-12.4264
-12.5203
-12.6129
-12.7043
-12.7944
-12.8833
-12.9708
-13.0571
-13.1421
-13.2258
-13.3082
-13.3892
-13.469
-13.5473
-13.6244
-13.7
-13.7744
-13.8473
-13.9189
-13.9891
-14.0578
-14.1252
-14.1912
-14.2558
-14.3189
-14.3807
-14.441
-14.4998
-14.5573
-14.6132
-14.6677
-14.7208
-14.7724
-14.8225
-14.8711
-14.9182
-14.9639
-15.0081
-15.0508
-15.0919
-15.1316
-15.1698
-15.2064
-15.2415
-15.2751
-15.3072
-15.3378
-15.3668
-15.3943
-15.4203
-15.4447
-15.4675
-15.4889
-15.5087
-15.5269
-15.5436
-15.5587
-15.5723
-15.5843
-15.5948
-15.6037
-15.611
-15.6168
-15.621
-15.6237
-15.6248
-15.6243
-15.6223
-15.6187
-15.6136
-15.6068
-15.5986
-15.5887
-15.5773
-15.5644
-15.5499
-15.5338
-15.5162
-15.497
-15.4763
-15.454
-15.4302
-15.4048
-15.3779
-15.3495
-15.3195
-15.2879
-15.2549
-15.2203
-15.1842
-15.1466
-15.1074
-15.0667
-15.0246
-14.9809
-14.9357
-14.889
-14.8408
-14.7912
-14.74
-14.6874
-14.6333
-14.5777
-14.5207
-14.4622
-14.4022
-14.3408
-14.278
-14.2137
-14.148
-14.0809
-14.0124
-13.9424
-13.8711
-13.7984
-13.7243
-13.6488
-13.5719
-13.4936
-13.414
-13.3331
-13.2508
-13.1672
-13.0822
-12.996
-12.9084
-12.8195
-12.7294
-12.6379
-12.5452
-12.4512
-12.356
-12.2595
-12.1618
-12.0629
-11.9627
-11.8614
-11.7588
-11.6551
-11.5501
-11.4441
-11.3368
-11.2284
-11.1189
-11.0083
-10.8965
-10.7837
-10.6697
-10.5547
-10.4386
-10.3214
-10.2033
-10.084
-9.9638
-9.84255
-9.7203
-9.59707
-9.47287
-9.3477
-9.22159
-9.09455
-8.96658
-8.8377
-8.70793
-8.57727
-8.44575
-8.31336
-8.18013
-8.04607
-7.91119
-7.77551
-7.63903
-7.50178
-7.36376
-7.225
-7.08549
-6.94527
-6.80433
-6.66271
-6.5204
-6.37742
-6.23379
-6.08953
-5.94464
-5.79914
-5.65305
-5.50638
-5.35914
-5.21136
-5.06303
-4.91419
-4.76484
-4.61499
-4.46467
-4.31389
-4.16267
-4.01101
-3.85893
-3.70646
-3.5536
-3.40036
-3.24678
-3.09285
-2.9386
-2.78404
-2.62918
-2.47405
-2.31865
-2.16301
-2.00713
-1.85104
-1.69474
-1.53827
-1.38162
-1.22482
-1.06788
-0.910815
-0.753646
-0.596386
-0.439051
-0.281656
-0.124217
0.0332502
0.19073
0.348206
0.505663
0.663085
0.820457
0.977762
1.13499
1.29211
1.44912
1.60601
1.76274
1.91932
2.07572
2.23193
2.38793
2.54371
2.69925
2.85454
3.00955
3.16428
3.31871
3.47282
3.6266
3.78004
3.93311
4.0858
4.2381
4.38999
4.54146
4.69248
4.84306
4.99316
5.14278
5.2919
5.44051
5.58859
5.73612
5.8831
6.0295
6.17531
6.32052
6.46511
6.60907
6.75238
6.89504
7.03701
7.1783
7.31889
7.45875
7.59789
7.73628
7.8739
8.01076
8.14683
8.28209
8.41655
8.55017
8.68295
8.81488
8.94594
9.07612
9.2054
9.33377
9.46123
9.58775
9.71332
9.83794
9.96159
10.0842
10.2059
10.3266
10.4462
10.5648
10.6824
10.7989
10.9143
11.0287
11.1419
11.2541
11.3651
11.475
11.5838
11.6915
11.7979
11.9033
12.0074
12.1103
12.2121
12.3126
12.4119
12.51
12.6068
12.7024
12.7967
12.8898
12.9815
13.072
13.1612
13.2491
13.3356
13.4209
13.5048
13.5873
13.6685
13.7484
13.8269
13.904
13.9797
14.054
14.127
14.1985
14.2686
14.3373
14.4046
14.4705
14.5349
14.5978
14.6593
14.7193
14.7779
14.835
14.8906
14.9448
14.9974
15.0486
15.0982
15.1464
15.193
15.2382
15.2818
15.3239
15.3644
15.4034
15.4409
15.4769
15.5113
15.5441
15.5754
15.6052
15.6334
15.66
15.6851
15.7086
15.7305
15.7509
15.7697
15.7869
15.8025
15.8166
15.8291
15.84
15.8493
15.857
15.8632
15.8677
15.8707
15.8721
15.8719
15.8701
15.8667
15.8617
15.8552
15.8471
15.8373
15.826
15.8131
15.7987
15.7826
15.765
15.7458
15.725
15.7026
15.6787
15.6532
15.6261
15.5975
15.5673
15.5355
15.5022
15.4673
15.4309
15.3929
15.3534
15.3124
15.2698
15.2257
15.18
15.1329
15.0842
15.034
14.9823
14.9291
14.8744
14.8182
14.7605
14.7013
14.6407
14.5786
14.515
14.4499
14.3835
14.3155
14.2461
14.1753
14.1031
14.0295
13.9544
13.878
13.8001
13.7209
13.6402
13.5582
13.4749
13.3902
13.3041
13.2167
13.128
13.0379
12.9466
12.8539
12.7599
12.6647
12.5681
12.4704
12.3713
12.271
12.1695
12.0667
11.9627
11.8576
11.7512
11.6436
11.5349
11.425
11.3139
11.2017
11.0884
10.9739
10.8584
10.7417
10.6239
10.5051
10.3852
10.2643
10.1423
10.0193
9.89534
9.77032
9.64432
9.51734
9.3894
9.2605
9.13067
8.99991
8.86823
8.73566
8.6022
8.46786
8.33267
8.19663
8.05975
7.92206
7.78356
7.64427
7.5042
7.36336
7.22178
7.07945
6.93641
6.79266
6.64821
6.50309
6.3573
6.21086
6.06378
5.91608
5.76778
5.61889
5.46941
5.31938
5.1688
5.01769
4.86606
4.71393
4.56131
4.40822
4.25468
4.10069
3.94628
3.79146
3.63624
3.48064
3.32469
3.16838
3.01174
2.85478
2.69753
2.53998
2.38217
2.2241
2.0658
1.90727
1.74854
1.58961
1.43051
1.27125
1.11185
0.952324
0.792684
0.632949
0.473135
0.313257
0.153332
-0.00662416
-0.166596
-0.326567
-0.486521
-0.646443
-0.806316
-0.966124
-1.12585
-1.28548
-1.445
-1.60439
-1.76364
-1.92272
-2.08163
-2.24035
-2.39886
-2.55714
-2.71518
-2.87297
-3.03049
-3.18772
-3.34465
-3.50125
-3.65753
-3.81345
-3.96901
-4.12418
-4.27896
-4.43333
-4.58727
-4.74077
-4.8938
-5.04637
-5.19844
-5.35001
-5.50106
-5.65157
-5.80153
-5.95093
-6.09975
-6.24798
-6.39559
-6.54258
-6.68893
-6.83462
-6.97965
-7.12399
-7.26764
-7.41057
-7.55277
-7.69424
-7.83495
-7.97489
-8.11404
-8.2524
-8.38995
-8.52667
-8.66255
-8.79758
-8.93175
-9.06503
-9.19742
-9.32891
-9.45947
-9.58911
-9.71779
-9.84552
-9.97227
-10.098
-10.2228
-10.3466
-10.4693
-10.591
-10.7117
-10.8313
-10.9498
-11.0673
-11.1836
-11.2989
-11.413
-11.526
-11.6378
-11.7485
-11.8581
-11.9664
-12.0736
-12.1796
-12.2844
-12.3879
-12.4903
-12.5914
-12.6912
-12.7898
-12.8871
-12.9831
-13.0779
-13.1713
-13.2635
-13.3543
-13.4438
-13.5319
-13.6187
-13.7042
-13.7883
-13.871
-13.9524
-14.0323
-14.1109
-14.1881
-14.2638
-14.3382
-14.4111
-14.4825
-14.5526
-14.6212
-14.6883
-14.754
-14.8182
-14.8809
-14.9421
-15.0019
-15.0601
-15.1169
-15.1722
-15.2259
-15.2781
-15.3288
-15.378
-15.4256
-15.4717
-15.5163
-15.5593
-15.6008
-15.6407
-15.679
-15.7158
-15.751
-15.7847
-15.8167
-15.8472
-15.8761
-15.9035
-15.9292
-15.9533
-15.9759
-15.9968
-16.0162
-16.034
-16.0501
-16.0647
-16.0776
-16.089
-16.0987
-16.1068
-16.1133
-16.1183
-16.1215
-16.1232
-16.1233
-16.1218
-16.1186
-16.1138
-16.1075
-16.0995
-16.0899
-16.0787
-16.0658
-16.0514
-16.0354
-16.0177
-15.9985
-15.9776
-15.9552
-15.9312
-15.9055
-15.8783
-15.8495
-15.8191
-15.7871
-15.7535
-15.7183
-15.6816
-15.6433
-15.6034
-15.562
-15.519
-15.4745
-15.4283
-15.3807
-15.3315
-15.2808
-15.2285
-15.1747
-15.1194
-15.0626
-15.0042
-14.9444
-14.883
-14.8202
-14.7558
-14.69
-14.6227
-14.554
-14.4838
-14.4121
-14.3389
-14.2644
-14.1884
-14.1109
-14.0321
-13.9518
-13.8702
-13.7871
-13.7027
-13.6169
-13.5297
-13.4411
-13.3512
-13.26
-13.1674
-13.0735
-12.9782
-12.8817
-12.7839
-12.6847
-12.5843
-12.4827
-12.3797
-12.2756
-12.1701
-12.0635
-11.9556
-11.8466
-11.7363
-11.6249
-11.5123
-11.3985
-11.2835
-11.1675
-11.0503
-10.9319
-10.8125
-10.692
-10.5704
-10.4477
-10.324
-10.1993
-10.0735
-9.94663
-9.8188
-9.68998
-9.56018
-9.4294
-9.29767
-9.165
-9.0314
-8.89688
-8.76146
-8.62515
-8.48796
-8.34991
-8.21101
-8.07128
-7.93072
-7.78936
-7.64721
-7.50427
-7.36057
-7.21613
-7.07094
-6.92503
-6.77842
-6.63111
-6.48313
-6.33448
-6.18519
-6.03526
-5.88471
-5.73356
-5.58182
-5.4295
-5.27663
-5.12322
-4.96928
-4.81482
-4.65987
-4.50444
-4.34854
-4.19219
-4.03541
-3.87821
-3.7206
-3.5626
-3.40424
-3.24552
-3.08645
-2.92706
-2.76737
-2.60738
-2.44711
-2.28659
-2.12582
-1.96482
-1.8036
-1.64219
-1.4806
-1.31885
-1.15695
-0.994916
-0.832767
-0.670518
-0.508186
-0.345787
-0.183337
-0.0208529
0.14165
0.304155
0.466645
0.629106
0.791519
0.95387
1.11614
1.27832
1.44038
1.60232
1.76411
1.92574
2.0872
2.24846
2.40952
2.57035
2.73094
2.89127
3.05133
3.2111
3.37056
3.5297
3.68851
3.84696
4.00505
4.16275
4.32005
4.47693
4.63338
4.78939
4.94493
5.09999
5.25455
5.40861
5.56214
5.71513
5.86757
6.01943
6.1707
6.32138
6.47143
6.62086
6.76964
6.91775
7.06519
7.21194
7.35798
7.5033
7.64788
7.79171
7.93478
8.07707
8.21856
8.35925
8.49912
8.63815
8.77633
8.91364
9.05008
9.18563
9.32027
9.454
9.58679
9.71863
9.84952
9.97944
10.1084
10.2363
10.3632
10.4891
10.614
10.7378
10.8605
10.9822
11.1028
11.2223
11.3407
11.458
11.5741
11.6891
11.8029
11.9155
12.027
12.1373
12.2464
12.3542
12.4609
12.5663
12.6705
12.7734
12.875
12.9754
13.0744
13.1722
13.2687
13.3638
13.4576
13.5501
13.6413
13.7311
13.8195
13.9065
13.9922
14.0765
14.1593
14.2408
14.3209
14.3995
14.4767
14.5524
14.6268
14.6996
14.771
14.8409
14.9094
14.9763
15.0418
15.1058
15.1682
15.2292
15.2886
15.3466
15.4029
15.4578
15.5111
15.5629
15.6131
15.6618
15.7089
15.7544
15.7983
15.8407
15.8815
15.9208
15.9584
15.9944
16.0289
16.0617
16.093
16.1226
16.1506
16.1771
16.2019
16.225
16.2466
16.2665
16.2849
16.3016
16.3166
16.33
16.3418
16.352
16.3605
16.3674
16.3727
16.3763
16.3783
16.3787
16.3774
16.3744
16.3699
16.3637
16.3558
16.3464
16.3353
16.3225
16.3081
16.2921
16.2745
16.2552
16.2343
16.2118
16.1876
16.1619
16.1345
16.1055
16.0749
16.0426
16.0088
15.9734
15.9363
15.8977
15.8574
15.8156
15.7722
15.7272
15.6807
15.6325
15.5828
15.5316
15.4787
15.4243
15.3684
15.3109
15.2519
15.1914
15.1293
15.0657
15.0007
14.934
14.8659
14.7963
14.7253
14.6527
14.5787
14.5032
14.4262
14.3478
14.2679
14.1867
14.1039
14.0198
13.9343
13.8473
13.759
13.6693
13.5782
13.4857
13.3919
13.2967
13.2002
13.1024
13.0032
12.9027
12.801
12.6979
12.5936
12.4879
12.3811
12.273
12.1636
12.053
11.9412
11.8282
11.714
11.5986
11.4821
11.3644
11.2455
11.1255
11.0044
10.8821
10.7588
10.6344
10.5089
10.3823
10.2547
10.126
9.99636
9.86567
9.73398
9.60131
9.46765
9.33304
9.19749
9.06099
8.92358
8.78527
8.64606
8.50597
8.36502
8.22321
8.08057
7.93711
7.79284
7.64778
7.50194
7.35533
7.20797
7.05988
6.91106
6.76154
6.61133
6.46044
6.3089
6.1567
6.00388
5.85043
5.69639
5.54177
5.38657
5.23082
5.07453
4.91772
4.7604
4.60259
4.4443
4.28555
4.12636
3.96674
3.80671
3.64628
3.48546
3.32429
3.16277
3.00091
2.83874
2.67626
2.51351
2.35048
2.18721
2.0237
1.85997
1.69604
1.53192
1.36763
1.20319
1.03861
0.873917
0.709116
0.544227
0.379267
0.214253
0.049201
-0.115872
-0.280951
-0.446018
-0.611056
-0.77605
-0.940983
-1.10584
-1.2706
-1.43525
-1.59977
-1.76415
-1.92837
-2.09242
-2.25627
-2.41991
-2.58333
-2.7465
-2.90942
-3.07206
-3.23441
-3.39645
-3.55817
-3.71955
-3.88057
-4.04123
-4.20149
-4.36135
-4.52079
-4.67979
-4.83834
-4.99643
-5.15403
-5.31113
-5.46771
-5.62377
-5.77927
-5.93422
-6.08858
-6.24236
-6.39552
-6.54806
-6.69996
-6.85121
-7.00178
-7.15167
-7.30086
-7.44934
-7.59708
-7.74408
-7.89032
-8.03579
-8.18047
-8.32434
-8.46739
-8.60962
-8.75099
-8.89151
-9.03115
-9.1699
-9.30775
-9.44468
-9.58068
-9.71573
-9.84983
-9.98296
-10.1151
-10.2462
-10.3764
-10.5055
-10.6335
-10.7606
-10.8865
-11.0114
-11.1352
-11.2579
-11.3795
-11.4999
-11.6192
-11.7374
-11.8544
-11.9702
-12.0848
-12.1983
-12.3105
-12.4215
-12.5313
-12.6399
-12.7472
-12.8532
-12.9579
-13.0614
-13.1636
-13.2644
-13.364
-13.4622
-13.5591
-13.6546
-13.7488
-13.8416
-13.9331
-14.0231
-14.1118
-14.199
-14.2849
-14.3693
-14.4523
-14.5339
-14.614
-14.6927
-14.7699
-14.8456
-14.9199
-14.9926
-15.0639
-15.1337
-15.202
-15.2688
-15.334
-15.3977
-15.4599
-15.5205
-15.5796
-15.6372
-15.6932
-15.7476
-15.8004
-15.8517
-15.9014
-15.9495
-15.9961
-16.041
-16.0843
-16.126
-16.1662
-16.2047
-16.2416
-16.2768
-16.3105
-16.3425
-16.3729
-16.4016
-16.4287
-16.4542
-16.478
-16.5002
-16.5208
-16.5396
-16.5569
-16.5725
-16.5864
-16.5986
-16.6093
-16.6182
-16.6255
-16.6311
-16.6351
-16.6374
-16.638
-16.637
-16.6343
-16.6299
-16.6239
-16.6162
-16.6069
-16.5959
-16.5832
-16.5689
-16.5529
-16.5353
-16.516
-16.495
-16.4724
-16.4482
-16.4223
-16.3948
-16.3656
-16.3347
-16.3023
-16.2682
-16.2325
-16.1951
-16.1561
-16.1155
-16.0733
-16.0295
-15.9841
-15.9371
-15.8884
-15.8382
-15.7864
-15.733
-15.678
-15.6215
-15.5634
-15.5037
-15.4424
-15.3797
-15.3153
-15.2495
-15.1821
-15.1131
-15.0427
-14.9708
-14.8973
-14.8223
-14.7459
-14.668
-14.5886
-14.5077
-14.4254
-14.3416
-14.2564
-14.1697
-14.0817
-13.9922
-13.9012
-13.8089
-13.7153
-13.6202
-13.5237
-13.4259
-13.3268
-13.2263
-13.1244
-13.0213
-12.9168
-12.811
-12.704
-12.5956
-12.486
-12.3751
-12.263
-12.1496
-12.035
-11.9192
-11.8022
-11.684
-11.5647
-11.4441
-11.3224
-11.1996
-11.0756
-10.9505
-10.8243
-10.697
-10.5686
-10.4391
-10.3086
-10.1771
-10.0445
-9.91087
-9.77626
-9.64066
-9.50408
-9.36654
-9.22805
-9.08862
-8.94827
-8.80701
-8.66485
-8.52181
-8.37791
-8.23316
-8.08757
-7.94115
-7.79393
-7.64591
-7.49711
-7.34755
-7.19723
-7.04619
-6.89442
-6.74195
-6.58879
-6.43495
-6.28046
-6.12532
-5.96956
-5.81318
-5.6562
-5.49865
-5.34053
-5.18185
-5.02265
-4.86292
-4.7027
-4.54199
-4.3808
-4.21917
-4.05709
-3.89459
-3.73169
-3.5684
-3.40473
-3.24071
-3.07635
-2.91166
-2.74667
-2.58138
-2.41582
-2.25001
-2.08395
-1.91766
-1.75117
-1.58448
-1.41762
-1.2506
-1.08344
-0.916158
-0.748765
-0.581279
-0.413719
-0.246101
-0.0784409
0.0892434
0.256936
0.424619
0.592276
0.759891
0.927447
1.09493
1.26231
1.42959
1.59674
1.76375
1.9306
2.09727
2.26375
2.43002
2.59607
2.76187
2.92741
3.09267
3.25764
3.4223
3.58664
3.75064
3.91427
4.07753
4.2404
4.40286
4.5649
4.7265
4.88764
5.04831
5.20849
5.36816
5.52731
5.68593
5.84399
6.00149
6.1584
6.31471
6.47041
6.62547
6.77989
6.93364
7.08672
7.2391
7.39077
7.54172
7.69194
7.84139
7.99008
8.13798
8.28509
8.43138
8.57684
8.72146
8.86522
9.00811
9.15011
9.29121
9.4314
9.57066
9.70897
9.84633
9.98272
10.1181
10.2525
10.3859
10.5183
10.6496
10.7799
10.9091
11.0372
11.1643
11.2902
11.415
11.5387
11.6613
11.7827
11.9029
12.022
12.1398
12.2565
12.3719
12.4862
12.5991
12.7109
12.8214
12.9306
13.0385
13.1451
13.2504
13.3544
13.4571
13.5585
13.6585
13.7571
13.8544
13.9503
14.0448
14.138
14.2297
14.32
14.4089
14.4963
14.5824
14.6669
14.75
14.8317
14.9118
14.9905
15.0677
15.1434
15.2176
15.2902
15.3614
15.431
15.4991
15.5656
15.6306
15.694
15.7559
15.8162
15.8749
15.9321
15.9876
16.0416
16.094
16.1447
16.1939
16.2414
16.2873
16.3316
16.3743
16.4153
16.4547
16.4924
16.5285
16.563
16.5958
16.627
16.6564
16.6843
16.7104
16.7349
16.7577
16.7789
16.7984
16.8161
16.8323
16.8467
16.8594
16.8705
16.8799
16.8876
16.8936
16.8979
16.9005
16.9014
16.9007
16.8982
16.8941
16.8883
16.8808
16.8716
16.8607
16.8481
16.8338
16.8179
16.8002
16.7809
16.7599
16.7372
16.7129
16.6869
16.6592
16.6298
16.5988
16.5661
16.5317
16.4957
16.4581
16.4188
16.3778
16.3352
16.291
16.2451
16.1976
16.1485
16.0977
16.0454
15.9914
15.9358
15.8787
15.8199
15.7595
15.6976
15.6341
15.569
15.5024
15.4342
15.3644
15.2931
15.2203
15.1459
15.07
14.9926
14.9137
14.8333
14.7514
14.6681
14.5832
14.4969
14.4091
14.3199
14.2292
14.1371
14.0436
13.9486
13.8523
13.7546
13.6554
13.5549
13.4531
13.3499
13.2453
13.1394
13.0322
12.9236
12.8138
12.7027
12.5902
12.4766
12.3616
12.2454
12.128
12.0093
11.8895
11.7684
11.6462
11.5227
11.3981
11.2724
11.1455
11.0175
10.8883
10.7581
10.6268
10.4944
10.3609
10.2264
10.0909
9.95431
9.81674
9.67816
9.53861
9.39809
9.25661
9.1142
8.97086
8.8266
8.68145
8.53542
8.38852
8.24077
8.09218
7.94276
7.79253
7.64151
7.48971
7.33715
7.18384
7.02979
6.87503
6.71956
6.5634
6.40658
6.24909
6.09097
5.93222
5.77286
5.61291
5.45238
5.29129
5.12965
4.96749
4.80481
4.64164
4.47798
4.31387
4.1493
3.9843
3.81889
3.65308
3.48688
3.32032
3.15342
2.98618
2.81862
2.65077
2.48264
2.31424
2.14559
1.97671
1.80761
1.63832
1.46885
1.29921
1.12943
0.959515
0.789489
0.619366
0.449165
0.278902
0.108594
-0.0617424
-0.232089
-0.40243
-0.572747
-0.743025
-0.913245
-1.08339
-1.25344
-1.42339
-1.59321
-1.76289
-1.93241
-2.10175
-2.2709
-2.43984
-2.60855
-2.77702
-2.94523
-3.11316
-3.28079
-3.44812
-3.61511
-3.78176
-3.94805
-4.11396
-4.27948
-4.44459
-4.60926
-4.7735
-4.93727
-5.10056
-5.26336
-5.42565
-5.58742
-5.74864
-5.9093
-6.06939
-6.22889
-6.38778
-6.54604
-6.70367
-6.86065
-7.01695
-7.17257
-7.32748
-7.48168
-7.63515
-7.78787
-7.93982
-8.09099
-8.24138
-8.39095
-8.5397
-8.68761
-8.83466
-8.98085
-9.12615
-9.27055
-9.41405
-9.55661
-9.69824
-9.8389
-9.9786
-10.1173
-10.255
-10.3917
-10.5274
-10.6621
-10.7956
-10.9282
-11.0596
-11.19
-11.3192
-11.4473
-11.5743
-11.7002
-11.8248
-11.9484
-12.0707
-12.1918
-12.3118
-12.4305
-12.548
-12.6642
-12.7792
-12.8929
-13.0054
-13.1165
-13.2264
-13.3349
-13.4421
-13.548
-13.6526
-13.7558
-13.8576
-13.958
-14.0571
-14.1547
-14.251
-14.3458
-14.4393
-14.5312
-14.6218
-14.7109
-14.7985
-14.8846
-14.9693
-15.0525
-15.1342
-15.2144
-15.293
-15.3702
-15.4458
-15.5199
-15.5924
-15.6634
-15.7328
-15.8007
-15.867
-15.9317
-15.9948
-16.0563
-16.1163
-16.1746
-16.2313
-16.2864
-16.3398
-16.3917
-16.4419
-16.4904
-16.5374
-16.5826
-16.6263
-16.6682
-16.7085
-16.7472
-16.7841
-16.8194
-16.853
-16.8849
-16.9152
-16.9437
-16.9706
-16.9958
-17.0192
-17.041
-17.0611
-17.0794
-17.0961
-17.111
-17.1243
-17.1358
-17.1456
-17.1537
-17.1601
-17.1648
-17.1677
-17.169
-17.1685
-17.1663
-17.1624
-17.1568
-17.1494
-17.1404
-17.1296
-17.1171
-17.1029
-17.087
-17.0694
-17.05
-17.029
-17.0063
-16.9818
-16.9557
-16.9278
-16.8983
-16.867
-16.8341
-16.7995
-16.7632
-16.7252
-16.6856
-16.6443
-16.6013
-16.5566
-16.5103
-16.4623
-16.4127
-16.3614
-16.3085
-16.254
-16.1978
-16.14
-16.0806
-16.0196
-15.9569
-15.8927
-15.8268
-15.7594
-15.6904
-15.6198
-15.5476
-15.4739
-15.3986
-15.3218
-15.2435
-15.1636
-15.0821
-14.9992
-14.9148
-14.8288
-14.7414
-14.6525
-14.5621
-14.4702
-14.3769
-14.2821
-14.1859
-14.0883
-13.9893
-13.8888
-13.787
-13.6837
-13.5791
-13.4731
-13.3658
-13.2571
-13.147
-13.0357
-12.923
-12.809
-12.6938
-12.5772
-12.4594
-12.3403
-12.22
-12.0985
-11.9757
-11.8517
-11.7265
-11.6001
-11.4726
-11.3439
-11.2141
-11.0831
-10.951
-10.8178
-10.6834
-10.5481
-10.4116
-10.2741
-10.1355
-9.99595
-9.85535
-9.71376
-9.57117
-9.42762
-9.28311
-9.13766
-8.99128
-8.84399
-8.69579
-8.54672
-8.39677
-8.24597
-8.09433
-7.94186
-7.78859
-7.63452
-7.47967
-7.32406
-7.1677
-7.0106
-6.8528
-6.69429
-6.53509
-6.37523
-6.21471
-6.05355
-5.89177
-5.72939
-5.56642
-5.40288
-5.23877
-5.07413
-4.90897
-4.74329
-4.57713
-4.41049
-4.2434
-4.07586
-3.9079
-3.73953
-3.57077
-3.40164
-3.23214
-3.06231
-2.89216
-2.7217
-2.55095
-2.37993
-2.20865
-2.03714
-1.8654
-1.69346
-1.52134
-1.34904
-1.17659
-1.00401
-0.831311
-0.658511
-0.485628
-0.312678
-0.139681
0.0333486
0.206392
0.379431
0.552451
0.725432
0.898358
1.07121
1.24397
1.41663
1.58916
1.76155
1.93378
2.10584
2.2777
2.44935
2.62078
2.79196
2.96287
3.13351
3.30385
3.47388
3.64358
3.81293
3.98191
4.15052
4.31872
4.48651
4.65387
4.82078
4.98723
5.15319
5.31866
5.4836
5.64802
5.81189
5.97519
6.13792
6.30004
6.46155
6.62244
6.78267
6.94224
7.10114
7.25934
7.41683
7.57359
7.72962
7.88488
8.03938
8.19308
8.34598
8.49806
8.64931
8.7997
8.94923
9.09789
9.24564
9.39249
9.53841
9.68339
9.82742
9.97048
10.1126
10.2536
10.3937
10.5328
10.6708
10.8077
10.9436
11.0784
11.2121
11.3447
11.4762
11.6065
11.7357
11.8638
11.9906
12.1163
12.2408
12.3641
12.4861
12.6069
12.7265
12.8448
12.9618
13.0775
13.192
13.3051
13.4169
13.5274
13.6366
13.7444
13.8508
13.9558
14.0595
14.1618
14.2626
14.3621
14.4601
14.5567
14.6519
14.7455
14.8378
14.9285
15.0178
15.1055
15.1918
15.2766
15.3598
15.4415
15.5217
15.6003
15.6774
15.7529
15.8269
15.8993
15.9701
16.0393
16.1069
16.1729
16.2373
16.3
16.3612
16.4207
16.4786
16.5348
16.5894
16.6424
16.6936
16.7433
16.7912
16.8375
16.8821
16.925
16.9662
17.0058
17.0436
17.0797
17.1141
17.1469
17.1779
17.2072
17.2348
17.2606
17.2847
17.3071
17.3278
17.3468
17.364
17.3795
17.3932
17.4052
17.4155
17.424
17.4308
17.4358
17.4391
17.4407
17.4405
17.4386
17.4349
17.4295
17.4223
17.4134
17.4028
17.3904
17.3762
17.3604
17.3428
17.3234
17.3023
17.2795
17.255
17.2287
17.2007
17.171
17.1396
17.1064
17.0716
17.035
16.9967
16.9567
16.915
16.8716
16.8266
16.7798
16.7314
16.6812
16.6294
16.576
16.5208
16.4641
16.4056
16.3455
16.2838
16.2205
16.1555
16.0889
16.0206
15.9508
15.8794
15.8063
15.7317
15.6555
15.5777
15.4984
15.4175
15.3351
15.2511
15.1656
15.0785
14.9899
14.8999
14.8083
14.7152
14.6207
14.5247
14.4272
14.3283
14.2279
14.1261
14.0229
13.9183
13.8122
13.7048
13.596
13.4858
13.3743
13.2614
13.1471
13.0316
12.9147
12.7965
12.6771
12.5563
12.4343
12.311
12.1865
12.0608
11.9338
11.8057
11.6763
11.5458
11.4141
11.2812
11.1472
11.0121
10.8758
10.7385
10.6
10.4605
10.32
10.1783
10.0357
9.89203
9.74736
9.6017
9.45507
9.30747
9.15893
9.00947
8.85908
8.70779
8.55562
8.40258
8.24868
8.09394
7.93838
7.78201
7.62484
7.46689
7.30819
7.14873
6.98855
6.82765
6.66605
6.50377
6.34082
6.17722
6.01299
5.84814
5.68269
5.51665
5.35005
5.18289
5.0152
4.84699
4.67828
4.50908
4.33942
4.16931
3.99876
3.82779
3.65643
3.48468
3.31256
3.1401
2.96731
2.7942
2.6208
2.44711
2.27317
2.09898
1.92456
1.74993
1.57511
1.40012
1.22497
1.04967
0.874258
0.698738
0.523131
0.347453
0.171724
-0.00404063
-0.179822
-0.355603
-0.531366
-0.707094
-0.882768
-1.05837
-1.23389
-1.4093
-1.58458
-1.75973
-1.93472
-2.10953
-2.28414
-2.45855
-2.63273
-2.80666
-2.98033
-3.15372
-3.32681
-3.49958
-3.67202
-3.84412
-4.01584
-4.18718
-4.35812
-4.52864
-4.69873
-4.86836
-5.03752
-5.20619
-5.37436
-5.54202
-5.70913
-5.87569
-6.04168
-6.20708
-6.37187
-6.53605
-6.69959
-6.86247
-7.02469
-7.18621
-7.34704
-7.50715
-7.66652
-7.82514
-7.983
-8.14007
-8.29634
-8.4518
-8.60644
-8.76022
-8.91315
-9.0652
-9.21635
-9.3666
-9.51593
-9.66433
-9.81177
-9.95824
-10.1037
-10.2482
-10.3917
-10.5342
-10.6756
-10.816
-10.9553
-11.0935
-11.2306
-11.3666
-11.5015
-11.6353
-11.7679
-11.8993
-12.0296
-12.1587
-12.2866
-12.4132
-12.5386
-12.6628
-12.7858
-12.9074
-13.0278
-13.1469
-13.2647
-13.3812
-13.4963
-13.6102
-13.7226
-13.8337
-13.9435
-14.0518
-14.1588
-14.2643
-14.3685
-14.4712
-14.5724
-14.6723
-14.7706
-14.8675
-14.9629
-15.0569
-15.1493
-15.2402
-15.3297
-15.4176
-15.5039
-15.5887
-15.672
-15.7537
-15.8339
-15.9124
-15.9894
-16.0648
-16.1386
-16.2108
-16.2814
-16.3503
-16.4176
-16.4833
-16.5474
-16.6098
-16.6705
-16.7296
-16.787
-16.8428
-16.8968
-16.9492
-16.9999
-17.0489
-17.0962
-17.1418
-17.1857
-17.2278
-17.2683
-17.307
-17.344
-17.3793
-17.4128
-17.4446
-17.4747
-17.503
-17.5295
-17.5544
-17.5774
-17.5987
-17.6183
-17.636
-17.6521
-17.6663
-17.6788
-17.6896
-17.6985
-17.7057
-17.7111
-17.7148
-17.7167
-17.7168
-17.7151
-17.7117
-17.7065
-17.6995
-17.6908
-17.6802
-17.668
-17.6539
-17.6381
-17.6205
-17.6011
-17.58
-17.5572
-17.5325
-17.5061
-17.478
-17.4481
-17.4165
-17.3831
-17.348
-17.3111
-17.2725
-17.2322
-17.1901
-17.1463
-17.1008
-17.0536
-17.0047
-16.9541
-16.9018
-16.8477
-16.792
-16.7346
-16.6755
-16.6148
-16.5524
-16.4883
-16.4226
-16.3552
-16.2861
-16.2155
-16.1432
-16.0693
-15.9938
-15.9166
-15.8379
-15.7576
-15.6757
-15.5922
-15.5071
-15.4205
-15.3323
-15.2426
-15.1514
-15.0586
-14.9644
-14.8686
-14.7713
-14.6725
-14.5723
-14.4706
-14.3674
-14.2628
-14.1568
-14.0493
-13.9404
-13.8301
-13.7184
-13.6053
-13.4909
-13.3751
-13.2579
-13.1394
-13.0196
-12.8985
-12.776
-12.6523
-12.5273
-12.401
-12.2735
-12.1447
-12.0148
-11.8836
-11.7512
-11.6176
-11.4828
-11.3469
-11.2098
-11.0716
-10.9322
-10.7918
-10.6503
-10.5076
-10.364
-10.2192
-10.0735
-9.92669
-9.7789
-9.63011
-9.48034
-9.32961
-9.17794
-9.02533
-8.8718
-8.71737
-8.56206
-8.40587
-8.24882
-8.09094
-7.93223
-7.77271
-7.6124
-7.45131
-7.28946
-7.12686
-6.96354
-6.7995
-6.63476
-6.46935
-6.30327
-6.13655
-5.96919
-5.80122
-5.63266
-5.46351
-5.29381
-5.12355
-4.95277
-4.78147
-4.60968
-4.43741
-4.26468
-4.0915
-3.9179
-3.74389
-3.56949
-3.39471
-3.21958
-3.0441
-2.86831
-2.69221
-2.51582
-2.33917
-2.16226
-1.98512
-1.80776
-1.63021
-1.45247
-1.27457
-1.09652
-0.918353
-0.740071
-0.561697
-0.383249
-0.204745
-0.0262032
0.15236
0.330925
0.509475
0.687992
0.866458
1.04486
1.22317
1.40137
1.57946
1.7574
1.93519
2.1128
2.29021
2.46742
2.64439
2.82112
2.99759
3.17377
3.34965
3.52522
3.70045
3.87533
4.04984
4.22396
4.39767
4.57097
4.74382
4.91622
5.08814
5.25957
5.43049
5.60089
5.77074
5.94003
6.10875
6.27687
6.44438
6.61126
6.7775
6.94308
7.10798
7.27218
7.43568
7.59844
7.76047
7.92173
8.08222
8.24191
8.4008
8.55887
8.71609
8.87246
9.02795
9.18256
9.33627
9.48905
9.64091
9.79181
9.94175
10.0907
10.2387
10.3856
10.5316
10.6765
10.8203
10.9631
11.1048
11.2454
11.3849
11.5232
11.6604
11.7965
11.9314
12.0651
12.1977
12.329
12.4591
12.588
12.7156
12.842
12.9671
13.0909
13.2134
13.3346
13.4545
13.573
13.6903
13.8061
13.9206
14.0337
14.1454
14.2557
14.3646
14.472
14.5781
14.6827
14.7858
14.8874
14.9876
15.0863
15.1835
15.2792
15.3733
15.466
15.5571
15.6466
15.7346
15.821
15.9059
15.9892
16.0708
16.1509
16.2294
16.3063
16.3815
16.4551
16.5271
16.5974
16.6661
16.7331
16.7984
16.8621
16.9241
16.9844
17.043
17.0999
17.1551
17.2086
17.2604
17.3105
17.3588
17.4054
17.4503
17.4934
17.5348
17.5745
17.6123
17.6485
17.6828
17.7154
17.7463
17.7753
17.8026
17.8281
17.8518
17.8738
17.8939
17.9123
17.9289
17.9437
17.9567
17.9679
17.9773
17.9849
17.9907
17.9947
17.997
17.9974
17.996
17.9928
17.9878
17.981
17.9725
17.9621
17.9499
17.9359
17.9202
17.9026
17.8833
17.8621
17.8392
17.8145
17.788
17.7597
17.7296
17.6978
17.6642
17.6288
17.5917
17.5527
17.5121
17.4696
17.4255
17.3796
17.3319
17.2825
17.2313
17.1785
17.1239
17.0676
17.0096
16.9499
16.8884
16.8253
16.7605
16.694
16.6258
16.556
16.4845
16.4113
16.3365
16.2601
16.182
16.1023
16.021
15.9381
15.8535
15.7674
15.6797
15.5904
15.4995
15.4071
15.3131
15.2176
15.1206
15.022
14.922
14.8204
14.7173
14.6128
14.5068
14.3993
14.2903
14.18
14.0682
13.9549
13.8403
13.7243
13.6069
13.4881
13.368
13.2465
13.1236
12.9995
12.874
12.7473
12.6192
12.4899
12.3593
12.2275
12.0944
11.9601
11.8246
11.6879
11.55
11.411
11.2708
11.1294
10.9869
10.8434
10.6987
10.5529
10.4061
10.2582
10.1092
9.95927
9.80829
9.65633
9.50338
9.34946
9.1946
9.0388
8.88208
8.72445
8.56594
8.40656
8.24631
8.08523
7.92333
7.76061
7.5971
7.43282
7.26778
7.10199
6.93548
6.76826
6.60034
6.43175
6.26249
6.0926
5.92207
5.75094
5.57922
5.40692
5.23406
5.06066
4.88674
4.71231
4.5374
4.36201
4.18617
4.00989
3.83319
3.6561
3.47862
3.30077
3.12258
2.94405
2.76522
2.58609
2.40668
2.22701
2.04711
1.86698
1.68664
1.50612
1.32543
1.14459
0.963621
0.782535
0.601351
0.42009
0.238769
0.057405
-0.123982
-0.305376
-0.486756
-0.668107
-0.849408
-1.03064
-1.21179
-1.39284
-1.57376
-1.75455
-1.93518
-2.11563
-2.29589
-2.47594
-2.65576
-2.83533
-3.01464
-3.19366
-3.37238
-3.55078
-3.72885
-3.90655
-4.08389
-4.26084
-4.43737
-4.61348
-4.78915
-4.96436
-5.13908
-5.31331
-5.48703
-5.66022
-5.83285
-6.00492
-6.17641
-6.3473
-6.51757
-6.6872
-6.85618
-7.0245
-7.19212
-7.35905
-7.52526
-7.69073
-7.85545
-8.0194
-8.18256
-8.34492
-8.50646
-8.66717
-8.82703
-8.98602
-9.14413
-9.30134
-9.45764
-9.613
-9.76742
-9.92088
-10.0734
-10.2249
-10.3753
-10.5248
-10.6732
-10.8206
-10.9669
-11.1121
-11.2562
-11.3992
-11.5411
-11.6819
-11.8215
-11.9599
-12.0971
-12.2332
-12.368
-12.5016
-12.634
-12.7651
-12.895
-13.0236
-13.1509
-13.2769
-13.4016
-13.5249
-13.6469
-13.7676
-13.8869
-14.0048
-14.1213
-14.2365
-14.3502
-14.4625
-14.5733
-14.6827
-14.7907
-14.8972
-15.0022
-15.1057
-15.2077
-15.3082
-15.4072
-15.5047
-15.6006
-15.6949
-15.7877
-15.879
-15.9686
-16.0567
-16.1432
-16.228
-16.3113
-16.3929
-16.4729
-16.5513
-16.628
-16.703
-16.7764
-16.8482
-16.9182
-16.9866
-17.0532
-17.1182
-17.1815
-17.243
-17.3028
-17.361
-17.4173
-17.472
-17.5249
-17.576
-17.6254
-17.6731
-17.719
-17.7631
-17.8054
-17.846
-17.8848
-17.9218
-17.957
-17.9904
-18.022
-18.0519
-18.0799
-18.1061
-18.1305
-18.1531
-18.1739
-18.1929
-18.21
-18.2253
-18.2389
-18.2506
-18.2604
-18.2685
-18.2747
-18.2791
-18.2816
-18.2824
-18.2813
-18.2783
-18.2736
-18.267
-18.2586
-18.2484
-18.2363
-18.2224
-18.2067
-18.1892
-18.1698
-18.1487
-18.1257
-18.1009
-18.0743
-18.0459
-18.0156
-17.9836
-17.9498
-17.9141
-17.8767
-17.8375
-17.7965
-17.7537
-17.7091
-17.6627
-17.6146
-17.5647
-17.5131
-17.4597
-17.4045
-17.3476
-17.289
-17.2286
-17.1665
-17.1027
-17.0371
-16.9699
-16.9009
-16.8303
-16.7579
-16.6839
-16.6082
-16.5308
-16.4518
-16.3711
-16.2888
-16.2048
-16.1192
-16.032
-15.9432
-15.8527
-15.7607
-15.6671
-15.5719
-15.4751
-15.3768
-15.277
-15.1756
-15.0726
-14.9682
-14.8623
-14.7548
-14.6459
-14.5355
-14.4236
-14.3103
-14.1955
-14.0793
-13.9617
-13.8426
-13.7222
-13.6004
-13.4772
-13.3527
-13.2268
-13.0996
-12.971
-12.8412
-12.71
-12.5776
-12.4439
-12.3089
-12.1727
-12.0353
-11.8966
-11.7567
-11.6157
-11.4735
-11.3301
-11.1855
-11.0399
-10.8931
-10.7452
-10.5962
-10.4461
-10.295
-10.1429
-9.98968
-9.83548
-9.68027
-9.52409
-9.36693
-9.20882
-9.04978
-8.88982
-8.72895
-8.56719
-8.40456
-8.24107
-8.07674
-7.91159
-7.74563
-7.57888
-7.41135
-7.24307
-7.07404
-6.90429
-6.73384
-6.56269
-6.39087
-6.21839
-6.04528
-5.87154
-5.6972
-5.52227
-5.34677
-5.17072
-4.99413
-4.81703
-4.63942
-4.46134
-4.28279
-4.1038
-3.92438
-3.74454
-3.56432
-3.38372
-3.20276
-3.02147
-2.83985
-2.65793
-2.47573
-2.29327
-2.11055
-1.92761
-1.74445
-1.56111
-1.37758
-1.19391
-1.01009
-0.826155
-0.642118
-0.457999
-0.273816
-0.0895875
0.0946688
0.278934
0.46319
0.647418
0.831599
1.01572
1.19975
1.38368
1.56749
1.75117
1.93468
2.11803
2.30117
2.48411
2.66682
2.84928
3.03147
3.21337
3.39498
3.57626
3.7572
3.93779
4.118
4.29781
4.47721
4.65619
4.83471
5.01277
5.19035
5.36743
5.54398
5.72
5.89547
6.07036
6.24467
6.41836
6.59144
6.76387
6.93564
7.10673
7.27714
7.44683
7.61579
7.78401
7.95146
8.11814
8.28403
8.4491
8.61334
8.77674
8.93928
9.10094
9.2617
9.42156
9.58048
9.73847
9.8955
10.0516
10.2066
10.3607
10.5137
10.6657
10.8167
10.9666
11.1154
11.2631
11.4097
11.5551
11.6995
11.8426
11.9846
12.1255
12.2651
12.4035
12.5407
12.6766
12.8113
12.9447
13.0769
13.2077
13.3372
13.4654
13.5923
13.7179
13.842
13.9648
14.0863
14.2063
14.3249
14.4421
14.5579
14.6722
14.785
14.8964
15.0063
15.1148
15.2217
15.3271
15.431
15.5334
15.6342
15.7334
15.8311
15.9273
16.0218
16.1148
16.2061
16.2958
16.384
16.4704
16.5553
16.6385
16.72
16.7999
16.8781
16.9547
17.0295
17.1026
17.1741
17.2438
17.3118
17.3781
17.4427
17.5055
17.5666
17.6259
17.6835
17.7393
17.7933
17.8456
17.8961
17.9448
17.9917
18.0368
18.0801
18.1216
18.1614
18.1992
18.2353
18.2696
18.302
18.3326
18.3614
18.3884
18.4135
18.4367
18.4582
18.4777
18.4955
18.5114
18.5254
18.5376
18.5479
18.5564
18.5631
18.5678
18.5707
18.5718
18.571
18.5684
18.5638
18.5575
18.5493
18.5392
18.5272
18.5135
18.4978
18.4803
18.461
18.4398
18.4167
18.3919
18.3651
18.3366
18.3062
18.274
18.2399
18.204
18.1663
18.1268
18.0854
18.0422
17.9973
17.9505
17.9019
17.8515
17.7994
17.7454
17.6897
17.6322
17.5729
17.5119
17.4491
17.3846
17.3183
17.2503
17.1805
17.109
17.0358
16.9609
16.8843
16.806
16.726
16.6443
16.561
16.4759
16.3893
16.301
16.211
16.1194
16.0262
15.9314
15.835
15.7369
15.6373
15.5362
15.4334
15.3291
15.2233
15.1159
15.007
14.8966
14.7847
14.6713
14.5565
14.4401
14.3223
14.2031
14.0824
13.9603
13.8368
13.7119
13.5857
13.458
13.329
13.1986
13.067
12.9339
12.7996
12.664
12.5271
12.389
12.2496
12.1089
11.9671
11.824
11.6797
11.5342
11.3876
11.2398
11.0909
10.9409
10.7897
10.6375
10.4841
10.3298
10.1743
10.0178
9.86036
9.70187
9.54239
9.38195
9.22054
9.0582
8.89494
8.73078
8.56572
8.39979
8.233
8.06538
7.89693
7.72767
7.55763
7.38681
7.21523
7.04292
6.86989
6.69615
6.52172
6.34662
6.17088
5.9945
5.8175
5.6399
5.46172
5.28297
5.10368
4.92386
4.74353
4.56271
4.38141
4.19966
4.01747
3.83486
3.65185
3.46845
3.28469
3.10058
2.91615
2.7314
2.54636
2.36105
2.17549
1.98969
1.80367
1.61745
1.43105
1.24449
1.05778
0.870957
0.684023
0.497002
0.309913
0.122774
-0.0643961
-0.251578
-0.438754
-0.625905
-0.813012
-1.00006
-1.18702
-1.37388
-1.56063
-1.74723
-1.93368
-2.11996
-2.30604
-2.49191
-2.67755
-2.86294
-3.04807
-3.2329
-3.41744
-3.60164
-3.78551
-3.96902
-4.15215
-4.33488
-4.51719
-4.69908
-4.88051
-5.06147
-5.24194
-5.42191
-5.60135
-5.78025
-5.95859
-6.13635
-6.31352
-6.49007
-6.66599
-6.84127
-7.01587
-7.18979
-7.36301
-7.53551
-7.70728
-7.87829
-8.04853
-8.21798
-8.38663
-8.55446
-8.72145
-8.88758
-9.05284
-9.21721
-9.38067
-9.54322
-9.70482
-9.86548
-10.0252
-10.1839
-10.3415
-10.4982
-10.6539
-10.8084
-10.962
-11.1144
-11.2658
-11.416
-11.5651
-11.7131
-11.8599
-12.0055
-12.15
-12.2932
-12.4353
-12.5761
-12.7156
-12.854
-12.991
-13.1267
-13.2612
-13.3943
-13.5261
-13.6566
-13.7857
-13.9135
-14.0399
-14.1649
-14.2884
-14.4106
-14.5313
-14.6506
-14.7685
-14.8849
-14.9998
-15.1132
-15.2251
-15.3355
-15.4444
-15.5517
-15.6575
-15.7617
-15.8644
-15.9655
-16.065
-16.163
-16.2593
-16.354
-16.447
-16.5385
-16.6283
-16.7164
-16.8029
-16.8877
-16.9708
-17.0522
-17.132
-17.21
-17.2863
-17.3609
-17.4338
-17.5049
-17.5743
-17.6419
-17.7078
-17.7719
-17.8343
-17.8949
-17.9536
-18.0106
-18.0658
-18.1192
-18.1708
-18.2206
-18.2686
-18.3147
-18.359
-18.4015
-18.4422
-18.481
-18.5179
-18.553
-18.5863
-18.6177
-18.6473
-18.675
-18.7008
-18.7247
-18.7468
-18.767
-18.7854
-18.8018
-18.8164
-18.8291
-18.8399
-18.8489
-18.8559
-18.8611
-18.8644
-18.8658
-18.8653
-18.8629
-18.8587
-18.8525
-18.8445
-18.8346
-18.8227
-18.8091
-18.7935
-18.776
-18.7567
-18.7355
-18.7124
-18.6875
-18.6606
-18.6319
-18.6014
-18.569
-18.5347
-18.4985
-18.4605
-18.4207
-18.379
-18.3355
-18.2901
-18.2429
-18.1938
-18.143
-18.0903
-18.0358
-17.9795
-17.9214
-17.8615
-17.7998
-17.7363
-17.6711
-17.604
-17.5352
-17.4647
-17.3923
-17.3183
-17.2425
-17.1649
-17.0857
-17.0047
-16.922
-16.8376
-16.7516
-16.6638
-16.5744
-16.4833
-16.3905
-16.2961
-16.2001
-16.1024
-16.0031
-15.9022
-15.7997
-15.6956
-15.5899
-15.4827
-15.3739
-15.2635
-15.1516
-15.0382
-14.9233
-14.8068
-14.6889
-14.5695
-14.4486
-14.3263
-14.2025
-14.0773
-13.9507
-13.8226
-13.6932
-13.5624
-13.4302
-13.2966
-13.1617
-13.0255
-12.888
-12.7492
-12.609
-12.4676
-12.325
-12.1811
-12.0359
-11.8896
-11.742
-11.5933
-11.4433
-11.2923
-11.14
-10.9867
-10.8322
-10.6766
-10.52
-10.3623
-10.2035
-10.0437
-9.88286
-9.72103
-9.55821
-9.39442
-9.22967
-9.06398
-8.89737
-8.72985
-8.56145
-8.39216
-8.22203
-8.05105
-7.87925
-7.70665
-7.53326
-7.3591
-7.18418
-7.00853
-6.83216
-6.65509
-6.47734
-6.29892
-6.11986
-5.94016
-5.75985
-5.57895
-5.39747
-5.21543
-5.03286
-4.84976
-4.66616
-4.48207
-4.29752
-4.11252
-3.92709
-3.74125
-3.55501
-3.3684
-3.18144
-2.99414
-2.80652
-2.6186
-2.4304
-2.24194
-2.05324
-1.86431
-1.67518
-1.48586
-1.29637
-1.10673
-0.916967
-0.727091
-0.537123
-0.347082
-0.156988
0.0331416
0.223286
0.413428
0.603547
0.793625
0.983643
1.17358
1.36342
1.55314
1.74273
1.93216
2.12142
2.31048
2.49933
2.68795
2.87632
3.06442
3.25224
3.43974
3.62693
3.81376
4.00024
4.18633
4.37203
4.5573
4.74214
4.92652
5.11043
5.29385
5.47675
5.65913
5.84095
6.02222
6.20289
6.38297
6.56242
6.74124
6.9194
7.09689
7.27368
7.44977
7.62512
7.79974
7.97359
8.14666
8.31893
8.49039
8.66101
8.83079
8.9997
9.16773
9.33486
9.50107
9.66634
9.83067
9.99403
10.1564
10.3178
10.4782
10.6375
10.7958
10.953
11.1091
11.2642
11.4181
11.5709
11.7226
11.8731
12.0224
12.1706
12.3175
12.4632
12.6077
12.751
12.893
13.0337
13.1731
13.3112
13.4481
13.5835
13.7177
13.8504
13.9818
14.1118
14.2405
14.3677
14.4934
14.6178
14.7407
14.8621
14.9821
15.1005
15.2175
15.333
15.4469
15.5593
15.6702
15.7795
15.8873
15.9934
16.098
16.201
16.3023
16.4021
16.5002
16.5967
16.6915
16.7847
16.8762
16.966
17.0541
17.1405
17.2253
17.3083
17.3896
17.4691
17.547
17.623
17.6974
17.7699
17.8407
17.9097
17.9769
18.0424
18.106
18.1678
18.2279
18.2861
18.3425
18.397
18.4497
18.5006
18.5497
18.5968
18.6422
18.6856
18.7273
18.767
18.8049
18.8409
18.875
18.9072
18.9375
18.966
18.9925
19.0172
19.0399
19.0608
19.0797
19.0968
19.1119
19.1252
19.1365
19.1459
19.1534
19.1589
19.1626
19.1644
19.1642
19.1621
19.1581
19.1522
19.1443
19.1346
19.1229
19.1093
19.0938
19.0764
19.0571
19.0359
19.0128
18.9878
18.9608
18.932
18.9013
18.8687
18.8341
18.7978
18.7595
18.7193
18.6773
18.6334
18.5876
18.54
18.4905
18.4391
18.3859
18.3309
18.274
18.2153
18.1547
18.0924
18.0282
17.9622
17.8944
17.8248
17.7534
17.6803
17.6054
17.5286
17.4502
17.37
17.288
17.2043
17.1189
17.0317
16.9429
16.8523
16.7601
16.6661
16.5705
16.4732
16.3743
16.2737
16.1715
16.0676
15.9621
15.8551
15.7464
15.6361
15.5243
15.4109
15.2959
15.1794
15.0614
14.9419
14.8208
14.6983
14.5743
14.4488
14.3218
14.1935
14.0636
13.9324
13.7997
13.6657
13.5303
13.3935
13.2553
13.1158
12.975
12.8329
12.6895
12.5448
12.3988
12.2516
12.1031
11.9534
11.8025
11.6504
11.4972
11.3427
11.1871
11.0304
10.8726
10.7136
10.5536
10.3925
10.2303
10.0671
9.90291
9.73768
9.57146
9.40427
9.23611
9.06702
8.89701
8.72609
8.55428
8.38159
8.20805
8.03368
7.85848
7.68248
7.50569
7.32813
7.14983
6.97079
6.79104
6.61059
6.42946
6.24766
6.06523
5.88217
5.69851
5.51425
5.32943
5.14405
4.95815
4.77172
4.58481
4.39741
4.20956
4.02126
3.83255
3.64343
3.45393
3.26407
3.07386
2.88332
2.69248
2.50135
2.30995
2.1183
1.92642
1.73432
1.54204
1.34958
1.15696
0.964213
0.771348
0.578387
0.385349
0.192253
-0.000881734
-0.194036
-0.387189
-0.580324
-0.773419
-0.966457
-1.15942
-1.35228
-1.54503
-1.73764
-1.9301
-2.12238
-2.31447
-2.50635
-2.698
-2.8894
-3.08052
-3.27136
-3.46189
-3.6521
-3.84195
-4.03144
-4.22055
-4.40926
-4.59754
-4.78538
-4.97276
-5.15966
-5.34607
-5.53196
-5.71731
-5.90212
-6.08635
-6.26999
-6.45302
-6.63542
-6.81718
-6.99828
-7.17869
-7.3584
-7.5374
-7.71566
-7.89317
-8.0699
-8.24585
-8.42099
-8.5953
-8.76877
-8.94138
-9.11312
-9.28396
-9.45389
-9.62289
-9.79095
-9.95804
-10.1242
-10.2893
-10.4534
-10.6165
-10.7785
-10.9395
-11.0994
-11.2582
-11.4158
-11.5724
-11.7278
-11.8821
-12.0352
-12.1871
-12.3378
-12.4873
-12.6355
-12.7825
-12.9283
-13.0727
-13.2159
-13.3577
-13.4983
-13.6375
-13.7753
-13.9118
-14.0469
-14.1806
-14.3129
-14.4438
-14.5733
-14.7013
-14.8279
-14.953
-15.0766
-15.1987
-15.3193
-15.4384
-15.5559
-15.6719
-15.7864
-15.8993
-16.0106
-16.1203
-16.2284
-16.3349
-16.4398
-16.5431
-16.6447
-16.7446
-16.8429
-16.9395
-17.0344
-17.1277
-17.2192
-17.309
-17.3971
-17.4835
-17.5681
-17.651
-17.7321
-17.8115
-17.889
-17.9648
-18.0389
-18.1111
-18.1815
-18.2501
-18.3169
-18.3818
-18.4449
-18.5062
-18.5657
-18.6233
-18.679
-18.7329
-18.7849
-18.835
-18.8833
-18.9296
-18.9741
-19.0167
-19.0574
-19.0962
-19.1331
-19.168
-19.2011
-19.2322
-19.2615
-19.2888
-19.3141
-19.3376
-19.3591
-19.3787
-19.3963
-19.412
-19.4258
-19.4376
-19.4475
-19.4554
-19.4614
-19.4655
-19.4676
-19.4678
-19.466
-19.4622
-19.4565
-19.4489
-19.4393
-19.4278
-19.4143
-19.3989
-19.3816
-19.3623
-19.3411
-19.3179
-19.2928
-19.2658
-19.2368
-19.2059
-19.1731
-19.1384
-19.1018
-19.0632
-19.0227
-18.9804
-18.9361
-18.8899
-18.8418
-18.7919
-18.74
-18.6863
-18.6307
-18.5732
-18.5139
-18.4527
-18.3897
-18.3248
-18.2581
-18.1895
-18.1191
-18.0469
-17.9729
-17.8971
-17.8195
-17.7401
-17.6589
-17.576
-17.4912
-17.4048
-17.3165
-17.2266
-17.1349
-17.0414
-16.9463
-16.8494
-16.7509
-16.6507
-16.5488
-16.4452
-16.34
-16.2331
-16.1246
-16.0145
-15.9028
-15.7895
-15.6745
-15.558
-15.44
-15.3203
-15.1992
-15.0765
-14.9522
-14.8265
-14.6993
-14.5706
-14.4404
-14.3088
-14.1757
-14.0412
-13.9052
-13.7679
-13.6292
-13.4891
-13.3476
-13.2048
-13.0607
-12.9152
-12.7684
-12.6204
-12.471
-12.3204
-12.1686
-12.0155
-11.8612
-11.7057
-11.549
-11.3912
-11.2322
-11.072
-10.9107
-10.7483
-10.5849
-10.4203
-10.2547
-10.0881
-9.9204
-9.75172
-9.58205
-9.4114
-9.23979
-9.06724
-8.89377
-8.71939
-8.54412
-8.36798
-8.19099
-8.01316
-7.83451
-7.65506
-7.47482
-7.29382
-7.11207
-6.92959
-6.74641
-6.56252
-6.37797
-6.19275
-6.0069
-5.82043
-5.63336
-5.44571
-5.2575
-5.06873
-4.87945
-4.68966
-4.49937
-4.30862
-4.11742
-3.92579
-3.73375
-3.54132
-3.34851
-3.15535
-2.96185
-2.76804
-2.57393
-2.37954
-2.1849
-1.99002
-1.79492
-1.59962
-1.40414
-1.2085
-1.01272
-0.816822
-0.620821
-0.424739
-0.228594
-0.0324073
0.163803
0.360016
0.556212
0.752373
0.948478
1.14451
1.34044
1.53626
1.73195
1.92748
2.12284
2.31801
2.51296
2.70769
2.90216
3.09636
3.29027
3.48387
3.67714
3.87007
4.06262
4.25479
4.44655
4.63789
4.82878
5.01921
5.20916
5.3986
5.58752
5.77591
5.96373
6.15098
6.33763
6.52366
6.70907
6.89382
7.07789
7.26128
7.44396
7.62592
7.80713
7.98758
8.16724
8.34611
8.52416
8.70138
8.87775
9.05324
9.22785
9.40155
9.57433
9.74617
9.91705
10.087
10.2559
10.4238
10.5907
10.7565
10.9213
11.085
11.2476
11.4091
11.5695
11.7287
11.8868
12.0437
12.1994
12.3539
12.5072
12.6593
12.8101
12.9596
13.1079
13.2549
13.4005
13.5448
13.6878
13.8295
13.9697
14.1086
14.2461
14.3822
14.5168
14.65
14.7818
14.9121
15.0409
15.1682
15.2941
15.4184
15.5411
15.6624
15.782
15.9002
16.0167
16.1316
16.245
16.3567
16.4668
16.5753
16.6821
16.7873
16.8908
16.9926
17.0927
17.1912
17.2879
17.3829
17.4762
17.5677
17.6575
17.7455
17.8318
17.9163
17.999
18.0799
18.159
18.2363
18.3118
18.3855
18.4573
18.5273
18.5955
18.6618
18.7262
18.7888
18.8495
18.9083
18.9652
19.0203
19.0734
19.1247
19.174
19.2215
19.267
19.3106
19.3522
19.392
19.4298
19.4656
19.4995
19.5315
19.5615
19.5896
19.6157
19.6398
19.662
19.6822
19.7005
19.7168
19.7311
19.7435
19.7538
19.7622
19.7687
19.7731
19.7756
19.7761
19.7746
19.7711
19.7657
19.7583
19.7489
19.7375
19.7242
19.7089
19.6916
19.6723
19.6511
19.6279
19.6027
19.5756
19.5465
19.5155
19.4825
19.4475
19.4106
19.3718
19.331
19.2883
19.2436
19.1971
19.1485
19.0981
19.0458
18.9915
18.9354
18.8773
18.8174
18.7555
18.6918
18.6262
18.5588
18.4895
18.4183
18.3452
18.2704
18.1937
18.1151
18.0348
17.9526
17.8687
17.7829
17.6953
17.606
17.5149
17.4221
17.3275
17.2311
17.133
17.0332
16.9317
16.8285
16.7236
16.617
16.5087
16.3987
16.2872
16.1739
16.0591
15.9426
15.8245
15.7049
15.5836
15.4608
15.3364
15.2105
15.083
14.954
14.8236
14.6916
14.5581
14.4232
14.2868
14.1489
14.0097
13.869
13.7269
13.5834
13.4386
13.2924
13.1449
12.996
12.8458
12.6943
12.5415
12.3875
12.2322
12.0757
11.9179
11.759
11.5988
11.4375
11.275
11.1114
10.9466
10.7807
10.6137
10.4457
10.2766
10.1064
9.93526
9.76307
9.58989
9.41573
9.24061
9.06455
8.88757
8.70968
8.5309
8.35125
8.17074
7.9894
7.80725
7.62429
7.44056
7.25606
7.07082
6.88485
6.69817
6.51081
6.32278
6.13409
5.94478
5.75485
5.56432
5.37322
5.18157
4.98937
4.79666
4.60345
4.40976
4.21561
4.02102
3.826
3.63059
3.43479
3.23863
3.04213
2.8453
2.64817
2.45075
2.25307
2.05514
1.85699
1.65863
1.46009
1.26138
1.06252
0.863539
0.664452
0.465278
0.266037
0.06675
-0.132564
-0.331884
-0.531191
-0.730465
-0.929686
-1.12883
-1.32789
-1.52683
-1.72564
-1.9243
-2.12278
-2.32107
-2.51915
-2.717
-2.91459
-3.11192
-3.30895
-3.50567
-3.70206
-3.8981
-4.09377
-4.28905
-4.48392
-4.67836
-4.87235
-5.06587
-5.25891
-5.45144
-5.64345
-5.83491
-6.0258
-6.21612
-6.40583
-6.59491
-6.78336
-6.97115
-7.15826
-7.34467
-7.53037
-7.71533
-7.89954
-8.08298
-8.26562
-8.44746
-8.62848
-8.80864
-8.98795
-9.16637
-9.3439
-9.52051
-9.69618
-9.8709
-10.0447
-10.2174
-10.3892
-10.5599
-10.7296
-10.8983
-11.0658
-11.2323
-11.3977
-11.5619
-11.7251
-11.887
-12.0478
-12.2074
-12.3658
-12.523
-12.6789
-12.8336
-12.987
-13.1391
-13.2899
-13.4395
-13.5876
-13.7345
-13.88
-14.0241
-14.1668
-14.3081
-14.448
-14.5865
-14.7235
-14.8591
-14.9932
-15.1258
-15.2569
-15.3865
-15.5146
-15.6411
-15.7661
-15.8895
-16.0114
-16.1316
-16.2503
-16.3673
-16.4827
-16.5965
-16.7087
-16.8191
-16.9279
-17.035
-17.1405
-17.2442
-17.3462
-17.4465
-17.545
-17.6418
-17.7369
-17.8302
-17.9217
-18.0114
-18.0993
-18.1855
-18.2698
-18.3523
-18.433
-18.5118
-18.5888
-18.664
-18.7373
-18.8087
-18.8782
-18.9459
-19.0117
-19.0756
-19.1376
-19.1976
-19.2558
-19.3121
-19.3664
-19.4188
-19.4692
-19.5177
-19.5643
-19.6089
-19.6516
-19.6923
-19.731
-19.7677
-19.8025
-19.8353
-19.8662
-19.895
-19.9219
-19.9467
-19.9696
-19.9905
-20.0094
-20.0263
-20.0412
-20.054
-20.0649
-20.0738
-20.0807
-20.0855
-20.0884
-20.0892
-20.0881
-20.0849
-20.0797
-20.0725
-20.0633
-20.0521
-20.0389
-20.0237
-20.0064
-19.9872
-19.966
-19.9428
-19.9175
-19.8903
-19.8611
-19.8299
-19.7967
-19.7616
-19.7244
-19.6853
-19.6442
-19.6012
-19.5561
-19.5091
-19.4602
-19.4093
-19.3565
-19.3017
-19.245
-19.1863
-19.1258
-19.0633
-18.9989
-18.9326
-18.8644
-18.7943
-18.7223
-18.6484
-18.5727
-18.4951
-18.4156
-18.3343
-18.2511
-18.1662
-18.0793
-17.9907
-17.9003
-17.808
-17.714
-17.6182
-17.5206
-17.4213
-17.3202
-17.2174
-17.1128
-17.0065
-16.8985
-16.7888
-16.6774
-16.5644
-16.4496
-16.3333
-16.2152
-16.0955
-15.9743
-15.8514
-15.7269
-15.6008
-15.4731
-15.3439
-15.2131
-15.0808
-14.947
-14.8117
-14.6749
-14.5366
-14.3968
-14.2556
-14.1129
-13.9688
-13.8233
-13.6764
-13.5281
-13.3785
-13.2275
-13.0752
-12.9215
-12.7665
-12.6103
-12.4527
-12.2939
-12.1339
-11.9726
-11.8101
-11.6465
-11.4816
-11.3156
-11.1484
-10.9801
-10.8106
-10.6401
-10.4685
-10.2959
-10.1221
-9.9474
-9.77165
-9.5949
-9.41717
-9.23848
-9.05885
-8.8783
-8.69684
-8.5145
-8.33128
-8.14722
-7.96232
-7.7766
-7.59009
-7.4028
-7.21475
-7.02596
-6.83645
-6.64624
-6.45535
-6.26379
-6.07158
-5.87875
-5.68531
-5.49128
-5.29669
-5.10154
-4.90587
-4.70968
-4.513
-4.31586
-4.11826
-3.92023
-3.72179
-3.52296
-3.32375
-3.12419
-2.9243
-2.7241
-2.52361
-2.32284
-2.12182
-1.92057
-1.7191
-1.51745
-1.31562
-1.11364
-0.911528
-0.709305
-0.506992
-0.304607
-0.102171
0.100295
0.302771
0.505237
0.707673
0.910059
1.11237
1.3146
1.51671
1.71869
1.92052
2.12218
2.32364
2.5249
2.72592
2.92668
3.12718
3.32738
3.52727
3.72683
3.92604
4.12487
4.32331
4.52133
4.71893
4.91607
5.11274
5.30892
5.50459
5.69973
5.89431
6.08833
6.28176
6.47457
6.66676
6.85831
7.04918
7.23937
7.42886
7.61762
7.80564
7.99289
8.17937
8.36505
8.54991
8.73393
8.91709
9.09939
9.28079
9.46128
9.64085
9.81947
9.99712
10.1738
10.3495
10.5241
10.6977
10.8703
11.0418
11.2122
11.3815
11.5497
11.7168
11.8826
12.0474
12.2109
12.3732
12.5343
12.6942
12.8528
13.0102
13.1662
13.321
13.4744
13.6265
13.7773
13.9267
14.0747
14.2214
14.3666
14.5104
14.6527
14.7937
14.9331
15.0711
15.2076
15.3425
15.476
15.6079
15.7382
15.8671
15.9943
16.1199
16.244
16.3664
16.4872
16.6064
16.7239
16.8398
16.954
17.0665
17.1773
17.2864
17.3938
17.4994
17.6033
17.7055
17.8059
17.9046
18.0014
18.0965
18.1898
18.2812
18.3708
18.4587
18.5446
18.6288
18.711
18.7914
18.87
18.9466
19.0214
19.0943
19.1653
19.2343
19.3015
19.3667
19.43
19.4914
19.5508
19.6082
19.6638
19.7173
19.7689
19.8185
19.8661
19.9118
19.9555
19.9971
20.0368
20.0745
20.1102
20.1438
20.1755
20.2052
20.2328
20.2584
20.282
20.3035
20.3231
20.3406
20.356
20.3695
20.3809
20.3902
20.3975
20.4028
20.4061
20.4073
20.4064
20.4035
20.3986
20.3917
20.3827
20.3716
20.3586
20.3434
20.3263
20.3071
20.2859
20.2626
20.2374
20.2101
20.1807
20.1494
20.116
20.0806
20.0433
20.0039
19.9624
19.919
19.8736
19.8263
19.7769
19.7255
19.6722
19.6169
19.5596
19.5003
19.4391
19.376
19.3109
19.2439
19.1749
19.104
19.0312
18.9565
18.8799
18.8014
18.721
18.6387
18.5546
18.4685
18.3807
18.2909
18.1994
18.106
18.0108
17.9138
17.815
17.7144
17.612
17.5078
17.4019
17.2942
17.1848
17.0737
16.9608
16.8462
16.73
16.612
16.4924
16.3711
16.2482
16.1236
15.9974
15.8696
15.7402
15.6092
15.4766
15.3425
15.2068
15.0696
14.9309
14.7907
14.6489
14.5057
14.361
14.2149
14.0674
13.9184
13.768
13.6162
13.463
13.3085
13.1527
12.9955
12.8369
12.6771
12.516
12.3537
12.1901
12.0252
11.8591
11.6919
11.5234
11.3538
11.183
11.0111
10.8381
10.6639
10.4887
10.3124
10.1351
9.95672
9.77735
9.59697
9.41562
9.23331
9.05006
8.86588
8.6808
8.49483
8.308
8.12031
7.9318
7.74247
7.55235
7.36145
7.1698
6.97741
6.78431
6.59051
6.39603
6.20089
6.00511
5.80871
5.61171
5.41413
5.21599
5.01731
4.81811
4.6184
4.41821
4.21756
4.01647
3.81496
3.61304
3.41075
3.20809
3.00509
2.80177
2.59815
2.39425
2.19009
1.98569
1.78107
1.57625
1.37126
1.16611
0.960817
0.75541
0.549908
0.344329
0.138696
-0.0669714
-0.272653
-0.478328
-0.683975
-0.889575
-1.09511
-1.30055
-1.50588
-1.71108
-1.91614
-2.12102
-2.32571
-2.53018
-2.73443
-2.93842
-3.14214
-3.34556
-3.54867
-3.75145
-3.95387
-4.15592
-4.35757
-4.5588
-4.7596
-4.95994
-5.15981
-5.35918
-5.55804
-5.75635
-5.95412
-6.15131
-6.3479
-6.54388
-6.73922
-6.93391
-7.12792
-7.32124
-7.51385
-7.70572
-7.89685
-8.0872
-8.27677
-8.46552
-8.65345
-8.84053
-9.02675
-9.21208
-9.39651
-9.58002
-9.76258
-9.94419
-10.1248
-10.3045
-10.4831
-10.6607
-10.8372
-11.0127
-11.1871
-11.3604
-11.5326
-11.7036
-11.8735
-12.0422
-12.2098
-12.3761
-12.5412
-12.7051
-12.8677
-13.029
-13.1891
-13.3479
-13.5053
-13.6614
-13.8161
-13.9695
-14.1215
-14.2721
-14.4213
-14.5691
-14.7154
-14.8603
-15.0037
-15.1456
-15.286
-15.4249
-15.5623
-15.6981
-15.8323
-15.965
-16.0962
-16.2257
-16.3536
-16.4799
-16.6045
-16.7275
-16.8489
-16.9685
-17.0865
-17.2028
-17.3174
-17.4302
-17.5414
-17.6508
-17.7584
-17.8642
-17.9683
-18.0706
-18.1711
-18.2698
-18.3667
-18.4618
-18.555
-18.6464
-18.7359
-18.8235
-18.9093
-18.9932
-19.0752
-19.1553
-19.2335
-19.3098
-19.3842
-19.4566
-19.5271
-19.5956
-19.6622
-19.7268
-19.7895
-19.8502
-19.9089
-19.9656
-20.0204
-20.0731
-20.1239
-20.1726
-20.2193
-20.264
-20.3067
-20.3473
-20.386
-20.4225
-20.4571
-20.4896
-20.5201
-20.5485
-20.5748
-20.5991
-20.6214
-20.6416
-20.6597
-20.6758
-20.6898
-20.7017
-20.7116
-20.7193
-20.7251
-20.7287
-20.7303
-20.7298
-20.7272
-20.7226
-20.7158
-20.7071
-20.6962
-20.6833
-20.6683
-20.6512
-20.6321
-20.6109
-20.5876
-20.5623
-20.5349
-20.5054
-20.4739
-20.4404
-20.4048
-20.3672
-20.3275
-20.2858
-20.242
-20.1962
-20.1484
-20.0986
-20.0468
-19.993
-19.9371
-19.8793
-19.8194
-19.7576
-19.6938
-19.628
-19.5602
-19.4905
-19.4188
-19.3452
-19.2696
-19.1921
-19.1127
-19.0314
-18.9481
-18.8629
-18.7759
-18.6869
-18.5961
-18.5034
-18.4089
-18.3125
-18.2143
-18.1142
-18.0123
-17.9086
-17.8031
-17.6958
-17.5867
-17.4759
-17.3633
-17.2489
-17.1328
-17.015
-16.8955
-16.7742
-16.6513
-16.5267
-16.4005
-16.2726
-16.143
-16.0118
-15.879
-15.7446
-15.6087
-15.4711
-15.332
-15.1913
-15.0491
-14.9054
-14.7602
-14.6135
-14.4653
-14.3156
-14.1645
-14.012
-13.858
-13.7027
-13.546
-13.3879
-13.2284
-13.0676
-12.9055
-12.7421
-12.5773
-12.4114
-12.2441
-12.0756
-11.9059
-11.735
-11.5629
-11.3896
-11.2151
-11.0396
-10.8629
-10.6851
-10.5062
-10.3262
-10.1452
-9.96314
-9.78008
-9.59603
-9.41099
-9.225
-9.03807
-8.85021
-8.66145
-8.4718
-8.28129
-8.08993
-7.89775
-7.70475
-7.51097
-7.31641
-7.1211
-6.92506
-6.72831
-6.53087
-6.33275
-6.13398
-5.93458
-5.73457
-5.53396
-5.33277
-5.13104
-4.92877
-4.72599
-4.52271
-4.31896
-4.11476
-3.91013
-3.70509
-3.49965
-3.29385
-3.08769
-2.88121
-2.67441
-2.46733
-2.25998
-2.05239
-1.84457
-1.63654
-1.42833
-1.21995
-1.01143
-0.802794
-0.594053
-0.385232
-0.176351
0.032568
0.241505
0.450438
0.659348
0.868212
1.07701
1.28572
1.49433
1.7028
1.91113
2.11928
2.32725
2.535
2.74252
2.94979
3.15678
3.36348
3.56986
3.7759
3.98159
4.1869
4.39181
4.59631
4.80036
5.00396
5.20707
5.40969
5.61178
5.81333
6.01432
6.21473
6.41454
6.61373
6.81228
7.01016
7.20736
7.40387
7.59965
7.79469
7.98897
8.18247
8.37517
8.56706
8.75811
8.9483
9.13761
9.32603
9.51354
9.70011
9.88573
10.0704
10.254
10.4367
10.6183
10.7989
10.9784
11.1569
11.3342
11.5105
11.6856
11.8595
12.0323
12.2039
12.3743
12.5435
12.7114
12.8781
13.0435
13.2076
13.3704
13.5319
13.692
13.8509
14.0083
14.1643
14.319
14.4722
14.624
14.7744
14.9233
15.0707
15.2166
15.361
15.5039
15.6453
15.7851
15.9233
16.06
16.195
16.3285
16.4603
16.5906
16.7191
16.846
16.9713
17.0948
17.2167
17.3368
17.4552
17.5719
17.6869
17.8
17.9115
18.0211
18.1289
18.235
18.3392
18.4416
18.5422
18.6409
18.7378
18.8328
18.9259
19.0172
19.1066
19.194
19.2796
19.3632
19.4449
19.5247
19.6025
19.6784
19.7523
19.8242
19.8942
19.9621
20.0281
20.0921
20.1541
20.2141
20.2721
20.328
20.382
20.4338
20.4837
20.5315
20.5773
20.621
20.6626
20.7022
20.7397
20.7752
20.8085
20.8398
20.869
20.8962
20.9212
20.9442
20.965
20.9838
21.0005
21.0151
21.0275
21.0379
21.0462
21.0523
21.0564
21.0584
21.0582
21.0559
21.0516
21.0451
21.0366
21.0259
21.0131
20.9982
20.9812
20.9621
20.941
20.9177
20.8923
20.8648
20.8353
20.8037
20.7699
20.7341
20.6962
20.6563
20.6143
20.5702
20.524
20.4758
20.4256
20.3733
20.3189
20.2625
20.2041
20.1436
20.0812
20.0167
19.9502
19.8817
19.8112
19.7388
19.6643
19.5879
19.5095
19.4291
19.3468
19.2626
19.1764
19.0883
18.9983
18.9063
18.8125
18.7168
18.6192
18.5197
18.4183
18.3152
18.2101
18.1033
17.9946
17.8841
17.7718
17.6577
17.5418
17.4242
17.3048
17.1837
17.0608
16.9363
16.81
16.682
16.5524
16.421
16.2881
16.1534
16.0172
15.8793
15.7399
15.5988
15.4562
15.312
15.1663
15.019
14.8702
14.7199
14.5682
14.4149
14.2602
14.1041
13.9465
13.7875
13.6272
13.4654
13.3023
13.1378
12.9721
12.805
12.6366
12.4669
12.2959
12.1237
11.9503
11.7757
11.5999
11.4229
11.2447
11.0654
10.8849
10.7034
10.5208
10.3371
10.1523
9.96655
9.77975
9.59196
9.40318
9.21345
9.02278
8.83119
8.63869
8.44531
8.25107
8.05598
7.86007
7.66335
7.46584
7.26757
7.06855
6.86881
6.66836
6.46722
6.26541
6.06296
5.85988
5.6562
5.45193
5.24709
5.04171
4.83581
4.6294
4.4225
4.21515
4.00735
3.79913
3.59051
3.3815
3.17214
2.96245
2.75243
2.54212
2.33153
2.12069
1.90962
1.69833
1.48685
1.27521
1.06341
0.851486
0.639456
0.427341
0.215163
0.00294101
-0.209302
-0.421545
-0.633768
-0.845948
-1.05807
-1.2701
-1.48202
-1.69382
-1.90547
-2.11696
-2.32825
-2.53933
-2.75017
-2.96077
-3.17109
-3.38111
-3.59081
-3.80018
-4.00919
-4.21781
-4.42604
-4.63385
-4.84121
-5.04811
-5.25452
-5.46043
-5.66582
-5.87065
-6.07493
-6.27861
-6.48169
-6.68414
-6.88594
-7.08707
-7.28752
-7.48725
-7.68626
-7.88452
-8.08201
-8.27871
-8.4746
-8.66966
-8.86388
-9.05723
-9.2497
-9.44125
-9.63189
-9.82158
-10.0103
-10.198
-10.3848
-10.5705
-10.7552
-10.9388
-11.1214
-11.3028
-11.4832
-11.6624
-11.8405
-12.0174
-12.1931
-12.3676
-12.5409
-12.713
-12.8838
-13.0533
-13.2215
-13.3885
-13.5541
-13.7184
-13.8813
-14.0429
-14.203
-14.3618
-14.5191
-14.675
-14.8295
-14.9825
-15.134
-15.284
-15.4324
-15.5794
-15.7248
-15.8687
-16.011
-16.1517
-16.2908
-16.4283
-16.5641
-16.6983
-16.8309
-16.9618
-17.091
-17.2185
-17.3443
-17.4683
-17.5907
-17.7113
-17.8301
-17.9472
-18.0625
-18.1759
-18.2876
-18.3975
-18.5055
-18.6117
-18.7161
-18.8185
-18.9192
-19.0179
-19.1147
-19.2097
-19.3027
-19.3938
-19.483
-19.5702
-19.6555
-19.7388
-19.8202
-19.8995
-19.977
-20.0524
-20.1258
-20.1972
-20.2666
-20.334
-20.3993
-20.4627
-20.5239
-20.5832
-20.6404
-20.6955
-20.7485
-20.7995
-20.8484
-20.8953
-20.94
-20.9827
-21.0233
-21.0617
-21.0981
-21.1324
-21.1645
-21.1945
-21.2225
-21.2483
-21.272
-21.2935
-21.3129
-21.3302
-21.3454
-21.3584
-21.3693
-21.3781
-21.3847
-21.3892
-21.3916
-21.3918
-21.3898
-21.3858
-21.3796
-21.3712
-21.3607
-21.3481
-21.3334
-21.3165
-21.2975
-21.2763
-21.253
-21.2276
-21.2001
-21.1704
-21.1386
-21.1047
-21.0687
-21.0306
-20.9904
-20.948
-20.9036
-20.8571
-20.8084
-20.7577
-20.705
-20.6501
-20.5932
-20.5342
-20.4731
-20.41
-20.3449
-20.2777
-20.2084
-20.1372
-20.0639
-19.9886
-19.9113
-19.832
-19.7507
-19.6675
-19.5822
-19.495
-19.4058
-19.3147
-19.2216
-19.1266
-19.0297
-18.9309
-18.8302
-18.7275
-18.623
-18.5167
-18.4084
-18.2983
-18.1864
-18.0726
-17.957
-17.8396
-17.7205
-17.5995
-17.4767
-17.3522
-17.226
-17.098
-16.9683
-16.8369
-16.7038
-16.569
-16.4325
-16.2944
-16.1546
-16.0132
-15.8702
-15.7256
-15.5794
-15.4316
-15.2823
-15.1314
-14.979
-14.8251
-14.6697
-14.5128
-14.3544
-14.1946
-14.0333
-13.8707
-13.7066
-13.5411
-13.3743
-13.2061
-13.0366
-12.8657
-12.6936
-12.5202
-12.3455
-12.1695
-11.9923
-11.8139
-11.6343
-11.4535
-11.2716
-11.0885
-10.9042
-10.7189
-10.5325
-10.345
-10.1564
-9.96686
-9.77627
-9.58467
-9.3921
-9.19857
-9.0041
-8.80871
-8.61242
-8.41525
-8.21722
-8.01834
-7.81865
-7.61815
-7.41687
-7.21483
-7.01205
-6.80854
-6.60434
-6.39945
-6.1939
-5.98772
-5.78091
-5.57351
-5.36552
-5.15698
-4.94791
-4.73831
-4.52823
-4.31766
-4.10665
-3.89521
-3.68335
-3.4711
-3.25849
-3.04553
-2.83224
-2.61865
-2.40477
-2.19064
-1.97626
-1.76166
-1.54687
-1.3319
-1.11677
-0.901516
-0.686146
-0.470686
-0.255157
-0.0395819
0.176019
0.391624
0.607212
0.82276
1.03825
1.25365
1.46895
1.68413
1.89916
2.11402
2.32869
2.54315
2.75738
2.97135
3.18505
3.39845
3.61153
3.82427
4.03665
4.24864
4.46024
4.67141
4.88213
5.09239
5.30215
5.51141
5.72014
5.92832
6.13592
6.34293
6.54933
6.7551
6.96021
7.16464
7.36838
7.5714
7.77368
7.97521
8.17596
8.37591
8.57505
8.77335
8.97079
9.16735
9.36301
9.55776
9.75157
9.94443
10.1363
10.3272
10.5171
10.7059
10.8937
11.0804
11.266
11.4506
11.634
11.8162
11.9973
12.1772
12.3559
12.5334
12.7096
12.8846
13.0584
13.2308
13.4019
13.5718
13.7402
13.9073
14.0731
14.2374
14.4004
14.5619
14.722
14.8806
15.0377
15.1934
15.3475
15.5002
15.6513
15.8008
15.9488
16.0952
16.24
16.3832
16.5248
16.6648
16.803
16.9397
17.0746
17.2078
17.3394
17.4692
17.5973
17.7236
17.8482
17.971
18.092
18.2113
18.3287
18.4443
18.558
18.6699
18.78
18.8882
18.9945
19.0989
19.2015
19.3021
19.4008
19.4975
19.5924
19.6852
19.7762
19.8651
19.9521
20.0371
20.1201
20.201
20.28
20.357
20.4319
20.5048
20.5756
20.6444
20.7112
20.7758
20.8384
20.899
20.9574
21.0138
21.068
21.1202
21.1702
21.2182
21.264
21.3077
21.3493
21.3887
21.426
21.4612
21.4942
21.5251
21.5538
21.5804
21.6048
21.6271
21.6472
21.6651
21.6809
21.6945
21.7059
21.7152
21.7223
21.7272
21.73
21.7306
21.729
21.7252
21.7193
21.7112
21.7009
21.6884
21.6738
21.657
21.6381
21.6169
21.5936
21.5682
21.5406
21.5108
21.4789
21.4448
21.4086
21.3703
21.3298
21.2871
21.2423
21.1954
21.1464
21.0953
21.042
20.9866
20.9292
20.8696
20.8079
20.7442
20.6783
20.6104
20.5405
20.4684
20.3943
20.3182
20.24
20.1598
20.0776
19.9933
19.9071
19.8188
19.7286
19.6363
19.5421
19.446
19.3478
19.2478
19.1458
19.0419
18.936
18.8283
18.7186
18.6071
18.4937
18.3785
18.2614
18.1424
18.0217
17.8991
17.7747
17.6486
17.5206
17.3909
17.2594
17.1262
16.9913
16.8546
16.7163
16.5763
16.4346
16.2912
16.1462
15.9996
15.8513
15.7015
15.5501
15.3971
15.2425
15.0864
14.9288
14.7697
14.6091
14.447
14.2834
14.1184
13.952
13.7841
13.6149
13.4443
13.2723
13.099
12.9243
12.7484
12.5711
12.3926
12.2128
12.0318
11.8495
11.6661
11.4815
11.2957
11.1087
10.9206
10.7315
10.5412
10.3498
10.1574
9.96398
9.76952
9.57407
9.37764
9.18025
8.98192
8.78268
8.58254
8.38151
8.17964
7.97692
7.77338
7.56905
7.36394
7.15808
6.95147
6.74415
6.53614
6.32745
6.11811
5.90813
5.69755
5.48637
5.27462
5.06233
4.8495
4.63617
4.42236
4.20808
3.99336
3.77822
3.56268
3.34676
3.13049
2.91388
2.69696
2.47974
2.26226
2.04453
1.82657
1.60841
1.39006
1.17156
0.952912
0.734151
0.515294
0.296363
0.0773814
-0.14163
-0.360649
-0.579655
-0.798624
-1.01753
-1.23637
-1.4551
-1.6737
-1.89216
-2.11045
-2.32856
-2.54645
-2.76411
-2.98152
-3.19865
-3.41548
-3.63199
-3.84816
-4.06396
-4.27938
-4.4944
-4.70898
-4.92312
-5.13679
-5.34996
-5.56262
-5.77475
-5.98632
-6.19731
-6.4077
-6.61748
-6.82661
-7.03508
-7.24287
-7.44995
-7.65631
-7.86193
-8.06678
-8.27084
-8.4741
-8.67653
-8.87811
-9.07883
-9.27865
-9.47757
-9.67556
-9.87261
-10.0687
-10.2638
-10.4579
-10.6509
-10.8429
-11.0339
-11.2237
-11.4125
-11.6001
-11.7866
-11.9719
-12.1561
-12.3391
-12.5208
-12.7013
-12.8806
-13.0585
-13.2352
-13.4106
-13.5847
-13.7574
-13.9288
-14.0988
-14.2674
-14.4346
-14.6003
-14.7647
-14.9275
-15.0889
-15.2488
-15.4072
-15.564
-15.7194
-15.8731
-16.0253
-16.1759
-16.3249
-16.4723
-16.618
-16.7621
-16.9046
-17.0453
-17.1844
-17.3218
-17.4574
-17.5913
-17.7235
-17.8539
-17.9826
-18.1094
-18.2345
-18.3577
-18.4791
-18.5987
-18.7165
-18.8323
-18.9464
-19.0585
-19.1687
-19.277
-19.3834
-19.4879
-19.5905
-19.691
-19.7897
-19.8863
-19.981
-20.0737
-20.1644
-20.2531
-20.3398
-20.4244
-20.507
-20.5876
-20.6661
-20.7426
-20.817
-20.8893
-20.9596
-21.0277
-21.0938
-21.1577
-21.2196
-21.2793
-21.3369
-21.3924
-21.4457
-21.4969
-21.546
-21.5929
-21.6376
-21.6802
-21.7207
-21.7589
-21.795
-21.8289
-21.8607
-21.8902
-21.9176
-21.9428
-21.9658
-21.9866
-22.0052
-22.0215
-22.0357
-22.0477
-22.0575
-22.0651
-22.0705
-22.0737
-22.0746
-22.0734
-22.07
-22.0643
-22.0564
-22.0464
-22.0341
-22.0196
-22.0029
-21.984
-21.963
-21.9397
-21.9142
-21.8865
-21.8567
-21.8246
-21.7904
-21.754
-21.7154
-21.6746
-21.6316
-21.5865
-21.5392
-21.4898
-21.4382
-21.3845
-21.3286
-21.2706
-21.2104
-21.1481
-21.0837
-21.0172
-20.9486
-20.8779
-20.805
-20.7301
-20.6531
-20.5741
-20.4929
-20.4098
-20.3245
-20.2372
-20.1479
-20.0566
-19.9633
-19.8679
-19.7706
-19.6712
-19.5699
-19.4666
-19.3614
-19.2542
-19.1451
-19.034
-18.9211
-18.8062
-18.6895
-18.5708
-18.4503
-18.328
-18.2037
-18.0777
-17.9498
-17.8202
-17.6887
-17.5555
-17.4205
-17.2837
-17.1452
-17.0049
-16.863
-16.7193
-16.574
-16.427
-16.2783
-16.128
-15.976
-15.8225
-15.6673
-15.5106
-15.3523
-15.1924
-15.0311
-14.8682
-14.7037
-14.5378
-14.3705
-14.2017
-14.0314
-13.8597
-13.6866
-13.5122
-13.3363
-13.1592
-12.9806
-12.8008
-12.6197
-12.4373
-12.2536
-12.0687
-11.8825
-11.6952
-11.5066
-11.3169
-11.126
-10.9341
-10.7409
-10.5468
-10.3515
-10.1552
-9.95779
-9.75941
-9.56004
-9.35969
-9.15838
-8.95614
-8.75298
-8.54893
-8.344
-8.13822
-7.9316
-7.72417
-7.51595
-7.30695
-7.0972
-6.88672
-6.67553
-6.46366
-6.25111
-6.03792
-5.8241
-5.60968
-5.39468
-5.17912
-4.96301
-4.74639
-4.52927
-4.31168
-4.09364
-3.87516
-3.65627
-3.437
-3.21736
-2.99738
-2.77708
-2.55647
-2.33559
-2.11445
-1.89308
-1.6715
-1.44973
-1.22779
-1.00571
-0.783501
-0.561194
-0.338808
-0.116367
0.106108
0.328595
0.551072
0.773515
0.995904
1.21821
1.44043
1.66252
1.88446
2.10624
2.32783
2.54921
2.77036
2.99125
3.21187
3.43218
3.65218
3.87183
4.09112
4.31002
4.52851
4.74657
4.96417
5.18131
5.39794
5.61406
5.82964
6.04465
6.25909
6.47292
6.68612
6.89867
7.11056
7.32176
7.53224
7.742
7.951
8.15922
8.36666
8.57327
8.77905
8.98397
9.18802
9.39116
9.59339
9.79467
9.995
10.1944
10.3927
10.59
10.7863
10.9816
11.1757
11.3688
11.5607
11.7515
11.9411
12.1296
12.3169
12.5029
12.6878
12.8714
13.0537
13.2347
13.4144
13.5928
13.7699
13.9455
14.1199
14.2928
14.4643
14.6344
14.803
14.9702
15.1359
15.3001
15.4628
15.6239
15.7835
15.9416
16.098
16.2529
16.4061
16.5578
16.7078
16.8561
17.0028
17.1478
17.291
17.4326
17.5724
17.7105
17.8469
17.9814
18.1142
18.2452
18.3744
18.5017
18.6272
18.7509
18.8727
18.9926
19.1106
19.2268
19.341
19.4533
19.5637
19.6721
19.7786
19.8831
19.9856
20.0861
20.1846
20.2812
20.3757
20.4682
20.5586
20.647
20.7333
20.8176
20.8998
20.9799
21.058
21.1339
21.2077
21.2794
21.349
21.4165
21.4818
21.545
21.606
21.6649
21.7216
21.7762
21.8286
21.8788
21.9268
21.9726
22.0163
22.0577
22.097
22.134
22.1688
22.2015
22.2318
22.26
22.286
22.3097
22.3312
22.3505
22.3675
22.3823
22.3949
22.4052
22.4133
22.4191
22.4227
22.4241
22.4232
22.4201
22.4147
22.4071
22.3973
22.3852
22.3709
22.3543
22.3355
22.3145
22.2912
22.2657
22.238
22.208
22.1758
22.1414
22.1048
22.066
22.0249
21.9817
21.9362
21.8885
21.8387
21.7867
21.7324
21.676
21.6175
21.5567
21.4938
21.4288
21.3616
21.2922
21.2207
21.1471
21.0714
20.9935
20.9136
20.8315
20.7474
20.6611
20.5728
20.4825
20.39
20.2955
20.199
20.1005
19.9999
19.8973
19.7928
19.6862
19.5776
19.4671
19.3547
19.2402
19.1239
19.0056
18.8854
18.7633
18.6393
18.5135
18.3858
18.2562
18.1248
17.9915
17.8565
17.7197
17.581
17.4406
17.2985
17.1545
17.0089
16.8616
16.7125
16.5618
16.4093
16.2553
16.0996
15.9422
15.7833
15.6228
15.4606
15.297
15.1317
14.965
14.7967
14.627
14.4557
14.283
14.1089
13.9333
13.7563
13.5779
13.3981
13.217
13.0346
12.8508
12.6657
12.4793
12.2917
12.1028
11.9127
11.7214
11.5289
11.3352
11.1403
10.9444
10.7473
10.5491
10.3499
10.1495
9.9482
9.74584
9.54248
9.33815
9.13287
8.92665
8.71952
8.5115
8.3026
8.09286
7.88228
7.6709
7.45872
7.24578
7.03209
6.81768
6.60257
6.38677
6.17031
5.95322
5.73551
5.5172
5.29832
5.07888
4.85892
4.63845
4.41749
4.19607
3.97421
3.75193
3.52925
3.3062
3.08279
2.85905
2.635
2.41067
2.18608
1.96124
1.73618
1.51093
1.28551
1.05993
0.834227
0.608416
0.382522
0.156567
-0.0694266
-0.295436
-0.521438
-0.74741
-0.97333
-1.19918
-1.42492
-1.65055
-1.87604
-2.10136
-2.32649
-2.55142
-2.77611
-3.00054
-3.2247
-3.44856
-3.67209
-3.89528
-4.1181
-4.34054
-4.56256
-4.78415
-5.00528
-5.22593
-5.44608
-5.66571
-5.8848
-6.10332
-6.32125
-6.53857
-6.75526
-6.97129
-7.18665
-7.40131
-7.61525
-7.82845
-8.04089
-8.25255
-8.46341
-8.67344
-8.88262
-9.09093
-9.29836
-9.50488
-9.71046
-9.9151
-10.1188
-10.3214
-10.5231
-10.7237
-10.9233
-11.1218
-11.3192
-11.5155
-11.7107
-11.9047
-12.0976
-12.2892
-12.4797
-12.6689
-12.8569
-13.0436
-13.229
-13.4131
-13.5959
-13.7773
-13.9574
-14.1361
-14.3135
-14.4894
-14.6638
-14.8368
-15.0084
-15.1785
-15.347
-15.5141
-15.6796
-15.8436
-16.006
-16.1668
-16.326
-16.4836
-16.6396
-16.7939
-16.9465
-17.0975
-17.2468
-17.3944
-17.5402
-17.6843
-17.8267
-17.9672
-18.106
-18.243
-18.3782
-18.5116
-18.6431
-18.7728
-18.9006
-19.0266
-19.1506
-19.2728
-19.393
-19.5113
-19.6276
-19.7421
-19.8545
-19.965
-20.0735
-20.18
-20.2845
-20.3869
-20.4874
-20.5858
-20.6821
-20.7764
-20.8686
-20.9588
-21.0468
-21.1328
-21.2167
-21.2984
-21.378
-21.4555
-21.5309
-21.6041
-21.6752
-21.7441
-21.8108
-21.8753
-21.9377
-21.9979
-22.0559
-22.1117
-22.1653
-22.2167
-22.2658
-22.3128
-22.3575
-22.3999
-22.4402
-22.4782
-22.514
-22.5475
-22.5787
-22.6077
-22.6345
-22.659
-22.6812
-22.7012
-22.7189
-22.7343
-22.7474
-22.7583
-22.7669
-22.7732
-22.7773
-22.779
-22.7785
-22.7758
-22.7707
-22.7634
-22.7537
-22.7418
-22.7277
-22.7112
-22.6925
-22.6715
-22.6483
-22.6228
-22.595
-22.5649
-22.5326
-22.498
-22.4612
-22.4222
-22.3808
-22.3373
-22.2915
-22.2435
-22.1932
-22.1407
-22.086
-22.0291
-21.97
-21.9086
-21.8451
-21.7794
-21.7115
-21.6414
-21.5692
-21.4948
-21.4182
-21.3395
-21.2586
-21.1756
-21.0905
-21.0033
-20.9139
-20.8225
-20.7289
-20.6333
-20.5356
-20.4358
-20.334
-20.2302
-20.1243
-20.0164
-19.9065
-19.7945
-19.6806
-19.5647
-19.4469
-19.327
-19.2053
-19.0816
-18.9559
-18.8284
-18.699
-18.5677
-18.4345
-18.2995
-18.1626
-18.0239
-17.8834
-17.7411
-17.597
-17.4511
-17.3034
-17.154
-17.0029
-16.8501
-16.6955
-16.5393
-16.3814
-16.2219
-16.0607
-15.8979
-15.7335
-15.5675
-15.3999
-15.2308
-15.0601
-14.8879
-14.7142
-14.539
-14.3623
-14.1842
-14.0047
-13.8237
-13.6413
-13.4576
-13.2725
-13.086
-12.8982
-12.7091
-12.5187
-12.3271
-12.1342
-11.94
-11.7447
-11.5481
-11.3504
-11.1515
-10.9515
-10.7504
-10.5481
-10.3448
-10.1405
-9.93509
-9.72869
-9.52129
-9.31292
-9.1036
-8.89335
-8.68218
-8.47013
-8.25721
-8.04344
-7.82884
-7.61345
-7.39726
-7.18032
-6.96264
-6.74424
-6.52514
-6.30537
-6.08495
-5.86389
-5.64223
-5.41998
-5.19717
-4.97381
-4.74994
-4.52556
-4.30072
-4.07542
-3.84968
-3.62355
-3.39702
-3.17014
-2.94291
-2.71537
-2.48754
-2.25943
-2.03107
-1.80249
-1.57371
-1.34474
-1.11562
-0.886359
-0.65699
-0.427532
-0.198009
0.0315573
0.261143
0.490726
0.720283
0.94979
1.17923
1.40857
1.63779
1.86687
2.09579
2.32452
2.55304
2.78133
3.00937
3.23712
3.46458
3.69171
3.91849
4.14491
4.37093
4.59654
4.82171
5.04643
5.27066
5.49438
5.71758
5.94023
6.16231
6.38379
6.60466
6.82489
7.04445
7.26334
7.48152
7.69898
7.91568
8.13162
8.34677
8.5611
8.7746
8.98724
9.199
9.40987
9.61981
9.82882
10.0369
10.2439
10.45
10.655
10.859
11.0619
11.2637
11.4645
11.6641
11.8625
12.0598
12.2559
12.4508
12.6445
12.8369
13.0281
13.218
13.4065
13.5938
13.7797
13.9643
14.1474
14.3292
14.5096
14.6885
14.866
15.042
15.2165
15.3896
15.5611
15.731
15.8994
16.0663
16.2315
16.3951
16.5571
16.7175
16.8762
17.0333
17.1886
17.3423
17.4942
17.6444
17.7929
17.9396
18.0845
18.2276
18.3689
18.5084
18.646
18.7818
18.9157
19.0478
19.178
19.3062
19.4325
19.557
19.6794
19.7999
19.9185
20.035
20.1496
20.2622
20.3727
20.4812
20.5877
20.6922
20.7945
20.8948
20.9931
21.0892
21.1833
21.2752
21.365
21.4527
21.5382
21.6217
21.7029
21.782
21.8589
21.9337
22.0062
22.0766
22.1447
22.2107
22.2744
22.3359
22.3952
22.4523
22.5071
22.5597
22.61
22.6581
22.7039
22.7474
22.7887
22.8277
22.8644
22.8988
22.931
22.9608
22.9884
23.0137
23.0366
23.0573
23.0756
23.0917
23.1055
23.1169
23.126
23.1328
23.1373
23.1395
23.1394
23.137
23.1322
23.1252
23.1158
23.1041
23.0901
23.0738
23.0552
23.0342
23.011
22.9855
22.9576
22.9275
22.8951
22.8603
22.8233
22.784
22.7424
22.6986
22.6525
22.604
22.5534
22.5004
22.4453
22.3878
22.3281
22.2662
22.2021
22.1357
22.0671
21.9963
21.9233
21.848
21.7706
21.691
21.6093
21.5253
21.4392
21.351
21.2606
21.168
21.0734
20.9766
20.8777
20.7767
20.6737
20.5685
20.4613
20.352
20.2407
20.1273
20.012
19.8946
19.7752
19.6538
19.5305
19.4051
19.2779
19.1486
19.0175
18.8844
18.7495
18.6126
18.4739
18.3333
18.1909
18.0466
17.9005
17.7526
17.6029
17.4515
17.2983
17.1433
16.9866
16.8282
16.6681
16.5063
16.3429
16.1778
16.011
15.8427
15.6727
15.5012
15.3281
15.1534
14.9772
14.7995
14.6203
14.4396
14.2575
14.0739
13.8889
13.7024
13.5146
13.3254
13.1349
12.943
12.7498
12.5554
12.3596
12.1626
11.9644
11.7649
11.5643
11.3624
11.1594
10.9553
10.7501
10.5437
10.3363
10.1279
9.91837
9.70786
9.49636
9.28388
9.07046
8.85611
8.64085
8.42471
8.2077
7.98985
7.77118
7.55171
7.33146
7.11045
6.88872
6.66627
6.44314
6.21933
5.99489
5.76982
5.54415
5.3179
5.0911
4.86377
4.63593
4.40761
4.17881
3.94958
3.71993
3.48989
3.25947
3.02871
2.79762
2.56622
2.33455
2.10262
1.87046
1.63808
1.40552
1.1728
0.93993
0.706947
0.47387
0.240723
0.00752796
-0.225691
-0.458911
-0.692108
-0.925259
-1.15834
-1.39133
-1.6242
-1.85694
-2.08951
-2.3219
-2.55407
-2.78602
-3.01771
-3.24912
-3.48023
-3.71101
-3.94145
-4.17152
-4.40119
-4.63044
-4.85926
-5.08761
-5.31547
-5.54283
-5.76965
-5.99592
-6.22162
-6.44671
-6.67118
-6.89501
-7.11817
-7.34064
-7.5624
-7.78342
-8.00369
-8.22318
-8.44187
-8.65974
-8.87676
-9.09292
-9.30819
-9.52255
-9.73598
-9.94846
-10.16
-10.3705
-10.58
-10.7884
-10.9958
-11.2021
-11.4074
-11.6115
-11.8144
-12.0162
-12.2168
-12.4162
-12.6144
-12.8114
-13.0071
-13.2015
-13.3946
-13.5864
-13.7768
-13.9659
-14.1536
-14.3399
-14.5248
-14.7083
-14.8903
-15.0709
-15.2499
-15.4275
-15.6035
-15.778
-15.9509
-16.1222
-16.292
-16.4601
-16.6266
-16.7915
-16.9546
-17.1162
-17.276
-17.4341
-17.5905
-17.7451
-17.898
-18.0491
-18.1984
-18.3459
-18.4916
-18.6355
-18.7775
-18.9176
-19.0559
-19.1922
-19.3267
-19.4593
-19.5899
-19.7185
-19.8453
-19.97
-20.0928
-20.2135
-20.3323
-20.449
-20.5637
-20.6763
-20.7869
-20.8954
-21.0019
-21.1062
-21.2085
-21.3086
-21.4067
-21.5026
-21.5963
-21.6879
-21.7774
-21.8646
-21.9497
-22.0326
-22.1134
-22.1919
-22.2682
-22.3423
-22.4141
-22.4837
-22.5511
-22.6162
-22.6791
-22.7397
-22.7981
-22.8541
-22.9079
-22.9594
-23.0087
-23.0556
-23.1002
-23.1425
-23.1825
-23.2202
-23.2556
-23.2886
-23.3193
-23.3477
-23.3738
-23.3975
-23.4189
-23.438
-23.4547
-23.469
-23.4811
-23.4907
-23.4981
-23.503
-23.5057
-23.5059
-23.5039
-23.4994
-23.4927
-23.4835
-23.4721
-23.4582
-23.4421
-23.4236
-23.4027
-23.3795
-23.3539
-23.3261
-23.2958
-23.2633
-23.2284
-23.1912
-23.1517
-23.1098
-23.0657
-23.0192
-22.9704
-22.9193
-22.866
-22.8103
-22.7523
-22.6921
-22.6296
-22.5648
-22.4977
-22.4284
-22.3569
-22.2831
-22.2071
-22.1288
-22.0483
-21.9656
-21.8807
-21.7936
-21.7044
-21.6129
-21.5193
-21.4235
-21.3255
-21.2254
-21.1232
-21.0189
-20.9124
-20.8039
-20.6932
-20.5805
-20.4657
-20.3488
-20.2299
-20.109
-19.986
-19.8611
-19.7341
-19.6051
-19.4742
-19.3413
-19.2065
-19.0697
-18.931
-18.7904
-18.6479
-18.5036
-18.3573
-18.2092
-18.0593
-17.9076
-17.754
-17.5987
-17.4416
-17.2827
-17.1221
-16.9597
-16.7957
-16.6299
-16.4625
-16.2934
-16.1226
-15.9503
-15.7763
-15.6007
-15.4235
-15.2448
-15.0646
-14.8828
-14.6995
-14.5147
-14.3284
-14.1407
-13.9516
-13.7611
-13.5691
-13.3758
-13.1811
-12.9851
-12.7878
-12.5891
-12.3892
-12.1881
-11.9857
-11.782
-11.5772
-11.3712
-11.164
-10.9557
-10.7463
-10.5358
-10.3242
-10.1116
-9.89792
-9.68324
-9.46757
-9.25093
-9.03334
-8.81483
-8.59542
-8.37512
-8.15396
-7.93197
-7.70916
-7.48556
-7.26119
-7.03606
-6.81022
-6.58366
-6.35643
-6.12854
-5.90001
-5.67088
-5.44115
-5.21085
-4.98001
-4.74865
-4.51679
-4.28445
-4.05167
-3.81845
-3.58483
-3.35083
-3.11647
-2.88178
-2.64677
-2.41147
-2.17592
-1.94011
-1.7041
-1.46788
-1.2315
-0.994971
-0.758318
-0.521566
-0.284738
-0.047858
0.189051
0.425964
0.662859
0.899711
1.1365
1.37319
1.60977
1.84622
2.0825
2.3186
2.55449
2.79015
3.02556
3.26068
3.4955
3.73
3.96414
4.19792
4.43129
4.66425
4.89677
5.12881
5.36037
5.59142
5.82193
6.05188
6.28124
6.51001
6.73814
6.96562
7.19243
7.41855
7.64394
7.86859
8.09248
8.31558
8.53787
8.75933
8.97994
9.19967
9.4185
9.63641
9.85338
10.0694
10.2844
10.4984
10.7114
10.9233
11.1342
11.344
11.5526
11.7602
11.9665
12.1717
12.3757
12.5785
12.7801
12.9803
13.1793
13.377
13.5734
13.7685
13.9622
14.1545
14.3454
14.5349
14.723
14.9096
15.0948
15.2784
15.4606
15.6412
15.8203
15.9978
16.1737
16.348
16.5207
16.6918
16.8612
17.029
17.195
17.3594
17.5221
17.683
17.8421
17.9995
18.1551
18.3089
18.4609
18.6111
18.7594
18.9058
19.0504
19.1931
19.3339
19.4727
19.6096
19.7446
19.8776
20.0087
20.1377
20.2648
20.3898
20.5128
20.6338
20.7527
20.8696
20.9844
21.0971
21.2077
21.3162
21.4225
21.5268
21.6289
21.7288
21.8266
21.9222
22.0156
22.1069
22.1959
22.2827
22.3673
22.4497
22.5298
22.6077
22.6834
22.7567
22.8278
22.8967
22.9632
23.0275
23.0894
23.1491
23.2065
23.2615
23.3142
23.3646
23.4127
23.4584
23.5018
23.5428
23.5815
23.6178
23.6518
23.6834
23.7126
23.7395
23.764
23.7862
23.8059
23.8233
23.8383
23.8509
23.8611
23.869
23.8744
23.8775
23.8782
23.8765
23.8724
23.8659
23.8571
23.8458
23.8322
23.8162
23.7977
23.777
23.7538
23.7282
23.7003
23.67
23.6374
23.6023
23.5649
23.5252
23.4831
23.4386
23.3918
23.3427
23.2912
23.2373
23.1812
23.1227
23.0619
22.9988
22.9334
22.8656
22.7956
22.7233
22.6488
22.5719
22.4928
22.4114
22.3278
22.2419
22.1538
22.0635
21.971
21.8763
21.7793
21.6802
21.5789
21.4754
21.3698
21.262
21.1521
21.0401
20.9259
20.8096
20.6913
20.5709
20.4484
20.3238
20.1972
20.0686
19.9379
19.8052
19.6706
19.5339
19.3953
19.2548
19.1123
18.9679
18.8215
18.6733
18.5232
18.3712
18.2174
18.0617
17.9042
17.7449
17.5838
17.421
17.2563
17.09
16.9219
16.7521
16.5806
16.4074
16.2326
16.0561
15.8781
15.6984
15.5171
15.3342
15.1498
14.9639
14.7765
14.5875
14.3971
14.2052
14.0119
13.8171
13.621
13.4235
13.2246
13.0243
12.8228
12.6199
12.4158
12.2104
12.0038
11.7959
11.5868
11.3766
11.1652
10.9526
10.739
10.5242
10.3084
10.0915
9.87363
9.65471
9.43481
9.21394
8.99213
8.76939
8.54576
8.32125
8.09588
7.86968
7.64268
7.41488
7.18633
6.95703
6.72701
6.49629
6.26491
6.03287
5.80021
5.56694
5.33309
5.09869
4.86376
4.62831
4.39238
4.15598
3.91915
3.6819
3.44425
3.20624
2.96789
2.72921
2.49024
2.251
2.0115
1.77178
1.53186
1.29177
1.05152
0.811136
0.570651
0.330085
0.0894622
-0.151194
-0.391859
-0.632509
-0.87312
-1.11367
-1.35413
-1.59448
-1.83469
-2.07474
-2.31461
-2.55428
-2.79371
-3.03289
-3.27178
-3.51038
-3.74864
-3.98656
-4.2241
-4.46124
-4.69796
-4.93423
-5.17004
-5.40535
-5.64014
-5.87439
-6.10808
-6.34118
-6.57367
-6.80553
-7.03673
-7.26724
-7.49706
-7.72615
-7.95448
-8.18205
-8.40882
-8.63477
-8.85988
-9.08413
-9.30749
-9.52994
-9.75147
-9.97204
-10.1916
-10.4102
-10.6278
-10.8443
-11.0598
-11.2742
-11.4875
-11.6996
-11.9107
-12.1205
-12.3291
-12.5366
-12.7428
-12.9477
-13.1514
-13.3538
-13.5548
-13.7546
-13.9529
-14.1499
-14.3455
-14.5397
-14.7325
-14.9238
-15.1136
-15.3019
-15.4888
-15.674
-15.8578
-16.04
-16.2206
-16.3995
-16.5769
-16.7526
-16.9267
-17.0991
-17.2698
-17.4388
-17.606
-17.7715
-17.9353
-18.0973
-18.2575
-18.4158
-18.5724
-18.7271
-18.8799
-19.0309
-19.18
-19.3272
-19.4725
-19.6158
-19.7572
-19.8966
-20.0341
-20.1695
-20.303
-20.4344
-20.5639
-20.6912
-20.8165
-20.9398
-21.0609
-21.18
-21.297
-21.4118
-21.5245
-21.6351
-21.7435
-21.8498
-21.9539
-22.0558
-22.1555
-22.2529
-22.3482
-22.4413
-22.5321
-22.6207
-22.707
-22.7911
-22.8729
-22.9524
-23.0296
-23.1045
-23.1771
-23.2475
-23.3155
-23.3811
-23.4445
-23.5055
-23.5641
-23.6204
-23.6744
-23.726
-23.7752
-23.8221
-23.8665
-23.9086
-23.9483
-23.9856
-24.0206
-24.0531
-24.0832
-24.1109
-24.1362
-24.1591
-24.1796
-24.1976
-24.2133
-24.2265
-24.2373
-24.2457
-24.2516
-24.2552
-24.2563
-24.255
-24.2512
-24.2451
-24.2365
-24.2254
-24.212
-24.1961
-24.1778
-24.1571
-24.134
-24.1085
-24.0805
-24.0502
-24.0174
-23.9822
-23.9446
-23.9047
-23.8623
-23.8175
-23.7704
-23.7209
-23.6689
-23.6147
-23.558
-23.499
-23.4377
-23.3739
-23.3079
-23.2395
-23.1688
-23.0957
-23.0203
-22.9427
-22.8627
-22.7804
-22.6959
-22.609
-22.5199
-22.4286
-22.3349
-22.2391
-22.141
-22.0407
-21.9381
-21.8334
-21.7265
-21.6174
-21.5061
-21.3926
-21.277
-21.1593
-21.0394
-20.9174
-20.7934
-20.6672
-20.5389
-20.4086
-20.2762
-20.1418
-20.0054
-19.8669
-19.7264
-19.584
-19.4396
-19.2932
-19.1449
-18.9946
-18.8425
-18.6884
-18.5324
-18.3746
-18.2149
-18.0534
-17.8901
-17.725
-17.558
-17.3893
-17.2189
-17.0467
-16.8728
-16.6972
-16.5199
-16.3409
-16.1603
-15.978
-15.7941
-15.6086
-15.4216
-15.233
-15.0428
-14.8511
-14.6579
-14.4633
-14.2671
-14.0696
-13.8705
-13.6701
-13.4683
-13.2652
-13.0606
-12.8548
-12.6476
-12.4392
-12.2295
-12.0186
-11.8064
-11.593
-11.3785
-11.1628
-10.9459
-10.728
-10.5089
-10.2888
-10.0676
-9.84538
-9.62217
-9.39796
-9.1728
-8.9467
-8.71968
-8.49176
-8.26297
-8.03334
-7.80287
-7.57161
-7.33956
-7.10676
-6.87322
-6.63897
-6.40403
-6.16843
-5.93219
-5.69534
-5.45789
-5.21987
-4.9813
-4.74222
-4.50263
-4.26257
-4.02206
-3.78112
-3.53979
-3.29807
-3.056
-2.8136
-2.57089
-2.32791
-2.08466
-1.84118
-1.5975
-1.35363
-1.1096
-0.865434
-0.621158
-0.376795
-0.132371
0.112091
0.356567
0.601031
0.845459
1.08983
1.33411
1.57829
1.82233
2.06621
2.30991
2.55341
2.79667
3.03968
3.28241
3.52483
3.76693
4.00867
4.25004
4.49101
4.73155
4.97164
5.21126
5.45038
5.68899
5.92704
6.16453
6.40142
6.6377
6.87334
7.10831
7.3426
7.57618
7.80902
8.0411
8.2724
8.5029
8.73257
8.9614
9.18934
9.4164
9.64253
9.86772
10.0919
10.3152
10.5374
10.7586
10.9788
11.1978
11.4158
11.6327
11.8484
12.0629
12.2763
12.4884
12.6994
12.909
13.1175
13.3246
13.5304
13.7349
13.938
14.1397
14.3401
14.539
14.7365
14.9326
15.1272
15.3202
15.5118
15.7019
15.8904
16.0773
16.2626
16.4463
16.6284
16.8089
16.9877
17.1648
17.3402
17.5139
17.6858
17.856
18.0245
18.1911
18.356
18.519
18.6802
18.8396
18.997
19.1526
19.3063
19.4581
19.6079
19.7558
19.9018
20.0458
20.1877
20.3277
20.4656
20.6016
20.7354
20.8672
20.997
21.1246
21.2502
21.3736
21.4949
21.6141
21.7311
21.846
21.9587
22.0692
22.1775
22.2836
22.3875
22.4892
22.5886
22.6858
22.7807
22.8733
22.9637
23.0518
23.1376
23.221
23.3022
23.381
23.4575
23.5317
23.6035
23.673
23.7401
23.8049
23.8673
23.9272
23.9849
24.0401
24.0929
24.1433
24.1913
24.2369
24.28
24.3208
24.3591
24.395
24.4284
24.4594
24.488
24.5141
24.5378
24.559
24.5778
24.5941
24.6079
24.6193
24.6283
24.6347
24.6387
24.6403
24.6394
24.636
24.6301
24.6218
24.611
24.5978
24.5821
24.564
24.5433
24.5203
24.4947
24.4668
24.4363
24.4035
24.3681
24.3304
24.2902
24.2475
24.2025
24.155
24.1051
24.0528
23.9981
23.9409
23.8814
23.8195
23.7551
23.6884
23.6194
23.5479
23.4741
23.398
23.3195
23.2386
23.1554
23.0699
22.9821
22.892
22.7996
22.7048
22.6079
22.5086
22.4071
22.3033
22.1973
22.089
21.9786
21.8659
21.751
21.634
21.5147
21.3933
21.2698
21.1441
21.0163
20.8863
20.7543
20.6202
20.484
20.3457
20.2054
20.0631
19.9187
19.7724
19.624
19.4737
19.3214
19.1671
19.011
18.8529
18.6929
18.531
18.3672
18.2016
18.0342
17.8649
17.6939
17.521
17.3464
17.17
16.9919
16.8121
16.6306
16.4474
16.2625
16.076
15.8879
15.6981
15.5068
15.3139
15.1194
14.9234
14.7259
14.5269
14.3265
14.1246
13.9212
13.7165
13.5103
13.3028
13.0939
12.8837
12.6722
12.4594
12.2453
12.03
11.8134
11.5957
11.3768
11.1567
10.9355
10.7131
10.4897
10.2652
10.0396
9.81306
9.58548
9.35691
9.12739
8.89693
8.66556
8.4333
8.20017
7.9662
7.73141
7.49582
7.25946
7.02235
6.78452
6.54598
6.30676
6.06689
5.82639
5.58528
5.34359
5.10134
4.85855
4.61526
4.37148
4.12724
3.88256
3.63747
3.39199
3.14614
2.89996
2.65346
2.40668
2.15962
1.91233
1.66482
1.41712
1.16925
0.921243
0.673118
0.4249
0.176615
-0.071713
-0.320058
-0.568397
-0.816703
-1.06495
-1.31312
-1.56118
-1.80911
-2.05688
-2.30448
-2.55186
-2.79902
-3.04592
-3.29254
-3.53886
-3.78485
-4.03048
-4.27574
-4.52059
-4.76502
-5.00899
-5.25248
-5.49548
-5.73795
-5.97987
-6.22122
-6.46197
-6.70209
-6.94157
-7.18038
-7.4185
-7.6559
-7.89255
-8.12844
-8.36354
-8.59783
-8.83129
-9.06388
-9.29559
-9.52639
-9.75626
-9.98518
-10.2131
-10.4401
-10.666
-10.8909
-11.1147
-11.3374
-11.559
-11.7795
-11.9988
-12.217
-12.4339
-12.6497
-12.8641
-13.0774
-13.2893
-13.4999
-13.7092
-13.9171
-14.1237
-14.3289
-14.5327
-14.735
-14.9359
-15.1353
-15.3332
-15.5296
-15.7245
-15.9178
-16.1095
-16.2997
-16.4882
-16.6751
-16.8604
-17.044
-17.2259
-17.4061
-17.5846
-17.7613
-17.9363
-18.1095
-18.2809
-18.4505
-18.6183
-18.7842
-18.9483
-19.1105
-19.2708
-19.4292
-19.5856
-19.7401
-19.8927
-20.0433
-20.1918
-20.3384
-20.483
-20.6255
-20.766
-20.9044
-21.0408
-21.175
-21.3072
-21.4372
-21.5651
-21.6909
-21.8145
-21.9359
-22.0552
-22.1722
-22.2871
-22.3997
-22.5101
-22.6183
-22.7242
-22.8279
-22.9292
-23.0283
-23.1251
-23.2196
-23.3118
-23.4017
-23.4892
-23.5744
-23.6573
-23.7378
-23.8159
-23.8916
-23.965
-24.036
-24.1046
-24.1708
-24.2345
-24.2959
-24.3548
-24.4113
-24.4654
-24.517
-24.5662
-24.6129
-24.6572
-24.699
-24.7383
-24.7752
-24.8096
-24.8415
-24.8709
-24.8979
-24.9224
-24.9443
-24.9638
-24.9808
-24.9953
-25.0073
-25.0168
-25.0238
-25.0283
-25.0303
-25.0298
-25.0268
-25.0213
-25.0132
-25.0027
-24.9897
-24.9742
-24.9561
-24.9356
-24.9126
-24.8871
-24.8591
-24.8286
-24.7956
-24.7602
-24.7223
-24.6818
-24.639
-24.5936
-24.5458
-24.4955
-24.4428
-24.3876
-24.33
-24.2699
-24.2074
-24.1425
-24.0751
-24.0054
-23.9332
-23.8587
-23.7817
-23.7023
-23.6206
-23.5365
-23.4501
-23.3613
-23.2701
-23.1766
-23.0808
-22.9827
-22.8822
-22.7795
-22.6744
-22.5671
-22.4576
-22.3457
-22.2317
-22.1153
-21.9968
-21.8761
-21.7531
-21.628
-21.5007
-21.3712
-21.2396
-21.1058
-20.9699
-20.8319
-20.6918
-20.5497
-20.4054
-20.2591
-20.1108
-19.9604
-19.808
-19.6537
-19.4973
-19.339
-19.1787
-19.0165
-18.8524
-18.6864
-18.5185
-18.3487
-18.1771
-18.0036
-17.8283
-17.6513
-17.4724
-17.2918
-17.1094
-16.9253
-16.7395
-16.552
-16.3628
-16.1719
-15.9795
-15.7854
-15.5897
-15.3924
-15.1936
-14.9932
-14.7913
-14.588
-14.3831
-14.1768
-13.969
-13.7598
-13.5493
-13.3373
-13.124
-12.9094
-12.6934
-12.4762
-12.2577
-12.0379
-11.8169
-11.5947
-11.3713
-11.1468
-10.9211
-10.6944
-10.4665
-10.2375
-10.0076
-9.77654
-9.54453
-9.31154
-9.07759
-8.84271
-8.60692
-8.37025
-8.13272
-7.89435
-7.65517
-7.4152
-7.17446
-6.93299
-6.69079
-6.4479
-6.20434
-5.96014
-5.71532
-5.4699
-5.22391
-4.97737
-4.73031
-4.48275
-4.23472
-3.98624
-3.73734
-3.48804
-3.23837
-2.98834
-2.738
-2.48735
-2.23643
-1.98526
-1.73387
-1.48228
-1.23051
-0.9786
-0.726565
-0.474431
-0.222225
0.0300287
0.282305
0.534577
0.786822
1.03901
1.29113
1.54313
1.79501
2.04674
2.29828
2.54963
2.80074
3.05159
3.30217
3.55244
3.80238
4.05197
4.30117
4.54997
4.79834
5.04626
5.29369
5.54062
5.78702
6.03287
6.27814
6.5228
6.76684
7.01022
7.25293
7.49494
7.73622
7.97675
8.21651
8.45547
8.69361
8.93091
9.16733
9.40286
9.63748
9.87115
10.1039
10.3356
10.5663
10.796
11.0246
11.2521
11.4786
11.7039
11.9281
12.1511
12.3729
12.5935
12.8128
13.0309
13.2477
13.4632
13.6774
13.8903
14.1017
14.3118
14.5205
14.7277
14.9335
15.1378
15.3406
15.5419
15.7417
15.9399
16.1366
16.3316
16.5251
16.7169
16.907
17.0955
17.2823
17.4674
17.6507
17.8323
18.0122
18.1902
18.3665
18.5409
18.7135
18.8843
19.0531
19.2201
19.3852
19.5484
19.7096
19.8688
20.0261
20.1814
20.3348
20.486
20.6353
20.7825
20.9276
21.0707
21.2117
21.3505
21.4873
21.6219
21.7543
21.8846
22.0128
22.1387
22.2624
22.3839
22.5032
22.6203
22.7351
22.8476
22.9579
23.0659
23.1715
23.2749
23.376
23.4747
23.5711
23.6652
23.7569
23.8462
23.9331
24.0177
24.0999
24.1796
24.257
24.3319
24.4045
24.4745
24.5422
24.6074
24.6701
24.7304
24.7882
24.8436
24.8964
24.9468
24.9947
25.0401
25.083
25.1234
25.1612
25.1966
25.2295
25.2598
25.2876
25.3129
25.3356
25.3559
25.3736
25.3887
25.4013
25.4114
25.419
25.4239
25.4264
25.4263
25.4237
25.4185
25.4108
25.4005
25.3877
25.3724
25.3545
25.3341
25.3112
25.2857
25.2577
25.2271
25.1941
25.1585
25.1204
25.0797
25.0366
24.991
24.9428
24.8922
24.839
24.7834
24.7253
24.6647
24.6016
24.5361
24.4681
24.3976
24.3247
24.2494
24.1716
24.0914
24.0088
23.9238
23.8364
23.7466
23.6544
23.5598
23.4629
23.3636
23.262
23.158
23.0517
22.9431
22.8322
22.7189
22.6034
22.4857
22.3656
22.2434
22.1189
21.9921
21.8632
21.732
21.5987
21.4632
21.3255
21.1857
21.0437
20.8997
20.7535
20.6052
20.4549
20.3025
20.1481
19.9916
19.8331
19.6726
19.5101
19.3457
19.1793
19.011
18.8407
18.6686
18.4946
18.3187
18.1409
17.9614
17.78
17.5968
17.4118
17.2251
17.0366
16.8465
16.6546
16.461
16.2658
16.0689
15.8704
15.6702
15.4685
15.2653
15.0604
14.8541
14.6462
14.4369
14.2261
14.0138
13.8002
13.5851
13.3687
13.1508
12.9317
12.7112
12.4895
12.2665
12.0422
11.8167
11.59
11.3621
11.133
10.9029
10.6716
10.4392
10.2057
9.97123
9.73571
9.4992
9.26171
9.02327
8.7839
8.54364
8.30249
8.06049
7.81766
7.57403
7.32961
7.08444
6.83853
6.59191
6.34461
6.09665
5.84806
5.59886
5.34907
5.09872
4.84784
4.59644
4.34457
4.09223
3.83946
3.58628
3.33271
3.07879
2.82453
2.56997
2.31512
2.06001
1.80468
1.54914
1.29342
1.03754
0.781532
0.525422
0.269234
0.0129928
-0.243275
-0.499544
-0.755789
-1.01198
-1.2681
-1.52412
-1.78001
-2.03575
-2.29131
-2.54667
-2.8018
-3.05667
-3.31126
-3.56555
-3.81951
-4.07311
-4.32632
-4.57914
-4.83151
-5.08343
-5.33487
-5.5858
-5.83619
-6.08603
-6.33528
-6.58393
-6.83194
-7.07929
-7.32596
-7.57192
-7.81715
-8.06162
-8.30531
-8.54819
-8.79025
-9.03145
-9.27176
-9.51118
-9.74967
-9.98721
-10.2238
-10.4593
-10.6939
-10.9274
-11.1598
-11.3911
-11.6213
-11.8504
-12.0783
-12.3051
-12.5306
-12.7549
-12.9779
-13.1997
-13.4202
-13.6393
-13.8571
-14.0736
-14.2886
-14.5023
-14.7145
-14.9252
-15.1345
-15.3423
-15.5486
-15.7534
-15.9566
-16.1582
-16.3583
-16.5567
-16.7535
-16.9486
-17.142
-17.3338
-17.5238
-17.7121
-17.8987
-18.0835
-18.2664
-18.4476
-18.627
-18.8045
-18.9802
-19.1539
-19.3258
-19.4958
-19.6638
-19.8298
-19.994
-20.1561
-20.3162
-20.4743
-20.6304
-20.7844
-20.9364
-21.0863
-21.2341
-21.3798
-21.5233
-21.6648
-21.804
-21.9411
-22.0761
-22.2088
-22.3393
-22.4676
-22.5937
-22.7175
-22.8391
-22.9584
-23.0754
-23.1901
-23.3025
-23.4126
-23.5203
-23.6257
-23.7288
-23.8295
-23.9278
-24.0238
-24.1173
-24.2085
-24.2972
-24.3835
-24.4674
-24.5489
-24.6279
-24.7044
-24.7785
-24.8501
-24.9192
-24.9859
-25.0501
-25.1117
-25.1709
-25.2275
-25.2816
-25.3332
-25.3823
-25.4289
-25.4729
-25.5143
-25.5532
-25.5896
-25.6234
-25.6547
-25.6833
-25.7095
-25.733
-25.754
-25.7724
-25.7882
-25.8015
-25.8122
-25.8203
-25.8258
-25.8287
-25.8291
-25.8268
-25.822
-25.8146
-25.8046
-25.7921
-25.7769
-25.7592
-25.7389
-25.716
-25.6906
-25.6626
-25.632
-25.5988
-25.5631
-25.5248
-25.484
-25.4406
-25.3947
-25.3462
-25.2952
-25.2416
-25.1855
-25.1269
-25.0658
-25.0021
-24.936
-24.8673
-24.7962
-24.7226
-24.6465
-24.5679
-24.4869
-24.4034
-24.3174
-24.229
-24.1382
-24.045
-23.9493
-23.8512
-23.7508
-23.6479
-23.5427
-23.4351
-23.3252
-23.2129
-23.0983
-22.9814
-22.8621
-22.7406
-22.6168
-22.4907
-22.3623
-22.2317
-22.0988
-21.9638
-21.8265
-21.687
-21.5453
-21.4015
-21.2555
-21.1074
-20.9572
-20.8048
-20.6503
-20.4938
-20.3352
-20.1746
-20.0119
-19.8472
-19.6805
-19.5118
-19.3411
-19.1685
-18.994
-18.8175
-18.6392
-18.4589
-18.2768
-18.0929
-17.9071
-17.7195
-17.5301
-17.339
-17.1461
-16.9514
-16.7551
-16.557
-16.3573
-16.156
-15.9529
-15.7483
-15.5421
-15.3343
-15.1249
-14.9141
-14.7017
-14.4878
-14.2724
-14.0556
-13.8374
-13.6177
-13.3967
-13.1743
-12.9506
-12.7255
-12.4992
-12.2716
-12.0427
-11.8126
-11.5813
-11.3489
-11.1152
-10.8805
-10.6446
-10.4076
-10.1696
-9.93052
-9.69043
-9.44935
-9.2073
-8.96431
-8.72039
-8.47558
-8.22989
-7.98336
-7.736
-7.48785
-7.23892
-6.98925
-6.73885
-6.48775
-6.23597
-5.98355
-5.73051
-5.47686
-5.22265
-4.96788
-4.71259
-4.45681
-4.20056
-3.94386
-3.68674
-3.42922
-3.17134
-2.91311
-2.65457
-2.39573
-2.13663
-1.87729
-1.61774
-1.358
-1.09809
-0.838055
-0.577906
-0.317674
-0.0573833
0.202939
0.463267
0.723574
0.983835
1.24402
1.50411
1.76408
2.0239
2.28354
2.54297
2.80218
3.06114
3.31981
3.57818
3.83621
4.09389
4.35119
4.60807
4.86452
5.12051
5.37601
5.631
5.88546
6.13935
6.39265
6.64533
6.89738
7.14877
7.39946
7.64944
7.89868
8.14715
8.39484
8.64171
8.88774
9.1329
9.37718
9.62054
9.86297
10.1044
10.3449
10.5844
10.8228
11.0602
11.2965
11.5317
11.7657
11.9986
12.2304
12.4609
12.6902
12.9182
13.145
13.3705
13.5947
13.8176
14.039
14.2591
14.4778
14.6951
14.9109
15.1253
15.3382
15.5495
15.7593
15.9676
16.1743
16.3794
16.5829
16.7847
16.9849
17.1834
17.3802
17.5753
17.7686
17.9602
18.15
18.338
18.5242
18.7086
18.8911
19.0717
19.2505
19.4273
19.6023
19.7752
19.9463
20.1153
20.2823
20.4474
20.6104
20.7713
20.9302
21.0871
21.2418
21.3944
21.5449
21.6933
21.8395
21.9835
22.1254
22.265
22.4025
22.5377
22.6706
22.8014
22.9298
23.056
23.1799
23.3014
23.4207
23.5376
23.6522
23.7644
23.8743
23.9818
24.0869
24.1896
24.2899
24.3877
24.4832
24.5762
24.6668
24.7549
24.8405
24.9236
25.0043
25.0825
25.1582
25.2314
25.302
25.3702
25.4358
25.4988
25.5593
25.6173
25.6727
25.7256
25.7759
25.8236
25.8687
25.9113
25.9513
25.9886
26.0234
26.0556
26.0852
26.1122
26.1365
26.1583
26.1774
26.194
26.2079
26.2192
26.2278
26.2339
26.2373
26.2381
26.2363
26.2318
26.2248
26.2151
26.2028
26.1878
26.1703
26.1501
26.1273
26.1019
26.0739
26.0432
26.01
25.9741
25.9357
25.8947
25.851
25.8048
25.756
25.7046
25.6506
25.5941
25.535
25.4733
25.4091
25.3424
25.2731
25.2012
25.1269
25.05
24.9706
24.8887
24.8043
24.7174
24.628
24.5362
24.4419
24.3451
24.2459
24.1443
24.0402
23.9338
23.8249
23.7136
23.5999
23.4839
23.3655
23.2448
23.1217
22.9963
22.8686
22.7386
22.6063
22.4718
22.3349
22.1959
22.0546
21.911
21.7653
21.6174
21.4673
21.315
21.1606
21.0041
20.8454
20.6846
20.5218
20.3569
20.1899
20.0209
19.8499
19.6769
19.5019
19.3249
19.146
18.9651
18.7824
18.5977
18.4112
18.2228
18.0325
17.8404
17.6466
17.4509
17.2535
17.0543
16.8534
16.6508
16.4466
16.2406
16.033
15.8238
15.613
15.4006
15.1866
14.9711
14.7541
14.5356
14.3156
14.0942
13.8713
13.647
13.4213
13.1943
12.9659
12.7362
12.5052
12.2729
12.0394
11.8047
11.5687
11.3316
11.0933
10.8539
10.6133
10.3717
10.129
9.88532
9.64059
9.39487
9.14819
8.90057
8.65203
8.40261
8.15232
7.90119
7.64924
7.3965
7.143
6.88876
6.6338
6.37816
6.12185
5.86491
5.60735
5.3492
5.0905
4.83126
4.57151
4.31128
4.05059
3.78947
3.52794
3.26604
3.00378
2.74119
2.47831
2.21515
1.95175
1.68812
1.42429
1.1603
0.896168
0.631918
0.367578
0.103175
-0.161265
-0.425715
-0.690149
-0.95454
-1.21886
-1.48309
-1.74719
-2.01115
-2.27493
-2.53851
-2.80187
-3.06497
-3.32779
-3.5903
-3.85248
-4.1143
-4.37574
-4.63676
-4.89735
-5.15747
-5.41711
-5.67622
-5.9348
-6.19281
-6.45022
-6.70702
-6.96317
-7.21865
-7.47343
-7.72749
-7.98081
-8.23335
-8.48509
-8.73601
-8.98608
-9.23528
-9.48358
-9.73096
-9.97739
-10.2228
-10.4673
-10.7107
-10.9531
-11.1944
-11.4347
-11.6738
-11.9117
-12.1485
-12.3841
-12.6185
-12.8516
-13.0835
-13.3141
-13.5434
-13.7714
-13.998
-14.2232
-14.447
-14.6694
-14.8904
-15.1099
-15.3279
-15.5444
-15.7594
-15.9728
-16.1846
-16.3948
-16.6035
-16.8104
-17.0157
-17.2194
-17.4213
-17.6215
-17.82
-18.0167
-18.2116
-18.4047
-18.596
-18.7855
-18.9731
-19.1588
-19.3427
-19.5246
-19.7045
-19.8826
-20.0586
-20.2327
-20.4048
-20.5748
-20.7428
-20.9087
-21.0726
-21.2344
-21.394
-21.5516
-21.707
-21.8602
-22.0113
-22.1602
-22.3069
-22.4513
-22.5936
-22.7336
-22.8713
-23.0068
-23.14
-23.2708
-23.3994
-23.5256
-23.6495
-23.7711
-23.8903
-24.0071
-24.1215
-24.2335
-24.3431
-24.4503
-24.555
-24.6573
-24.7571
-24.8545
-24.9494
-25.0418
-25.1318
-25.2192
-25.3041
-25.3865
-25.4663
-25.5436
-25.6184
-25.6906
-25.7602
-25.8273
-25.8918
-25.9537
-26.0131
-26.0698
-26.1239
-26.1755
-26.2244
-26.2707
-26.3144
-26.3554
-26.3938
-26.4296
-26.4627
-26.4932
-26.5211
-26.5463
-26.5689
-26.5888
-26.606
-26.6206
-26.6325
-26.6418
-26.6483
-26.6523
-26.6535
-26.6521
-26.6481
-26.6413
-26.632
-26.6199
-26.6052
-26.5878
-26.5677
-26.545
-26.5197
-26.4917
-26.461
-26.4277
-26.3917
-26.3531
-26.3119
-26.268
-26.2215
-26.1724
-26.1206
-26.0662
-26.0092
-25.9496
-25.8874
-25.8226
-25.7553
-25.6853
-25.6128
-25.5377
-25.46
-25.3798
-25.297
-25.2117
-25.1239
-25.0335
-24.9406
-24.8453
-24.7474
-24.6471
-24.5442
-24.4389
-24.3312
-24.221
-24.1084
-23.9933
-23.8759
-23.756
-23.6338
-23.5092
-23.3822
-23.2529
-23.1212
-22.9872
-22.8509
-22.7123
-22.5714
-22.4282
-22.2828
-22.1352
-21.9853
-21.8332
-21.6789
-21.5224
-21.3637
-21.2029
-21.04
-20.8749
-20.7078
-20.5385
-20.3672
-20.1938
-20.0184
-19.841
-19.6615
-19.4801
-19.2967
-19.1114
-18.9241
-18.7349
-18.5439
-18.3509
-18.1561
-17.9595
-17.7611
-17.5608
-17.3588
-17.155
-16.9495
-16.7423
-16.5334
-16.3228
-16.1105
-15.8966
-15.6812
-15.4641
-15.2454
-15.0252
-14.8035
-14.5803
-14.3556
-14.1294
-13.9018
-13.6728
-13.4424
-13.2106
-12.9775
-12.7431
-12.5074
-12.2704
-12.0321
-11.7926
-11.5519
-11.3101
-11.0671
-10.8229
-10.5777
-10.3313
-10.0839
-9.83549
-9.58605
-9.33563
-9.08424
-8.83193
-8.57871
-8.3246
-8.06964
-7.81384
-7.55724
-7.29985
-7.04171
-6.78284
-6.52326
-6.26301
-6.0021
-5.74057
-5.47844
-5.21573
-4.95248
-4.68871
-4.42443
-4.15969
-3.89451
-3.62891
-3.36293
-3.09658
-2.82989
-2.56289
-2.29561
-2.02808
-1.76031
-1.49235
-1.2242
-0.955908
-0.687493
-0.418982
-0.150401
0.11822
0.386857
0.655483
0.924069
1.19259
1.46102
1.72933
1.99749
2.26548
2.53327
2.80084
3.06815
3.33518
3.6019
3.86829
4.13432
4.39996
4.66519
4.92998
5.19431
5.45814
5.72145
5.98421
6.2464
6.508
6.76897
7.02929
7.28893
7.54787
7.80608
8.06353
8.32021
8.57608
8.83111
9.08529
9.33859
9.59098
9.84243
10.0929
10.3424
10.5909
10.8384
11.0848
11.3301
11.5743
11.8174
12.0594
12.3001
12.5396
12.7779
13.015
13.2508
13.4852
13.7184
13.9502
14.1806
14.4097
14.6373
14.8634
15.0882
15.3114
15.5331
15.7533
15.9719
16.189
16.4044
16.6183
16.8305
17.041
17.2499
17.457
17.6624
17.8661
18.068
18.2681
18.4665
18.663
18.8576
19.0504
19.2413
19.4303
19.6173
19.8025
19.9856
20.1668
20.346
20.5231
20.6983
20.8713
21.0424
21.2113
21.3781
21.5428
21.7053
21.8657
22.024
22.18
22.3339
22.4855
22.6349
22.782
22.9269
23.0695
23.2098
23.3478
23.4835
23.6169
23.7479
23.8765
24.0028
24.1266
24.2481
24.3672
24.4838
24.598
24.7098
24.819
24.9259
25.0302
25.1321
25.2314
25.3282
25.4225
25.5143
25.6035
25.6902
25.7743
25.8559
25.9349
26.0113
26.085
26.1562
26.2248
26.2908
26.3541
26.4149
26.4729
26.5284
26.5812
26.6313
26.6788
26.7236
26.7658
26.8052
26.8421
26.8762
26.9076
26.9364
26.9624
26.9858
27.0065
27.0244
27.0397
27.0523
27.0621
27.0693
27.0737
27.0755
27.0745
27.0709
27.0645
27.0554
27.0436
27.0291
27.0119
26.992
26.9694
26.9441
26.9161
26.8854
26.852
26.8159
26.7772
26.7357
26.6916
26.6448
26.5954
26.5432
26.4885
26.431
26.3709
26.3082
26.2428
26.1748
26.1042
26.031
25.9551
25.8766
25.7956
25.712
25.6257
25.5369
25.4456
25.3517
25.2552
25.1563
25.0547
24.9507
24.8442
24.7352
24.6236
24.5097
24.3932
24.2743
24.153
24.0292
23.903
23.7744
23.6435
23.5101
23.3744
23.2363
23.0959
22.9532
22.8082
22.6608
22.5112
22.3593
22.2052
22.0488
21.8903
21.7295
21.5665
21.4013
21.234
21.0646
20.893
20.7193
20.5435
20.3657
20.1858
20.0039
19.8199
19.634
19.446
19.2561
19.0643
18.8705
18.6749
18.4773
18.2779
18.0766
17.8735
17.6686
17.4619
17.2534
17.0432
16.8313
16.6176
16.4023
16.1853
15.9667
15.7464
15.5246
15.3012
15.0762
14.8497
14.6217
14.3922
14.1613
13.9289
13.6951
13.4599
13.2233
12.9854
12.7461
12.5056
12.2638
12.0207
11.7764
11.5309
11.2843
11.0364
10.7875
10.5374
10.2863
10.0341
9.78089
9.52667
9.27147
9.01532
8.75825
8.50027
8.24141
7.98171
7.72118
7.45985
7.19775
6.93491
6.67134
6.40709
6.14216
5.87659
5.61041
5.34365
5.07632
4.80845
4.54008
4.27123
4.00192
3.73219
3.46206
3.19155
2.9207
2.64953
2.37806
2.10633
1.83437
1.56219
1.28983
1.01731
0.744666
0.471918
0.199096
-0.0737733
-0.346663
-0.619544
-0.892392
-1.16518
-1.43787
-1.71045
-1.98289
-2.25515
-2.52722
-2.79906
-3.07065
-3.34196
-3.61296
-3.88362
-4.15393
-4.42385
-4.69335
-4.96241
-5.231
-5.49909
-5.76666
-6.03369
-6.30013
-6.56597
-6.83118
-7.09574
-7.35961
-7.62277
-7.88519
-8.14686
-8.40773
-8.66779
-8.92701
-9.18536
-9.44282
-9.69937
-9.95496
-10.2096
-10.4632
-10.7158
-10.9674
-11.2179
-11.4673
-11.7156
-11.9627
-12.2086
-12.4534
-12.6969
-12.9392
-13.1803
-13.42
-13.6584
-13.8955
-14.1312
-14.3655
-14.5984
-14.8299
-15.0599
-15.2884
-15.5154
-15.7409
-15.9648
-16.1872
-16.4079
-16.6271
-16.8446
-17.0604
-17.2746
-17.4871
-17.6978
-17.9068
-18.114
-18.3194
-18.523
-18.7248
-18.9247
-19.1227
-19.3189
-19.5131
-19.7054
-19.8958
-20.0842
-20.2706
-20.455
-20.6373
-20.8177
-20.9959
-21.1721
-21.3462
-21.5181
-21.6879
-21.8556
-22.0211
-22.1844
-22.3455
-22.5044
-22.6611
-22.8155
-22.9676
-23.1175
-23.2651
-23.4103
-23.5533
-23.6938
-23.8321
-23.9679
-24.1014
-24.2325
-24.3612
-24.4874
-24.6112
-24.7326
-24.8515
-24.9679
-25.0819
-25.1933
-25.3022
-25.4087
-25.5126
-25.6139
-25.7127
-25.8089
-25.9026
-25.9937
-26.0822
-26.1681
-26.2514
-26.332
-26.4101
-26.4855
-26.5582
-26.6284
-26.6958
-26.7606
-26.8228
-26.8822
-26.939
-26.9931
-27.0445
-27.0932
-27.1392
-27.1824
-27.223
-27.2609
-27.296
-27.3284
-27.358
-27.385
-27.4092
-27.4306
-27.4494
-27.4653
-27.4786
-27.4891
-27.4968
-27.5018
-27.504
-27.5035
-27.5003
-27.4942
-27.4855
-27.474
-27.4597
-27.4427
-27.423
-27.4005
-27.3752
-27.3472
-27.3165
-27.2831
-27.2469
-27.208
-27.1663
-27.122
-27.0749
-27.0251
-26.9726
-26.9174
-26.8596
-26.799
-26.7357
-26.6697
-26.6011
-26.5298
-26.4559
-26.3793
-26.3
-26.2181
-26.1336
-26.0465
-25.9567
-25.8644
-25.7694
-25.6719
-25.5718
-25.4691
-25.3638
-25.2561
-25.1457
-25.0329
-24.9175
-24.7996
-24.6793
-24.5565
-24.4311
-24.3034
-24.1732
-24.0405
-23.9055
-23.768
-23.6282
-23.486
-23.3414
-23.1944
-23.0452
-22.8936
-22.7397
-22.5835
-22.425
-22.2643
-22.1014
-21.9362
-21.7688
-21.5992
-21.4274
-21.2535
-21.0774
-20.8992
-20.7189
-20.5365
-20.3521
-20.1656
-19.977
-19.7864
-19.5939
-19.3993
-19.2028
-19.0044
-18.804
-18.6018
-18.3976
-18.1916
-17.9838
-17.7741
-17.5626
-17.3494
-17.1344
-16.9177
-16.6992
-16.4791
-16.2573
-16.0338
-15.8087
-15.5821
-15.3538
-15.124
-14.8926
-14.6597
-14.4254
-14.1896
-13.9523
-13.7136
-13.4735
-13.2321
-12.9893
-12.7451
-12.4997
-12.253
-12.0051
-11.7559
-11.5055
-11.254
-11.0013
-10.7474
-10.4925
-10.2365
-9.97947
-9.7214
-9.46233
-9.20229
-8.9413
-8.67939
-8.41658
-8.15291
-7.8884
-7.62307
-7.35695
-7.09007
-6.82246
-6.55413
-6.28513
-6.01547
-5.74518
-5.47428
-5.20282
-4.9308
-4.65827
-4.38524
-4.11175
-3.83782
-3.56347
-3.28875
-3.01366
-2.73825
-2.46254
-2.18655
-1.91032
-1.63387
-1.35722
-1.08042
-0.803474
-0.526424
-0.249293
0.0278898
0.305098
0.582303
0.859478
1.13659
1.41363
1.69054
1.96732
2.24392
2.52033
2.79652
3.07245
3.34811
3.62345
3.89846
4.17311
4.44737
4.72122
4.99461
5.26754
5.53996
5.81186
6.08321
6.35397
6.62413
6.89365
7.16251
7.43067
7.69813
7.96484
8.23078
8.49592
8.76024
9.02371
9.2863
9.54799
9.80876
10.0686
10.3274
10.5852
10.842
11.0977
11.3524
11.6059
11.8583
12.1096
12.3596
12.6084
12.8561
13.1024
13.3475
13.5912
13.8336
14.0747
14.3144
14.5526
14.7895
15.0248
15.2587
15.4911
15.722
15.9513
16.1791
16.4052
16.6298
16.8527
17.0739
17.2934
17.5113
17.7274
17.9418
18.1543
18.3651
18.5741
18.7813
18.9865
19.1899
19.3915
19.591
19.7887
19.9844
20.1781
20.3698
20.5595
20.7472
20.9328
21.1163
21.2977
21.477
21.6542
21.8293
22.0022
22.1729
22.3414
22.5076
22.6717
22.8335
22.993
23.1502
23.3052
23.4578
23.6081
23.7561
23.9017
24.0449
24.1857
24.3241
24.4601
24.5937
24.7248
24.8535
24.9797
25.1034
25.2246
25.3433
25.4595
25.5731
25.6842
25.7928
25.8987
26.0021
26.1029
26.2011
26.2967
26.3897
26.48
26.5677
26.6528
26.7352
26.8149
26.892
26.9664
27.038
27.107
27.1733
27.2369
27.2978
27.3559
27.4113
27.464
27.5139
27.5611
27.6055
27.6472
27.6861
27.7223
27.7556
27.7862
27.8141
27.8391
27.8614
27.8809
27.8976
27.9115
27.9226
27.931
27.9365
27.9393
27.9392
27.9364
27.9308
27.9223
27.9111
27.8971
27.8803
27.8607
27.8383
27.8132
27.7852
27.7545
27.721
27.6847
27.6456
27.6038
27.5592
27.5119
27.4618
27.4089
27.3533
27.295
27.2339
27.1701
27.1035
27.0343
26.9623
26.8877
26.8103
26.7303
26.6475
26.5621
26.4741
26.3833
26.29
26.194
26.0953
25.9941
25.8902
25.7837
25.6747
25.563
25.4488
25.3321
25.2128
25.0909
24.9666
24.8397
24.7104
24.5785
24.4442
24.3074
24.1682
24.0265
23.8825
23.736
23.5871
23.4359
23.2823
23.1264
22.9681
22.8075
22.6447
22.4795
22.3121
22.1424
21.9705
21.7964
21.6201
21.4416
21.261
21.0782
20.8933
20.7062
20.5171
20.3259
20.1327
19.9374
19.7401
19.5409
19.3396
19.1364
18.9313
18.7242
18.5153
18.3044
18.0918
17.8773
17.661
17.4429
17.223
17.0014
16.7781
16.553
16.3263
16.0979
15.8679
15.6363
15.4031
15.1684
14.9321
14.6943
14.455
14.2142
13.972
13.7283
13.4833
13.2369
12.9891
12.74
12.4896
12.238
11.9851
11.7309
11.4756
11.2191
10.9614
10.7027
10.4428
10.1819
9.91988
9.65687
9.39288
9.12792
8.86202
8.59521
8.32751
8.05895
7.78956
7.51937
7.24839
6.97666
6.70421
6.43106
6.15724
5.88278
5.6077
5.33203
5.05581
4.77904
4.50178
4.22403
3.94584
3.66722
3.38821
3.10883
2.82911
2.54908
2.26877
1.98821
1.70741
1.42642
1.14526
0.863955
0.582535
0.301029
0.0194644
-0.26213
-0.543727
-0.825297
-1.10681
-1.38825
-1.66957
-1.95075
-2.23177
-2.51259
-2.79319
-3.07354
-3.3536
-3.63337
-3.91279
-4.19185
-4.47052
-4.74877
-5.02658
-5.30391
-5.58074
-5.85703
-6.13277
-6.40792
-6.68246
-6.95636
-7.22959
-7.50213
-7.77394
-8.045
-8.31528
-8.58476
-8.85341
-9.1212
-9.38811
-9.6541
-9.91915
-10.1832
-10.4463
-10.7084
-10.9694
-11.2294
-11.4883
-11.746
-12.0026
-12.258
-12.5122
-12.7652
-13.017
-13.2674
-13.5166
-13.7644
-14.0109
-14.256
-14.4997
-14.742
-14.9829
-15.2222
-15.4601
-15.6964
-15.9312
-16.1644
-16.3961
-16.6261
-16.8544
-17.0812
-17.3062
-17.5295
-17.7511
-17.9709
-18.189
-18.4052
-18.6197
-18.8323
-19.043
-19.2519
-19.4588
-19.6638
-19.8669
-20.068
-20.2672
-20.4643
-20.6594
-20.8524
-21.0434
-21.2323
-21.4191
-21.6038
-21.7863
-21.9667
-22.1449
-22.3208
-22.4946
-22.6662
-22.8355
-23.0025
-23.1672
-23.3297
-23.4898
-23.6476
-23.803
-23.9561
-24.1068
-24.2551
-24.401
-24.5445
-24.6855
-24.8241
-24.9602
-25.0938
-25.225
-25.3536
-25.4797
-25.6032
-25.7242
-25.8427
-25.9586
-26.0719
-26.1826
-26.2907
-26.3961
-26.499
-26.5992
-26.6967
-26.7916
-26.8839
-26.9734
-27.0603
-27.1444
-27.2259
-27.3046
-27.3806
-27.4539
-27.5245
-27.5923
-27.6573
-27.7196
-27.7792
-27.8359
-27.8899
-27.9411
-27.9895
-28.0351
-28.0779
-28.1179
-28.1551
-28.1895
-28.2211
-28.2498
-28.2758
-28.2989
-28.3191
-28.3366
-28.3512
-28.363
-28.3719
-28.3781
-28.3813
-28.3818
-28.3794
-28.3741
-28.366
-28.3551
-28.3414
-28.3248
-28.3054
-28.2831
-28.258
-28.2301
-28.1994
-28.1658
-28.1294
-28.0902
-28.0482
-28.0034
-27.9558
-27.9054
-27.8521
-27.7961
-27.7373
-27.6758
-27.6114
-27.5443
-27.4744
-27.4018
-27.3264
-27.2483
-27.1674
-27.0839
-26.9976
-26.9086
-26.8169
-26.7225
-26.6254
-26.5256
-26.4232
-26.3182
-26.2105
-26.1001
-25.9872
-25.8716
-25.7534
-25.6327
-25.5094
-25.3835
-25.255
-25.124
-24.9905
-24.8545
-24.716
-24.575
-24.4315
-24.2856
-24.1372
-23.9864
-23.8332
-23.6776
-23.5196
-23.3592
-23.1965
-23.0314
-22.864
-22.6944
-22.5224
-22.3482
-22.1717
-21.993
-21.812
-21.6289
-21.4436
-21.2561
-21.0665
-20.8747
-20.6808
-20.4849
-20.2869
-20.0868
-19.8847
-19.6806
-19.4745
-19.2665
-19.0565
-18.8446
-18.6307
-18.415
-18.1974
-17.978
-17.7567
-17.5337
-17.3089
-17.0823
-16.854
-16.624
-16.3923
-16.1589
-15.9239
-15.6873
-15.4491
-15.2093
-14.968
-14.7252
-14.4808
-14.235
-13.9878
-13.7391
-13.489
-13.2376
-12.9848
-12.7306
-12.4752
-12.2185
-11.9606
-11.7014
-11.441
-11.1795
-10.9168
-10.653
-10.3881
-10.1222
-9.85518
-9.58717
-9.31818
-9.04824
-8.77736
-8.50557
-8.23291
-7.95939
-7.68506
-7.40992
-7.13402
-6.85738
-6.58002
-6.30198
-6.02328
-5.74395
-5.46402
-5.18351
-4.90246
-4.62089
-4.33883
-4.05631
-3.77335
-3.48999
-3.20624
-2.92216
-2.63775
-2.35304
-2.06808
-1.78288
-1.49747
-1.21188
-0.926145
-0.640288
-0.354338
-0.068324
0.217725
0.503782
0.789816
1.0758
1.36171
1.6475
1.93316
2.21866
2.50396
2.78905
3.07388
3.35843
3.64267
3.92658
4.21013
4.49328
4.77601
5.05829
5.3401
5.62139
5.90216
6.18236
6.46197
6.74097
7.01931
7.29699
7.57396
7.8502
8.12568
8.40038
8.67427
8.94732
9.2195
9.49078
9.76114
10.0306
10.299
10.5664
10.8328
11.0982
11.3624
11.6256
11.8876
12.1485
12.4081
12.6666
12.9238
13.1797
13.4344
13.6877
13.9397
14.1903
14.4396
14.6874
14.9338
15.1786
15.4221
15.6639
15.9043
16.1431
16.3802
16.6158
16.8497
17.082
17.3126
17.5415
17.7686
17.994
18.2176
18.4395
18.6595
18.8776
19.0939
19.3083
19.5208
19.7313
19.9399
20.1466
20.3512
20.5538
20.7544
20.953
21.1494
21.3438
21.536
21.7261
21.9141
22.0999
22.2835
22.4649
22.644
22.8209
22.9956
23.168
23.338
23.5058
23.6712
23.8342
23.9949
24.1533
24.3092
24.4627
24.6137
24.7624
24.9085
25.0522
25.1934
25.3321
25.4682
25.6019
25.733
25.8615
25.9875
26.1108
26.2316
26.3497
26.4653
26.5782
26.6884
26.796
26.901
27.0032
27.1028
27.1996
27.2938
27.3852
27.4739
27.5599
27.6431
27.7235
27.8012
27.8761
27.9483
28.0176
28.0842
28.1479
28.2089
28.267
28.3223
28.3748
28.4245
28.4713
28.5152
28.5564
28.5946
28.6301
28.6626
28.6923
28.7191
28.7431
28.7642
28.7824
28.7977
28.8102
28.8198
28.8265
28.8303
28.8312
28.8293
28.8244
28.8167
28.8061
28.7927
28.7763
28.757
28.7349
28.7099
28.6821
28.6513
28.6177
28.5813
28.5419
28.4997
28.4547
28.4068
28.3561
28.3025
28.2461
28.1868
28.1247
28.0598
27.9921
27.9216
27.8483
27.7722
27.6933
27.6117
27.5272
27.4401
27.3501
27.2574
27.162
27.0638
26.963
26.8594
26.7531
26.6442
26.5326
26.4183
26.3013
26.1817
26.0595
25.9347
25.8072
25.6772
25.5446
25.4094
25.2716
25.1314
24.9885
24.8432
24.6954
24.5451
24.3923
24.2371
24.0794
23.9193
23.7568
23.5919
23.4247
23.2551
23.0831
22.9088
22.7322
22.5533
22.3721
22.1887
22.003
21.8152
21.6251
21.4328
21.2384
21.0418
20.8431
20.6424
20.4395
20.2345
20.0275
19.8185
19.6075
19.3945
19.1796
18.9627
18.7439
18.5232
18.3006
18.0761
17.8499
17.6218
17.3919
17.1603
16.927
16.6919
16.4551
16.2167
15.9766
15.7349
15.4916
15.2467
15.0003
14.7523
14.5029
14.252
13.9996
13.7458
13.4906
13.234
12.9761
12.7168
12.4563
12.1945
11.9314
11.6671
11.4017
11.135
10.8672
10.5983
10.3284
10.0573
9.78524
9.51216
9.2381
8.96309
8.68715
8.41032
8.13262
7.85408
7.57473
7.29459
7.0137
6.73207
6.44974
6.16674
5.8831
5.59883
5.31398
5.02857
4.74263
4.45619
4.16927
3.88191
3.59412
3.30595
3.01743
2.72857
2.43941
2.14997
1.86029
1.5704
1.28032
0.990085
0.699721
0.409258
0.118725
-0.171849
-0.462435
-0.753004
-1.04353
-1.33397
-1.62432
-1.91453
-2.20457
-2.49443
-2.78406
-3.07345
-3.36256
-3.65136
-3.93982
-4.22792
-4.51562
-4.8029
-5.08973
-5.37608
-5.66192
-5.94723
-6.23197
-6.51611
-6.79963
-7.08249
-7.36468
-7.64616
-7.9269
-8.20688
-8.48607
-8.76443
-9.04195
-9.31859
-9.59432
-9.86913
-10.143
-10.4158
-10.6877
-10.9585
-11.2282
-11.4968
-11.7644
-12.0307
-12.2959
-12.5599
-12.8227
-13.0842
-13.3444
-13.6033
-13.8609
-14.1171
-14.3719
-14.6253
-14.8773
-15.1278
-15.3768
-15.6243
-15.8703
-16.1147
-16.3576
-16.5988
-16.8384
-17.0763
-17.3125
-17.5471
-17.7799
-18.0109
-18.2402
-18.4676
-18.6933
-18.9171
-19.139
-19.359
-19.5771
-19.7933
-20.0076
-20.2198
-20.43
-20.6383
-20.8445
-21.0486
-21.2506
-21.4505
-21.6483
-21.844
-22.0375
-22.2288
-22.4179
-22.6048
-22.7894
-22.9718
-23.1519
-23.3297
-23.5052
-23.6783
-23.8491
-24.0176
-24.1836
-24.3473
-24.5085
-24.6673
-24.8237
-24.9775
-25.1289
-25.2778
-25.4242
-25.5681
-25.7094
-25.8482
-25.9843
-26.1179
-26.249
-26.3773
-26.5031
-26.6262
-26.7467
-26.8645
-26.9797
-27.0921
-27.2019
-27.309
-27.4133
-27.5149
-27.6137
-27.7098
-27.8032
-27.8938
-27.9816
-28.0666
-28.1488
-28.2282
-28.3047
-28.3785
-28.4494
-28.5175
-28.5828
-28.6452
-28.7047
-28.7614
-28.8152
-28.8661
-28.9142
-28.9593
-29.0016
-29.041
-29.0774
-29.111
-29.1416
-29.1694
-29.1942
-29.2161
-29.2351
-29.2512
-29.2644
-29.2746
-29.2819
-29.2863
-29.2877
-29.2862
-29.2818
-29.2745
-29.2642
-29.251
-29.2349
-29.2158
-29.1939
-29.169
-29.1412
-29.1104
-29.0768
-29.0402
-29.0008
-28.9584
-28.9131
-28.865
-28.8139
-28.76
-28.7032
-28.6435
-28.5809
-28.5155
-28.4472
-28.376
-28.3021
-28.2252
-28.1456
-28.0631
-27.9778
-27.8897
-27.7988
-27.7051
-27.6087
-27.5094
-27.4074
-27.3027
-27.1952
-27.085
-26.972
-26.8564
-26.7381
-26.617
-26.4933
-26.367
-26.238
-26.1063
-25.972
-25.8351
-25.6957
-25.5536
-25.409
-25.2618
-25.112
-24.9598
-24.805
-24.6478
-24.488
-24.3258
-24.1611
-23.994
-23.8245
-23.6526
-23.4783
-23.3017
-23.1227
-22.9414
-22.7577
-22.5718
-22.3836
-22.1931
-22.0004
-21.8054
-21.6083
-21.409
-21.2075
-21.0039
-20.7982
-20.5904
-20.3805
-20.1685
-19.9545
-19.7384
-19.5204
-19.3004
-19.0785
-18.8546
-18.6288
-18.4011
-18.1716
-17.9402
-17.707
-17.4721
-17.2353
-16.9968
-16.7566
-16.5146
-16.271
-16.0258
-15.7789
-15.5304
-15.2804
-15.0288
-14.7756
-14.521
-14.2648
-14.0073
-13.7483
-13.4879
-13.2261
-12.963
-12.6985
-12.4328
-12.1658
-11.8975
-11.628
-11.3574
-11.0855
-10.8126
-10.5385
-10.2633
-9.98714
-9.70991
-9.43168
-9.15247
-8.87233
-8.59127
-8.30932
-8.02651
-7.74288
-7.45844
-7.17322
-6.88726
-6.60058
-6.31322
-6.02519
-5.73653
-5.44727
-5.15744
-4.86706
-4.57616
-4.28478
-3.99294
-3.70067
-3.40801
-3.11497
-2.82159
-2.5279
-2.23393
-1.93971
-1.64526
-1.35062
-1.05581
-0.760872
-0.465826
-0.170703
0.124466
0.419653
0.714827
1.00996
1.30502
1.59998
1.89481
2.18948
2.48396
2.77822
3.07223
3.36596
3.65939
3.95248
4.24521
4.53753
4.82944
5.12089
5.41186
5.70231
5.99223
6.28157
6.57032
6.85844
7.1459
7.43267
7.71873
8.00405
8.28859
8.57234
8.85525
9.13731
9.41848
9.69874
9.97806
10.2564
10.5338
10.8101
11.0853
11.3595
11.6326
11.9046
12.1753
12.4449
12.7133
12.9804
13.2463
13.5109
13.7741
14.036
14.2965
14.5556
14.8133
15.0695
15.3242
15.5774
15.8291
16.0793
16.3278
16.5748
16.8201
17.0638
17.3057
17.546
17.7845
18.0213
18.2563
18.4895
18.7209
18.9504
19.1781
19.4039
19.6277
19.8496
20.0696
20.2875
20.5035
20.7174
20.9293
21.1391
21.3468
21.5523
21.7558
21.9571
22.1562
22.3532
22.5479
22.7404
22.9306
23.1185
23.3042
23.4875
23.6686
23.8472
24.0235
24.1974
24.3689
24.538
24.7047
24.8689
25.0306
25.1899
25.3466
25.5008
25.6525
25.8017
25.9482
26.0922
26.2336
26.3724
26.5086
26.6421
26.773
26.9012
27.0267
27.1496
27.2697
27.3872
27.5019
27.6138
27.723
27.8295
27.9332
28.0341
28.1322
28.2275
28.3199
28.4096
28.4964
28.5804
28.6616
28.7399
28.8153
28.8878
28.9575
29.0242
29.0881
29.1491
29.2072
29.2623
29.3145
29.3638
29.4102
29.4536
29.4941
29.5317
29.5663
29.5979
29.6266
29.6524
29.6751
29.6949
29.7118
29.7256
29.7365
29.7444
29.7494
29.7514
29.7504
29.7464
29.7394
29.7295
29.7166
29.7007
29.6819
29.6601
29.6353
29.6075
29.5768
29.5431
29.5065
29.4669
29.4244
29.3789
29.3305
29.2791
29.2248
29.1676
29.1074
29.0444
28.9784
28.9095
28.8378
28.7631
28.6855
28.6051
28.5218
28.4357
28.3466
28.2548
28.1601
28.0626
27.9623
27.8591
27.7532
27.6445
27.533
27.4187
27.3017
27.182
27.0595
26.9343
26.8064
26.6758
26.5425
26.4065
26.2679
26.1267
25.9828
25.8364
25.6873
25.5356
25.3814
25.2246
25.0653
24.9034
24.7391
24.5722
24.4029
24.2311
24.0569
23.8803
23.7012
23.5198
23.336
23.1498
22.9613
22.7705
22.5774
22.3821
22.1844
21.9846
21.7825
21.5782
21.3717
21.1631
20.9523
20.7394
20.5245
20.3074
20.0883
19.8672
19.6441
19.4189
19.1918
18.9628
18.7319
18.499
18.2643
18.0277
17.7893
17.5491
17.3071
17.0634
16.8179
16.5708
16.3219
16.0714
15.8193
15.5655
15.3102
15.0533
14.7949
14.5349
14.2735
14.0107
13.7464
13.4807
13.2137
12.9452
12.6755
12.4045
12.1322
11.8587
11.5839
11.308
11.0309
10.7527
10.4734
10.193
9.91151
9.62904
9.34558
9.06116
8.77581
8.48955
8.20241
7.91442
7.62562
7.33602
7.04566
6.75456
6.46276
6.17029
5.87717
5.58343
5.2891
4.99422
4.6988
4.40289
4.10651
3.80969
3.51245
3.21484
2.91687
2.61859
2.32001
2.02117
1.72209
1.42282
1.12337
0.823782
0.52408
0.224296
-0.0755403
-0.375399
-0.675251
-0.975064
-1.27481
-1.57446
-1.87398
-2.17334
-2.47252
-2.77148
-3.07019
-3.36863
-3.66675
-3.96454
-4.26197
-4.559
-4.8556
-5.15174
-5.4474
-5.74255
-6.03715
-6.33117
-6.6246
-6.91739
-7.20951
-7.50095
-7.79166
-8.08162
-8.37081
-8.65919
-8.94672
-9.2334
-9.51918
-9.80403
-10.0879
-10.3709
-10.6528
-10.9337
-11.2135
-11.4922
-11.7698
-12.0462
-12.3215
-12.5956
-12.8684
-13.14
-13.4103
-13.6792
-13.9469
-14.2131
-14.478
-14.7415
-15.0035
-15.264
-15.523
-15.7805
-16.0365
-16.2908
-16.5436
-16.7947
-17.0442
-17.292
-17.5381
-17.7825
-18.0251
-18.2659
-18.505
-18.7422
-18.9775
-19.211
-19.4426
-19.6723
-19.9
-20.1257
-20.3495
-20.5713
-20.791
-21.0086
-21.2242
-21.4377
-21.6491
-21.8583
-22.0653
-22.2702
-22.4728
-22.6733
-22.8714
-23.0674
-23.261
-23.4523
-23.6413
-23.8279
-24.0122
-24.1941
-24.3736
-24.5507
-24.7254
-24.8975
-25.0673
-25.2345
-25.3992
-25.5614
-25.7211
-25.8782
-26.0327
-26.1846
-26.334
-26.4807
-26.6248
-26.7662
-26.905
-27.0411
-27.1745
-27.3052
-27.4332
-27.5584
-27.6809
-27.8007
-27.9177
-28.0319
-28.1433
-28.2519
-28.3577
-28.4607
-28.5608
-28.6581
-28.7526
-28.8441
-28.9328
-29.0186
-29.1015
-29.1816
-29.2587
-29.3329
-29.4041
-29.4724
-29.5378
-29.6003
-29.6598
-29.7163
-29.7698
-29.8204
-29.868
-29.9127
-29.9543
-29.993
-30.0286
-30.0613
-30.0909
-30.1176
-30.1412
-30.1618
-30.1795
-30.194
-30.2056
-30.2142
-30.2197
-30.2222
-30.2217
-30.2182
-30.2117
-30.2021
-30.1895
-30.1739
-30.1553
-30.1336
-30.1089
-30.0813
-30.0506
-30.0169
-29.9802
-29.9405
-29.8978
-29.8521
-29.8034
-29.7517
-29.6971
-29.6394
-29.5788
-29.5153
-29.4488
-29.3793
-29.3069
-29.2315
-29.1533
-29.072
-28.9879
-28.9009
-28.811
-28.7182
-28.6225
-28.5239
-28.4225
-28.3182
-28.211
-28.1011
-27.9883
-27.8727
-27.7543
-27.6331
-27.5092
-27.3825
-27.253
-27.1208
-26.9859
-26.8482
-26.7079
-26.5649
-26.4192
-26.2708
-26.1198
-25.9662
-25.81
-25.6512
-25.4897
-25.3258
-25.1592
-24.9902
-24.8186
-24.6445
-24.468
-24.289
-24.1075
-23.9236
-23.7373
-23.5486
-23.3575
-23.1641
-22.9683
-22.7703
-22.5699
-22.3672
-22.1623
-21.9552
-21.7458
-21.5343
-21.3205
-21.1046
-20.8866
-20.6665
-20.4443
-20.22
-19.9937
-19.7653
-19.535
-19.3026
-19.0684
-18.8322
-18.594
-18.354
-18.1122
-17.8685
-17.623
-17.3757
-17.1266
-16.8758
-16.6233
-16.3691
-16.1133
-15.8558
-15.5967
-15.336
-15.0738
-14.81
-14.5447
-14.2779
-14.0097
-13.74
-13.469
-13.1966
-12.9228
-12.6477
-12.3713
-12.0937
-11.8148
-11.5347
-11.2534
-10.971
-10.6874
-10.4027
-10.117
-9.83026
-9.54248
-9.25373
-8.96401
-8.67337
-8.38184
-8.08944
-7.7962
-7.50215
-7.20732
-6.91174
-6.61544
-6.31845
-6.0208
-5.72251
-5.42363
-5.12417
-4.82417
-4.52365
-4.22266
-3.92121
-3.61934
-3.31708
-3.01445
-2.7115
-2.40824
-2.10471
-1.80094
-1.49696
-1.1928
-0.888489
-0.58406
-0.279542
0.0250348
0.329639
0.634241
0.93881
1.24332
1.54773
1.85201
2.15615
2.46009
2.76383
3.06731
3.37052
3.67342
3.97599
4.27819
4.57999
4.88136
5.18228
5.4827
5.78261
6.08197
6.38075
6.67893
6.97646
7.27333
7.5695
7.86494
8.15963
8.45353
8.74661
9.03885
9.33021
9.62067
9.9102
10.1988
10.4863
10.7729
11.0584
11.3428
11.6261
11.9083
12.1894
12.4692
12.7478
13.0252
13.3013
13.5761
13.8495
14.1216
14.3923
14.6616
14.9295
15.1959
15.4608
15.7242
15.986
16.2463
16.505
16.762
17.0174
17.2712
17.5232
17.7735
18.022
18.2688
18.5137
18.7569
18.9981
19.2375
19.475
19.7106
19.9443
20.1759
20.4056
20.6332
20.8588
21.0824
21.3039
21.5232
21.7404
21.9555
22.1684
22.3791
22.5876
22.7938
22.9978
23.1995
23.3989
23.596
23.7908
23.9832
24.1732
24.3608
24.546
24.7287
24.909
25.0869
25.2622
25.435
25.6053
25.7731
25.9383
26.1009
26.2609
26.4184
26.5732
26.7253
26.8748
27.0216
27.1658
27.3072
27.4459
27.5819
27.7151
27.8456
27.9733
28.0982
28.2204
28.3397
28.4562
28.5699
28.6807
28.7886
28.8937
28.9959
29.0953
29.1917
29.2852
29.3758
29.4635
29.5482
29.63
29.7088
29.7847
29.8576
29.9275
29.9944
30.0583
30.1193
30.1772
30.2321
30.284
30.3329
30.3788
30.4216
30.4614
30.4981
30.5318
30.5624
30.59
30.6145
30.636
30.6544
30.6698
30.6821
30.6913
30.6974
30.7005
30.7005
30.6974
30.6913
30.6821
30.6698
30.6545
30.6361
30.6146
30.5901
30.5625
30.5318
30.4981
30.4614
30.4215
30.3787
30.3328
30.2838
30.2319
30.1769
30.1188
30.0578
29.9937
29.9267
29.8566
29.7836
29.7075
29.6285
29.5465
29.4616
29.3737
29.2828
29.189
29.0923
28.9927
28.8901
28.7847
28.6763
28.5651
28.4511
28.3341
28.2143
28.0917
27.9663
27.838
27.707
27.5732
27.4366
27.2972
27.1551
27.0103
26.8628
26.7125
26.5596
26.404
26.2457
26.0848
25.9213
25.7552
25.5864
25.4152
25.2413
25.0649
24.886
24.7045
24.5206
24.3342
24.1454
23.9541
23.7604
23.5644
23.3659
23.1651
22.9619
22.7565
22.5487
22.3386
22.1264
21.9118
21.6951
21.4761
21.255
21.0318
20.8064
20.5789
20.3494
20.1178
19.8841
19.6484
19.4108
19.1712
18.9296
18.6861
18.4408
18.1935
17.9444
17.6935
17.4409
17.1864
16.9302
16.6723
16.4126
16.1513
15.8884
15.6239
15.3577
15.09
14.8208
14.5501
14.2778
14.0042
13.7291
13.4526
13.1747
12.8955
12.6149
12.3331
12.05
11.7657
11.4801
11.1934
10.9056
10.6166
10.3265
10.0354
9.74325
9.45009
9.15595
8.86087
8.56487
8.26799
7.97025
7.67168
7.37231
7.07218
6.77131
6.46974
6.16749
5.86459
5.56107
5.25697
4.95231
4.64712
4.34144
4.0353
3.72872
3.42174
3.11438
2.80668
2.49867
2.19038
1.88184
1.57309
1.26414
0.955035
0.645805
0.336479
0.0270881
-0.282336
-0.591763
-0.901162
-1.2105
-1.51975
-1.82888
-2.13786
-2.44665
-2.75523
-3.06356
-3.37162
-3.67938
-3.98679
-4.29384
-4.60049
-4.90671
-5.21247
-5.51774
-5.82249
-6.12668
-6.4303
-6.7333
-7.03566
-7.33734
-7.63832
-7.93857
-8.23805
-8.53674
-8.83461
-9.13162
-9.42775
-9.72297
-10.0172
-10.3105
-10.6028
-10.8941
-11.1843
-11.4734
-11.7614
-12.0483
-12.334
-12.6184
-12.9017
-13.1836
-13.4643
-13.7437
-14.0217
-14.2984
-14.5736
-14.8474
-15.1198
-15.3907
-15.66
-15.9278
-16.1941
-16.4588
-16.7218
-16.9832
-17.2429
-17.501
-17.7573
-18.0118
-18.2646
-18.5156
-18.7647
-19.012
-19.2574
-19.501
-19.7426
-19.9822
-20.2199
-20.4555
-20.6892
-20.9208
-21.1503
-21.3778
-21.6031
-21.8263
-22.0473
-22.2662
-22.4828
-22.6972
-22.9094
-23.1193
-23.3269
-23.5322
-23.7352
-23.9358
-24.134
-24.3298
-24.5233
-24.7143
-24.9028
-25.0889
-25.2725
-25.4535
-25.6321
-25.8081
-25.9815
-26.1524
-26.3206
-26.4863
-26.6493
-26.8097
-26.9674
-27.1224
-27.2747
-27.4243
-27.5712
-27.7153
-27.8567
-27.9953
-28.1311
-28.2642
-28.3944
-28.5217
-28.6463
-28.768
-28.8868
-29.0028
-29.1158
-29.226
-29.3332
-29.4376
-29.539
-29.6374
-29.7329
-29.8254
-29.915
-30.0016
-30.0852
-30.1658
-30.2433
-30.3179
-30.3894
-30.4579
-30.5234
-30.5858
-30.6452
-30.7015
-30.7547
-30.8049
-30.852
-30.896
-30.937
-30.9748
-31.0096
-31.0412
-31.0698
-31.0952
-31.1176
-31.1368
-31.1529
-31.1659
-31.1758
-31.1826
-31.1862
-31.1868
-31.1842
-31.1785
-31.1697
-31.1577
-31.1427
-31.1245
-31.1032
-31.0788
-31.0513
-31.0207
-30.987
-30.9502
-30.9103
-30.8672
-30.8211
-30.7719
-30.7197
-30.6643
-30.6059
-30.5444
-30.4798
-30.4122
-30.3416
-30.2679
-30.1912
-30.1114
-30.0286
-29.9429
-29.8541
-29.7623
-29.6675
-29.5698
-29.4691
-29.3654
-29.2588
-29.1492
-29.0367
-28.9214
-28.8031
-28.6819
-28.5578
-28.4309
-28.3011
-28.1684
-28.033
-27.8947
-27.7536
-27.6097
-27.4631
-27.3137
-27.1615
-27.0066
-26.849
-26.6887
-26.5257
-26.3601
-26.1918
-26.0208
-25.8472
-25.6711
-25.4923
-25.311
-25.1271
-24.9407
-24.7518
-24.5604
-24.3665
-24.1702
-23.9714
-23.7702
-23.5666
-23.3606
-23.1523
-22.9417
-22.7287
-22.5134
-22.2959
-22.0761
-21.8541
-21.6298
-21.4034
-21.1748
-20.9441
-20.7113
-20.4763
-20.2393
-20.0003
-19.7592
-19.5161
-19.2711
-19.0241
-18.7752
-18.5243
-18.2716
-18.0171
-17.7607
-17.5025
-17.2425
-16.9808
-16.7174
-16.4522
-16.1854
-15.9169
-15.6469
-15.3752
-15.102
-14.8272
-14.5509
-14.2732
-13.994
-13.7133
-13.4313
-13.1479
-12.8631
-12.577
-12.2897
-12.001
-11.7112
-11.4202
-11.1279
-10.8346
-10.5401
-10.2446
-9.94795
-9.65032
-9.35169
-9.0521
-8.75157
-8.45013
-8.14783
-7.84467
-7.5407
-7.23595
-6.93044
-6.62421
-6.31729
-6.0097
-5.70149
-5.39267
-5.08328
-4.77335
-4.46291
-4.152
-3.84064
-3.52887
-3.21671
-2.90419
-2.59136
-2.27824
-1.96485
-1.65124
-1.33743
-1.02346
-0.709355
-0.395146
-0.0808667
0.233453
0.54778
0.862084
1.17633
1.4905
1.80454
2.11844
2.43215
2.74566
3.05892
3.37191
3.68459
3.99693
4.3089
4.62048
4.93162
5.24231
5.55249
5.86216
6.17127
6.47979
6.7877
7.09496
7.40154
7.70741
8.01254
8.31689
8.62045
8.92318
9.22504
9.52601
9.82606
10.1252
10.4233
10.7204
11.0164
11.3114
11.6053
11.8981
12.1897
12.4801
12.7692
13.0572
13.3438
13.6292
13.9132
14.1959
14.4771
14.757
15.0354
15.3123
15.5877
15.8616
16.1339
16.4047
16.6738
16.9413
17.2071
17.4713
17.7337
17.9943
18.2532
18.5103
18.7656
19.019
19.2705
19.5201
19.7678
20.0136
20.2574
20.4991
20.7389
20.9766
21.2122
21.4457
21.6772
21.9064
22.1335
22.3584
22.5811
22.8016
23.0198
23.2357
23.4493
23.6606
23.8695
24.0761
24.2803
24.4821
24.6814
24.8783
25.0728
25.2647
25.4542
25.6411
25.8255
26.0073
26.1865
26.3631
26.5371
26.7085
26.8772
27.0433
27.2066
27.3673
27.5252
27.6804
27.8329
27.9825
28.1294
28.2735
28.4148
28.5533
28.6889
28.8216
28.9515
29.0785
29.2027
29.3239
29.4421
29.5575
29.6699
29.7794
29.8858
29.9893
30.0899
30.1874
30.2819
30.3734
30.4618
30.5473
30.6297
30.709
30.7852
30.8584
30.9285
30.9956
31.0595
31.1203
31.1781
31.2327
31.2842
31.3326
31.3778
31.4199
31.4589
31.4947
31.5274
31.557
31.5833
31.6066
31.6266
31.6435
31.6573
31.6679
31.6753
31.6796
31.6806
31.6785
31.6733
31.6649
31.6533
31.6385
31.6206
31.5995
31.5753
31.5479
31.5173
31.4836
31.4467
31.4067
31.3636
31.3173
31.2678
31.2152
31.1595
31.1007
31.0388
30.9737
30.9056
30.8344
30.76
30.6826
30.6021
30.5185
30.4319
30.3422
30.2495
30.1538
30.055
29.9532
29.8484
29.7406
29.6298
29.5161
29.3993
29.2797
29.1571
29.0315
28.9031
28.7717
28.6375
28.5003
28.3604
28.2175
28.0718
27.9234
27.7721
27.618
27.4611
27.3015
27.1391
26.974
26.8061
26.6356
26.4624
26.2866
26.108
25.9269
25.7432
25.5568
25.3679
25.1764
24.9824
24.7859
24.5869
24.3854
24.1814
23.975
23.7662
23.5549
23.3414
23.1254
22.9071
22.6865
22.4636
22.2385
22.0111
21.7815
21.5496
21.3156
21.0795
20.8412
20.6008
20.3583
20.1137
19.8672
19.6186
19.368
19.1155
18.861
18.6046
18.3463
18.0862
17.8242
17.5604
17.2949
17.0276
16.7585
16.4878
16.2153
15.9413
15.6656
15.3883
15.1094
14.829
14.5471
14.2637
13.9789
13.6926
13.405
13.1159
12.8256
12.5339
12.2409
11.9467
11.6512
11.3546
11.0568
10.7578
10.4578
10.1567
9.85449
9.5513
9.24713
8.942
8.63595
8.32901
8.0212
7.71255
7.40311
7.09289
6.78194
6.47027
6.15793
5.84494
5.53133
5.21714
4.9024
4.58713
4.27138
3.95516
3.63852
3.32148
3.00408
2.68635
2.36831
2.05001
1.73147
1.41273
1.09381
0.774753
0.455586
0.13634
-0.182951
-0.502255
-0.821542
-1.14078
-1.45993
-1.77897
-2.09787
-2.41658
-2.73509
-3.05335
-3.37134
-3.68903
-4.00638
-4.32336
-4.63994
-4.95608
-5.27177
-5.58695
-5.90161
-6.21571
-6.52922
-6.84211
-7.15435
-7.4659
-7.77674
-8.08683
-8.39614
-8.70465
-9.01231
-9.3191
-9.625
-9.92996
-10.234
-10.537
-10.8389
-11.1399
-11.4397
-11.7384
-12.036
-12.3324
-12.6277
-12.9216
-13.2143
-13.5058
-13.7959
-14.0846
-14.372
-14.6579
-14.9425
-15.2255
-15.5071
-15.7871
-16.0656
-16.3425
-16.6178
-16.8915
-17.1635
-17.4338
-17.7024
-17.9693
-18.2344
-18.4977
-18.7591
-19.0188
-19.2765
-19.5324
-19.7863
-20.0382
-20.2882
-20.5362
-20.7821
-21.026
-21.2678
-21.5076
-21.7452
-21.9806
-22.2139
-22.4449
-22.6738
-22.9004
-23.1247
-23.3467
-23.5665
-23.7839
-23.9989
-24.2116
-24.4218
-24.6297
-24.8351
-25.038
-25.2384
-25.4364
-25.6318
-25.8247
-26.015
-26.2027
-26.3879
-26.5704
-26.7502
-26.9275
-27.102
-27.2738
-27.443
-27.6094
-27.7731
-27.934
-28.0921
-28.2474
-28.4
-28.5497
-28.6965
-28.8405
-28.9817
-29.1199
-29.2553
-29.3877
-29.5172
-29.6438
-29.7674
-29.8881
-30.0058
-30.1205
-30.2322
-30.3408
-30.4465
-30.5491
-30.6487
-30.7452
-30.8387
-30.9291
-31.0164
-31.1006
-31.1817
-31.2597
-31.3346
-31.4063
-31.4749
-31.5404
-31.6028
-31.6619
-31.718
-31.7708
-31.8205
-31.867
-31.9103
-31.9504
-31.9874
-32.0211
-32.0517
-32.079
-32.1032
-32.1241
-32.1418
-32.1563
-32.1676
-32.1757
-32.1806
-32.1822
-32.1807
-32.1759
-32.1679
-32.1566
-32.1422
-32.1245
-32.1037
-32.0796
-32.0523
-32.0218
-31.9881
-31.9512
-31.9111
-31.8678
-31.8213
-31.7716
-31.7187
-31.6627
-31.6035
-31.5411
-31.4756
-31.4069
-31.335
-31.26
-31.1819
-31.1007
-31.0163
-30.9289
-30.8383
-30.7446
-30.6479
-30.548
-30.4452
-30.3392
-30.2302
-30.1182
-30.0032
-29.8851
-29.7641
-29.64
-29.513
-29.383
-29.2501
-29.1142
-28.9754
-28.8337
-28.6891
-28.5416
-28.3912
-28.238
-28.082
-27.9231
-27.7614
-27.5969
-27.4297
-27.2597
-27.0869
-26.9114
-26.7332
-26.5523
-26.3688
-26.1826
-25.9937
-25.8023
-25.6082
-25.4116
-25.2124
-25.0106
-24.8063
-24.5996
-24.3903
-24.1786
-23.9645
-23.7479
-23.5289
-23.3076
-23.0839
-22.8579
-22.6295
-22.3989
-22.166
-21.9309
-21.6936
-21.4541
-21.2124
-20.9685
-20.7226
-20.4745
-20.2244
-19.9722
-19.718
-19.4618
-19.2036
-18.9435
-18.6814
-18.4175
-18.1517
-17.8841
-17.6146
-17.3434
-17.0703
-16.7956
-16.5192
-16.241
-15.9612
-15.6798
-15.3968
-15.1123
-14.8262
-14.5385
-14.2494
-13.9589
-13.6669
-13.3735
-13.0788
-12.7827
-12.4853
-12.1866
-11.8867
-11.5856
-11.2833
-10.9798
-10.6752
-10.3695
-10.0627
-9.75486
-9.44604
-9.13625
-8.82551
-8.51386
-8.20132
-7.88793
-7.57373
-7.25873
-6.94298
-6.6265
-6.30932
-5.99149
-5.67302
-5.35395
-5.03432
-4.71415
-4.39348
-4.07233
-3.75075
-3.42876
-3.10639
-2.78369
-2.46067
-2.13737
-1.81383
-1.49007
-1.16613
-0.842041
-0.517837
-0.193548
0.130792
0.455152
0.779498
1.1038
1.42802
1.75214
2.07611
2.3999
2.72349
3.04683
3.36991
3.69268
4.01511
4.33718
4.65884
4.98007
5.30083
5.62109
5.94083
6.26
6.57858
6.89653
7.21383
7.53043
7.84632
8.16145
8.47579
8.78932
9.102
9.41381
9.7247
10.0347
10.3436
10.6516
10.9585
11.2644
11.5692
11.8729
12.1754
12.4767
12.7768
13.0756
13.3732
13.6694
13.9643
14.2579
14.5501
14.8408
15.1301
15.4179
15.7041
15.9889
16.2721
16.5536
16.8336
17.1119
17.3885
17.6634
17.9365
18.2079
18.4775
18.7453
19.0112
19.2752
19.5374
19.7976
20.0559
20.3122
20.5664
20.8187
21.0689
21.317
21.563
21.8069
22.0486
22.2881
22.5255
22.7606
22.9934
23.224
23.4523
23.6782
23.9018
24.1231
24.3419
24.5584
24.7724
24.9839
25.193
25.3996
25.6036
25.8051
26.0041
26.2005
26.3942
26.5854
26.7739
26.9597
27.1429
27.3234
27.5012
27.6762
27.8485
28.018
28.1847
28.3487
28.5098
28.668
28.8235
28.976
29.1257
29.2725
29.4164
29.5573
29.6953
29.8303
29.9624
30.0915
30.2176
30.3407
30.4607
30.5778
30.6917
30.8027
30.9105
31.0153
31.117
31.2156
31.311
31.4034
31.4926
31.5787
31.6616
31.7414
31.818
31.8914
31.9616
32.0287
32.0926
32.1532
32.2107
32.2649
32.3159
32.3637
32.4083
32.4496
32.4877
32.5225
32.5541
32.5824
32.6075
32.6293
32.6479
32.6632
32.6752
32.684
32.6895
32.6917
32.6906
32.6863
32.6787
32.6679
32.6538
32.6364
32.6158
32.5918
32.5647
32.5342
32.5006
32.4636
32.4234
32.38
32.3333
32.2834
32.2302
32.1738
32.1142
32.0514
31.9854
31.9162
31.8437
31.7681
31.6893
31.6073
31.5221
31.4338
31.3423
31.2477
31.15
31.0491
30.9451
30.838
30.7278
30.6146
30.4982
30.3788
30.2564
30.1309
30.0024
29.8708
29.7363
29.5988
29.4583
29.3148
29.1684
29.0191
28.8668
28.7117
28.5537
28.3928
28.229
28.0624
27.893
27.7207
27.5457
27.3679
27.1874
27.0041
26.8181
26.6294
26.438
26.244
26.0473
25.848
25.646
25.4415
25.2345
25.0248
24.8127
24.5981
24.381
24.1614
23.9394
23.7149
23.4881
23.2589
23.0273
22.7935
22.5573
22.3188
22.0781
21.8352
21.59
21.3427
21.0932
20.8416
20.5878
20.332
20.0741
19.8142
19.5523
19.2884
19.0225
18.7547
18.485
18.2135
17.9401
17.6648
17.3878
17.109
16.8285
16.5462
16.2623
15.9767
15.6895
15.4007
15.1103
14.8184
14.525
14.2301
13.9337
13.6359
13.3367
13.0362
12.7343
12.4312
12.1267
11.821
11.5141
11.206
10.8968
10.5864
10.275
9.96245
9.64891
9.33438
9.01888
8.70245
8.38511
8.06691
7.74787
7.42802
7.10739
6.78602
6.46395
6.14119
5.81779
5.49377
5.16917
4.84402
4.51836
4.19221
3.86561
3.53859
3.21118
2.88342
2.55534
2.22697
1.89834
1.5695
1.24046
0.911262
0.581943
0.252532
-0.0769361
-0.40643
-0.735916
-1.06536
-1.39473
-1.724
-2.05312
-2.38208
-2.71083
-3.03934
-3.36758
-3.69551
-4.02311
-4.35034
-4.67716
-5.00355
-5.32948
-5.6549
-5.97979
-6.30412
-6.62784
-6.95094
-7.27337
-7.59511
-7.91612
-8.23637
-8.55583
-8.87447
-9.19225
-9.50915
-9.82512
-10.1401
-10.4542
-10.7672
-11.0792
-11.3901
-11.6999
-12.0086
-12.316
-12.6223
-12.9274
-13.2312
-13.5337
-13.8349
-14.1347
-14.4331
-14.7301
-15.0257
-15.3198
-15.6124
-15.9035
-16.193
-16.481
-16.7673
-17.0519
-17.3349
-17.6162
-17.8957
-18.1735
-18.4495
-18.7237
-18.996
-19.2664
-19.535
-19.8016
-20.0663
-20.329
-20.5897
-20.8483
-21.1049
-21.3595
-21.6119
-21.8621
-22.1102
-22.3561
-22.5999
-22.8413
-23.0805
-23.3175
-23.5521
-23.7844
-24.0143
-24.2419
-24.467
-24.6897
-24.91
-25.1278
-25.3432
-25.556
-25.7662
-25.974
-26.1791
-26.3817
-26.5816
-26.7789
-26.9735
-27.1655
-27.3547
-27.5412
-27.7251
-27.9061
-28.0844
-28.2599
-28.4325
-28.6024
-28.7694
-28.9336
-29.0948
-29.2532
-29.4087
-29.5612
-29.7108
-29.8575
-30.0011
-30.1418
-30.2795
-30.4142
-30.5458
-30.6745
-30.8
-30.9225
-31.0419
-31.1582
-31.2714
-31.3815
-31.4885
-31.5923
-31.693
-31.7905
-31.8848
-31.976
-32.064
-32.1488
-32.2304
-32.3087
-32.3839
-32.4558
-32.5244
-32.5899
-32.652
-32.7109
-32.7666
-32.819
-32.8681
-32.9139
-32.9564
-32.9957
-33.0316
-33.0643
-33.0936
-33.1196
-33.1424
-33.1618
-33.1779
-33.1907
-33.2001
-33.2063
-33.2091
-33.2086
-33.2048
-33.1977
-33.1872
-33.1734
-33.1563
-33.1359
-33.1122
-33.0851
-33.0548
-33.0211
-32.9842
-32.9439
-32.9003
-32.8535
-32.8033
-32.7499
-32.6932
-32.6332
-32.5699
-32.5034
-32.4336
-32.3606
-32.2843
-32.2048
-32.1221
-32.0361
-31.9469
-31.8545
-31.759
-31.6602
-31.5583
-31.4532
-31.3449
-31.2335
-31.119
-31.0013
-30.8806
-30.7567
-30.6297
-30.4997
-30.3666
-30.2305
-30.0913
-29.9491
-29.8039
-29.6557
-29.5045
-29.3503
-29.1932
-29.0332
-28.8702
-28.7043
-28.5356
-28.364
-28.1895
-28.0122
-27.8321
-27.6491
-27.4634
-27.2749
-27.0837
-26.8898
-26.6931
-26.4937
-26.2917
-26.0871
-25.8798
-25.6699
-25.4574
-25.2423
-25.0247
-24.8046
-24.5819
-24.3568
-24.1292
-23.8992
-23.6668
-23.432
-23.1948
-22.9553
-22.7135
-22.4693
-22.2229
-21.9743
-21.7234
-21.4703
-21.2151
-20.9577
-20.6981
-20.4365
-20.1729
-19.9071
-19.6394
-19.3697
-19.098
-18.8243
-18.5488
-18.2714
-17.9921
-17.711
-17.4281
-17.1434
-16.857
-16.5688
-16.279
-15.9875
-15.6944
-15.3997
-15.1034
-14.8056
-14.5063
-14.2055
-13.9033
-13.5996
-13.2945
-12.9881
-12.6803
-12.3713
-12.061
-11.7494
-11.4366
-11.1227
-10.8076
-10.4914
-10.1741
-9.8558
-9.53646
-9.21613
-8.89485
-8.57264
-8.24955
-7.9256
-7.60082
-7.27525
-6.94892
-6.62187
-6.29411
-5.9657
-5.63666
-5.30702
-4.97682
-4.64608
-4.31485
-3.98315
-3.65103
-3.3185
-2.98561
-2.65239
-2.31886
-1.98508
-1.65106
-1.31684
-0.98246
-0.647946
-0.313334
0.021343
0.356051
0.690757
1.02543
1.36003
1.69453
2.02889
2.36308
2.69708
3.03083
3.36431
3.6975
4.03034
4.36282
4.69489
5.02652
5.35769
5.68835
6.01848
6.34804
6.677
7.00532
7.33298
7.65993
7.98615
8.31161
8.63626
8.96009
9.28305
9.60512
9.92625
10.2464
10.5656
10.8838
11.2009
11.5169
11.8318
12.1455
12.4581
12.7694
13.0795
13.3884
13.6959
14.002
14.3069
14.6103
14.9122
15.2127
15.5118
15.8093
16.1052
16.3996
16.6924
16.9835
17.2729
17.5607
17.8467
18.131
18.4134
18.6941
18.9729
19.2499
19.525
19.7981
20.0693
20.3385
20.6057
20.8709
21.134
21.395
21.6539
21.9106
22.1652
22.4176
22.6678
22.9158
23.1615
23.4049
23.6459
23.8847
24.121
24.355
24.5866
24.8157
25.0424
25.2666
25.4883
25.7074
25.9241
26.1381
26.3495
26.5584
26.7646
26.9681
27.169
27.3672
27.5626
27.7553
27.9453
28.1325
28.3169
28.4985
28.6772
28.8531
29.0261
29.1963
29.3635
29.5278
29.6892
29.8477
30.0031
30.1556
30.3051
30.4516
30.595
30.7354
30.8727
31.007
31.1381
31.2662
31.3911
31.513
31.6317
31.7472
31.8596
31.9688
32.0748
32.1776
32.2772
32.3736
32.4668
32.5567
32.6434
32.7268
32.8069
32.8838
32.9574
33.0277
33.0948
33.1585
33.2189
33.276
33.3298
33.3802
33.4273
33.4711
33.5115
33.5486
33.5823
33.6127
33.6397
33.6634
33.6837
33.7006
33.7142
33.7243
33.7312
33.7346
33.7347
33.7314
33.7247
33.7146
33.7012
33.6844
33.6643
33.6407
33.6138
33.5836
33.55
33.513
33.4726
33.4289
33.3819
33.3315
33.2778
33.2208
33.1604
33.0967
33.0297
32.9594
32.8857
32.8088
32.7286
32.6451
32.5583
32.4683
32.375
32.2785
32.1787
32.0757
31.9695
31.8601
31.7474
31.6316
31.5127
31.3905
31.2652
31.1368
31.0052
30.8705
30.7328
30.5919
30.448
30.301
30.1509
29.9979
29.8418
29.6827
29.5206
29.3556
29.1876
29.0167
28.8428
28.6661
28.4864
28.304
28.1186
27.9304
27.7394
27.5457
27.3491
27.1498
26.9478
26.743
26.5355
26.3254
26.1126
25.8972
25.6792
25.4586
25.2354
25.0097
24.7814
24.5507
24.3174
24.0817
23.8436
23.6031
23.3602
23.1149
22.8673
22.6174
22.3652
22.1107
21.854
21.5951
21.334
21.0707
20.8053
20.5378
20.2683
19.9966
19.723
19.4473
19.1697
18.8901
18.6086
18.3252
18.04
17.7529
17.464
17.1734
16.8809
16.5868
16.291
15.9936
15.6945
15.3938
15.0915
14.7877
14.4824
14.1756
13.8673
13.5577
13.2466
12.9342
12.6205
12.3055
11.9892
11.6717
11.353
11.0331
10.7121
10.39
10.0668
9.74257
9.41734
9.09113
8.76398
8.43592
8.10699
7.77721
7.44662
7.11526
6.78314
6.45032
6.11682
5.78267
5.44792
5.11258
4.7767
4.44031
4.10344
3.76612
3.4284
3.0903
2.75186
2.4131
2.07408
1.73481
1.39533
1.05568
0.71589
0.375995
0.0360287
-0.303976
-0.643983
-0.983961
-1.32387
-1.66369
-2.00337
-2.34289
-2.6822
-3.02128
-3.3601
-3.69861
-4.03678
-4.37459
-4.71199
-5.04895
-5.38545
-5.72143
-6.05688
-6.39176
-6.72603
-7.05966
-7.39262
-7.72488
-8.05639
-8.38713
-8.71707
-9.04617
-9.37439
-9.70172
-10.0281
-10.3535
-10.6779
-11.0013
-11.3236
-11.6448
-11.9649
-12.2838
-12.6015
-12.918
-13.2332
-13.5472
-13.8598
-14.171
-14.4809
-14.7894
-15.0964
-15.4019
-15.7059
-16.0084
-16.3093
-16.6086
-16.9063
-17.2023
-17.4966
-17.7892
-18.08
-18.3691
-18.6564
-18.9418
-19.2254
-19.507
-19.7868
-20.0646
-20.3404
-20.6142
-20.886
-21.1557
-21.4233
-21.6888
-21.9522
-22.2134
-22.4724
-22.7292
-22.9837
-23.236
-23.486
-23.7336
-23.9789
-24.2218
-24.4623
-24.7004
-24.9361
-25.1693
-25.4
-25.6281
-25.8538
-26.0768
-26.2973
-26.5152
-26.7304
-26.943
-27.1529
-27.3602
-27.5647
-27.7665
-27.9655
-28.1617
-28.3552
-28.5458
-28.7336
-28.9185
-29.1006
-29.2798
-29.456
-29.6294
-29.7998
-29.9672
-30.1316
-30.2931
-30.4515
-30.6069
-30.7593
-30.9086
-31.0548
-31.198
-31.338
-31.4749
-31.6087
-31.7393
-31.8668
-31.9911
-32.1122
-32.2301
-32.3448
-32.4563
-32.5645
-32.6695
-32.7713
-32.8697
-32.9649
-33.0568
-33.1454
-33.2307
-33.3127
-33.3914
-33.4667
-33.5387
-33.6074
-33.6727
-33.7346
-33.7932
-33.8484
-33.9002
-33.9486
-33.9937
-34.0353
-34.0736
-34.1084
-34.1398
-34.1679
-34.1925
-34.2137
-34.2315
-34.2458
-34.2567
-34.2642
-34.2683
-34.269
-34.2662
-34.26
-34.2504
-34.2373
-34.2209
-34.2009
-34.1776
-34.1509
-34.1207
-34.0871
-34.0502
-34.0098
-33.966
-33.9188
-33.8682
-33.8142
-33.7568
-33.696
-33.6319
-33.5644
-33.4935
-33.4193
-33.3417
-33.2608
-33.1766
-33.089
-32.9981
-32.9039
-32.8064
-32.7056
-32.6015
-32.4942
-32.3836
-32.2697
-32.1526
-32.0323
-31.9088
-31.782
-31.6521
-31.519
-31.3827
-31.2433
-31.1007
-30.955
-30.8063
-30.6544
-30.4994
-30.3414
-30.1803
-30.0161
-29.849
-29.6789
-29.5057
-29.3296
-29.1506
-28.9686
-28.7837
-28.5959
-28.4053
-28.2117
-28.0154
-27.8162
-27.6142
-27.4094
-27.2019
-26.9916
-26.7786
-26.5629
-26.3445
-26.1235
-25.8999
-25.6736
-25.4447
-25.2133
-24.9793
-24.7428
-24.5038
-24.2623
-24.0184
-23.7721
-23.5233
-23.2722
-23.0187
-22.7629
-22.5048
-22.2444
-21.9818
-21.7169
-21.4499
-21.1806
-20.9093
-20.6358
-20.3602
-20.0825
-19.8029
-19.5212
-19.2375
-18.9519
-18.6643
-18.3749
-18.0836
-17.7904
-17.4955
-17.1987
-16.9003
-16.6001
-16.2982
-15.9946
-15.6894
-15.3826
-15.0743
-14.7644
-14.453
-14.1401
-13.8258
-13.5101
-13.193
-12.8745
-12.5547
-12.2336
-11.9113
-11.5878
-11.263
-10.9371
-10.6101
-10.282
-9.95279
-9.62258
-9.29137
-8.95921
-8.62611
-8.29211
-7.95726
-7.62157
-7.28509
-6.94785
-6.60988
-6.27121
-5.93188
-5.59193
-5.25138
-4.91027
-4.56864
-4.22652
-3.88394
-3.54094
-3.19755
-2.8538
-2.50974
-2.16539
-1.82079
-1.47597
-1.13097
-0.785821
-0.44056
-0.0952212
0.250162
0.595554
0.940922
1.28623
1.63144
1.97653
2.32145
2.66618
3.01067
3.35489
3.69882
4.04241
4.38563
4.72844
5.07082
5.41272
5.75412
6.09497
6.43525
6.77492
7.11395
7.4523
7.78994
8.12683
8.46295
8.79825
9.1327
9.46628
9.79894
10.1307
10.4614
10.7911
11.1198
11.4474
11.7739
12.0992
12.4234
12.7463
13.068
13.3885
13.7076
14.0254
14.3418
14.6568
14.9704
15.2825
15.5931
15.9022
16.2098
16.5157
16.82
17.1227
17.4237
17.723
18.0205
18.3163
18.6102
18.9023
19.1926
19.481
19.7674
20.052
20.3345
20.615
20.8935
21.1699
21.4443
21.7165
21.9866
22.2545
22.5202
22.7837
23.0449
23.3039
23.5605
23.8148
24.0668
24.3164
24.5636
24.8083
25.0506
25.2904
25.5277
25.7625
25.9947
26.2243
26.4514
26.6758
26.8976
27.1167
27.3331
27.5468
27.7578
27.966
28.1715
28.3741
28.5739
28.7709
28.9651
29.1563
29.3447
29.5301
29.7126
29.8922
30.0688
30.2424
30.413
30.5805
30.7451
30.9065
31.0649
31.2202
31.3724
31.5215
31.6674
31.8102
31.9498
32.0863
32.2195
32.3496
32.4764
32.5999
32.7203
32.8373
32.9511
33.0616
33.1689
33.2728
33.3734
33.4706
33.5646
33.6551
33.7424
33.8262
33.9067
33.9838
34.0575
34.1279
34.1948
34.2583
34.3183
34.375
34.4282
34.478
34.5243
34.5672
34.6067
34.6426
34.6752
34.7042
34.7298
34.7519
34.7706
34.7857
34.7974
34.8057
34.8104
34.8116
34.8094
34.8037
34.7945
34.7819
34.7657
34.7461
34.723
34.6964
34.6664
34.6328
34.5959
34.5554
34.5115
34.4641
34.4133
34.3591
34.3013
34.2402
34.1756
34.1076
34.0362
33.9614
33.8832
33.8016
33.7166
33.6282
33.5364
33.4413
33.3428
33.241
33.1358
33.0273
32.9156
32.8005
32.6821
32.5604
32.4355
32.3073
32.1758
32.0412
31.9033
31.7622
31.6179
31.4705
31.3198
31.1661
31.0092
30.8492
30.6861
30.5199
30.3506
30.1783
30.0029
29.8246
29.6432
29.4588
29.2715
29.0812
28.888
28.6919
28.493
28.2911
28.0864
27.8789
27.6685
27.4554
27.2395
27.0208
26.7995
26.5754
26.3486
26.1192
25.8872
25.6525
25.4153
25.1755
24.9331
24.6883
24.4409
24.1911
23.9388
23.6841
23.427
23.1676
22.9058
22.6416
22.3752
22.1066
21.8357
21.5625
21.2872
21.0098
20.7302
20.4485
20.1647
19.8789
19.5911
19.3013
19.0095
18.7158
18.4202
18.1228
17.8234
17.5223
17.2194
16.9147
16.6084
16.3003
15.9906
15.6792
15.3662
15.0517
14.7356
14.4181
14.099
13.7785
13.4566
13.1333
12.8087
12.4828
12.1556
11.8271
11.4974
11.1666
10.8345
10.5014
10.1672
9.83193
9.49565
9.15839
8.82017
8.48104
8.14103
7.80017
7.4585
7.11605
6.77285
6.42894
6.08435
5.73912
5.39328
5.04687
4.69991
4.35246
4.00453
3.65617
3.3074
2.95828
2.60882
2.25906
1.90905
1.5588
1.20837
0.857782
0.507073
0.156278
-0.194568
-0.54543
-0.896272
-1.24706
-1.59776
-1.94833
-2.29874
-2.64896
-2.99895
-3.34868
-3.6981
-4.04719
-4.39591
-4.74422
-5.0921
-5.4395
-5.78639
-6.13274
-6.47851
-6.82366
-7.16817
-7.51199
-7.8551
-8.19746
-8.53903
-8.87978
-9.21968
-9.55869
-9.89678
-10.2339
-10.5701
-10.9052
-11.2392
-11.5722
-11.9041
-12.2347
-12.5642
-12.8925
-13.2195
-13.5453
-13.8697
-14.1927
-14.5144
-14.8347
-15.1535
-15.4708
-15.7866
-16.1008
-16.4135
-16.7245
-17.034
-17.3417
-17.6478
-17.9521
-18.2546
-18.5554
-18.8543
-19.1514
-19.4465
-19.7398
-20.0311
-20.3205
-20.6078
-20.8932
-21.1764
-21.4576
-21.7366
-22.0135
-22.2883
-22.5608
-22.8311
-23.0991
-23.3649
-23.6283
-23.8894
-24.1482
-24.4046
-24.6585
-24.91
-25.159
-25.4056
-25.6496
-25.8911
-26.13
-26.3664
-26.6001
-26.8312
-27.0596
-27.2854
-27.5084
-27.7287
-27.9463
-28.1611
-28.3731
-28.5822
-28.7886
-28.9921
-29.1927
-29.3904
-29.5851
-29.777
-29.9659
-30.1518
-30.3347
-30.5146
-30.6915
-30.8653
-31.036
-31.2037
-31.3682
-31.5297
-31.6879
-31.8431
-31.9951
-32.1439
-32.2894
-32.4318
-32.571
-32.7069
-32.8395
-32.9689
-33.095
-33.2178
-33.3373
-33.4534
-33.5662
-33.6757
-33.7819
-33.8846
-33.984
-34.08
-34.1726
-34.2618
-34.3475
-34.4299
-34.5088
-34.5843
-34.6563
-34.7248
-34.7899
-34.8515
-34.9097
-34.9643
-35.0155
-35.0632
-35.1073
-35.148
-35.1851
-35.2188
-35.2489
-35.2755
-35.2985
-35.3181
-35.3341
-35.3466
-35.3555
-35.3609
-35.3628
-35.3611
-35.356
-35.3472
-35.3349
-35.3191
-35.2998
-35.2769
-35.2505
-35.2206
-35.1872
-35.1502
-35.1097
-35.0657
-35.0182
-34.9671
-34.9126
-34.8546
-34.7931
-34.7281
-34.6596
-34.5876
-34.5122
-34.4334
-34.351
-34.2653
-34.176
-34.0834
-33.9874
-33.8879
-33.785
-33.6788
-33.5692
-33.4562
-33.3398
-33.2201
-33.0971
-32.9707
-32.8411
-32.7081
-32.5719
-32.4324
-32.2896
-32.1436
-31.9943
-31.8419
-31.6862
-31.5274
-31.3654
-31.2002
-31.0319
-30.8605
-30.686
-30.5084
-30.3277
-30.144
-29.9572
-29.7674
-29.5747
-29.3789
-29.1802
-28.9786
-28.774
-28.5666
-28.3562
-28.143
-27.927
-27.7082
-27.4865
-27.2621
-27.035
-26.8051
-26.5725
-26.3372
-26.0993
-25.8587
-25.6156
-25.3698
-25.1215
-24.8707
-24.6173
-24.3615
-24.1031
-23.8424
-23.5792
-23.3137
-23.0458
-22.7756
-22.503
-22.2282
-21.9512
-21.6719
-21.3904
-21.1067
-20.821
-20.5331
-20.2431
-19.951
-19.657
-19.3609
-19.0629
-18.763
-18.4611
-18.1574
-17.8518
-17.5444
-17.2352
-16.9243
-16.6116
-16.2972
-15.9812
-15.6636
-15.3443
-15.0235
-14.7012
-14.3773
-14.052
-13.7253
-13.3971
-13.0676
-12.7367
-12.4045
-12.0711
-11.7364
-11.4005
-11.0634
-10.7252
-10.3859
-10.0455
-9.70404
-9.3616
-9.01819
-8.67385
-8.32861
-7.9825
-7.63555
-7.28781
-6.9393
-6.59007
-6.24014
-5.88955
-5.53834
-5.18654
-4.83418
-4.48131
-4.12795
-3.77415
-3.41993
-3.06533
-2.7104
-2.35515
-1.99964
-1.64389
-1.28794
-0.931822
-0.575579
-0.219242
0.137152
0.493568
0.849971
1.20632
1.56259
1.91874
2.27473
2.63053
2.9861
3.34141
3.69642
4.0511
4.4054
4.7593
5.11277
5.46575
5.81822
6.17015
6.5215
6.87222
7.2223
7.57169
7.92036
8.26826
8.61538
8.96167
9.3071
9.65163
9.99524
10.3379
10.6795
11.0201
11.3596
11.6981
12.0354
12.3715
12.7064
13.0401
13.3725
13.7036
14.0334
14.3618
14.6888
15.0144
15.3385
15.6611
15.9821
16.3016
16.6195
16.9358
17.2504
17.5633
17.8745
18.1839
18.4916
18.7974
19.1014
19.4035
19.7037
20.0019
20.2982
20.5925
20.8847
21.1749
21.463
21.749
22.0328
22.3144
22.5939
22.8711
23.1461
23.4188
23.6891
23.9571
24.2228
24.4861
24.7469
25.0053
25.2612
25.5146
25.7655
26.0138
26.2596
26.5027
26.7432
26.9811
27.2163
27.4488
27.6786
27.9057
28.1299
28.3514
28.5701
28.7859
28.9989
29.209
29.4162
29.6204
29.8218
30.0202
30.2155
30.4079
30.5973
30.7836
30.9669
31.1471
31.3242
31.4981
31.669
31.8367
32.0012
32.1626
32.3207
32.4756
32.6273
32.7758
32.9209
33.0629
33.2015
33.3368
33.4688
33.5974
33.7227
33.8447
33.9633
34.0784
34.1902
34.2986
34.4036
34.5051
34.6032
34.6979
34.7891
34.8768
34.961
35.0418
35.119
35.1928
35.263
35.3297
35.3929
35.4526
35.5087
35.5613
35.6103
35.6558
35.6977
35.736
35.7708
35.802
35.8296
35.8537
35.8741
35.891
35.9043
35.914
35.9201
35.9226
35.9215
35.9168
35.9086
35.8967
35.8813
35.8623
35.8396
35.8134
35.7836
35.7503
35.7133
35.6728
35.6287
35.581
35.5298
35.475
35.4167
35.3548
35.2893
35.2204
35.1479
35.0719
34.9923
34.9093
34.8228
34.7327
34.6392
34.5422
34.4418
34.3379
34.2306
34.1198
34.0056
33.888
33.7669
33.6425
33.5148
33.3836
33.2491
33.1113
32.9701
32.8257
32.6779
32.5268
32.3725
32.2149
32.0541
31.8901
31.7229
31.5525
31.3789
31.2021
31.0222
30.8392
30.6531
30.4639
30.2716
30.0763
29.878
29.6767
29.4723
29.265
29.0548
28.8416
28.6255
28.4066
28.1848
27.9601
27.7326
27.5023
27.2693
27.0335
26.7949
26.5537
26.3098
26.0632
25.814
25.5622
25.3078
25.0509
24.7914
24.5295
24.265
23.9981
23.7288
23.457
23.1829
22.9065
22.6277
22.3466
22.0633
21.7777
21.49
21.2
20.9079
20.6137
20.3174
20.019
19.7186
19.4162
19.1119
18.8056
18.4973
18.1872
17.8753
17.5615
17.2459
16.9286
16.6096
16.2888
15.9664
15.6424
15.3168
14.9896
14.6609
14.3307
13.999
13.6659
13.3314
12.9955
12.6583
12.3198
11.98
11.639
11.2967
10.9534
10.6089
10.2633
9.91661
9.56893
9.22025
8.87061
8.52006
8.16861
7.81631
7.4632
7.10931
6.75467
6.39931
6.04329
5.68662
5.32935
4.97151
4.61313
4.25426
3.89493
3.53518
3.17503
2.81453
2.45371
2.09261
1.73127
1.36971
1.00799
0.646124
0.284159
-0.0778699
-0.439928
-0.801977
-1.16398
-1.52591
-1.88772
-2.24937
-2.61084
-2.97209
-3.33307
-3.69375
-4.0541
-4.41409
-4.77366
-5.1328
-5.49145
-5.8496
-6.20719
-6.5642
-6.92059
-7.27633
-7.63137
-7.98568
-8.33923
-8.69198
-9.0439
-9.39495
-9.7451
-10.0943
-10.4425
-10.7898
-11.1359
-11.481
-11.825
-12.1678
-12.5095
-12.8499
-13.1891
-13.527
-13.8636
-14.1988
-14.5327
-14.8651
-15.1961
-15.5256
-15.8535
-16.1799
-16.5048
-16.828
-17.1495
-17.4694
-17.7876
-18.104
-18.4186
-18.7314
-19.0424
-19.3515
-19.6587
-19.964
-20.2673
-20.5686
-20.8679
-21.1651
-21.4602
-21.7533
-22.0441
-22.3328
-22.6193
-22.9036
-23.1856
-23.4653
-23.7427
-24.0177
-24.2904
-24.5607
-24.8285
-25.0939
-25.3568
-25.6172
-25.875
-26.1303
-26.383
-26.6331
-26.8806
-27.1254
-27.3675
-27.6068
-27.8435
-28.0774
-28.3085
-28.5368
-28.7623
-28.9849
-29.2046
-29.4215
-29.6354
-29.8464
-30.0544
-30.2594
-30.4614
-30.6604
-30.8564
-31.0493
-31.2391
-31.4258
-31.6093
-31.7898
-31.967
-32.1411
-32.312
-32.4797
-32.6441
-32.8053
-32.9633
-33.1179
-33.2693
-33.4173
-33.5621
-33.7034
-33.8415
-33.9761
-34.1074
-34.2353
-34.3597
-34.4807
-34.5983
-34.7125
-34.8232
-34.9304
-35.0341
-35.1344
-35.2311
-35.3244
-35.4141
-35.5002
-35.5829
-35.662
-35.7375
-35.8094
-35.8778
-35.9426
-36.0038
-36.0614
-36.1155
-36.1659
-36.2127
-36.2559
-36.2954
-36.3314
-36.3637
-36.3924
-36.4174
-36.4388
-36.4566
-36.4707
-36.4811
-36.488
-36.4911
-36.4907
-36.4865
-36.4788
-36.4673
-36.4523
-36.4336
-36.4112
-36.3852
-36.3555
-36.3223
-36.2853
-36.2448
-36.2006
-36.1528
-36.1014
-36.0463
-35.9877
-35.9254
-35.8596
-35.7901
-35.7171
-35.6405
-35.5603
-35.4765
-35.3892
-35.2984
-35.204
-35.1061
-35.0046
-34.8997
-34.7912
-34.6793
-34.5639
-34.445
-34.3226
-34.1968
-34.0676
-33.935
-33.7989
-33.6595
-33.5167
-33.3705
-33.2209
-33.0681
-32.9119
-32.7524
-32.5896
-32.4235
-32.2542
-32.0816
-31.9058
-31.7268
-31.5446
-31.3592
-31.1707
-30.979
-30.7843
-30.5864
-30.3854
-30.1814
-29.9744
-29.7643
-29.5512
-29.3352
-29.1162
-28.8943
-28.6694
-28.4417
-28.2111
-27.9776
-27.7414
-27.5023
-27.2605
-27.0159
-26.7686
-26.5186
-26.2659
-26.0105
-25.7526
-25.492
-25.2288
-24.9631
-24.6949
-24.4242
-24.151
-23.8754
-23.5974
-23.3169
-23.0341
-22.749
-22.4616
-22.1719
-21.88
-21.5858
-21.2894
-20.9909
-20.6903
-20.3876
-20.0828
-19.7759
-19.4671
-19.1562
-18.8435
-18.5288
-18.2122
-17.8938
-17.5735
-17.2515
-16.9277
-16.6021
-16.2749
-15.946
-15.6155
-15.2834
-14.9498
-14.6146
-14.2779
-13.9398
-13.6002
-13.2592
-12.9169
-12.5733
-12.2283
-11.8821
-11.5347
-11.1861
-10.8363
-10.4854
-10.1335
-9.78044
-9.42641
-9.0714
-8.71545
-8.35859
-8.00086
-7.6423
-7.28293
-6.9228
-6.56195
-6.2004
-5.83819
-5.47537
-5.11196
-4.748
-4.38353
-4.01859
-3.6532
-3.28742
-2.92127
-2.55479
-2.18802
-1.821
-1.45375
-1.08633
-0.718755
-0.351075
0.0166771
0.384464
0.75225
1.12
1.48767
1.85523
2.22264
2.58987
2.95687
3.32361
3.69006
4.05618
4.42193
4.78727
5.15217
5.51659
5.88049
6.24385
6.60661
6.96876
7.33024
7.69102
8.05107
8.41035
8.76883
9.12647
9.48322
9.83907
10.194
10.5479
10.9008
11.2526
11.6034
11.953
12.3015
12.6487
12.9948
13.3395
13.683
14.0252
14.3659
14.7053
15.0432
15.3797
15.7146
16.0481
16.3799
16.7102
17.0388
17.3657
17.6909
18.0144
18.3361
18.6561
18.9742
19.2904
19.6047
19.9171
20.2276
20.536
20.8424
21.1468
21.4491
21.7492
22.0473
22.3431
22.6368
22.9282
23.2173
23.5042
23.7887
24.0709
24.3507
24.6281
24.9031
25.1756
25.4456
25.7131
25.978
26.2404
26.5002
26.7573
27.0118
27.2637
27.5128
27.7592
28.0028
28.2437
28.4818
28.717
28.9494
29.179
29.4056
29.6293
29.8501
30.0679
30.2827
30.4945
30.7033
30.9091
31.1117
31.3113
31.5078
31.7011
31.8913
32.0783
32.2622
32.4428
32.6202
32.7943
32.9652
33.1328
33.2972
33.4582
33.6158
33.7701
33.9211
34.0687
34.2129
34.3537
34.491
34.625
34.7555
34.8825
35.006
35.1261
35.2426
35.3557
35.4652
35.5712
35.6736
35.7725
35.8678
35.9595
36.0477
36.1322
36.2132
36.2905
36.3642
36.4343
36.5007
36.5635
36.6227
36.6782
36.73
36.7782
36.8227
36.8635
36.9006
36.9341
36.9638
36.9899
37.0123
37.0309
37.0459
37.0572
37.0647
37.0686
37.0687
37.0652
37.0579
37.0469
37.0322
37.0138
36.9918
36.966
36.9365
36.9033
36.8664
36.8258
36.7816
36.7337
36.682
36.6268
36.5678
36.5052
36.4389
36.369
36.2954
36.2182
36.1374
36.0529
35.9648
35.8731
35.7779
35.679
35.5766
35.4706
35.361
35.2479
35.1312
35.0111
34.8874
34.7602
34.6295
34.4953
34.3577
34.2167
34.0722
33.9242
33.7729
33.6182
33.4601
33.2986
33.1338
32.9657
32.7942
32.6195
32.4415
32.2602
32.0756
31.8879
31.6969
31.5028
31.3054
31.105
30.9014
30.6946
30.4848
30.272
30.056
29.8371
29.6151
29.3902
29.1623
28.9314
28.6977
28.461
28.2215
27.9791
27.734
27.486
27.2352
26.9817
26.7255
26.4665
26.2049
25.9407
25.6738
25.4044
25.1323
24.8577
24.5807
24.3011
24.0191
23.7346
23.4477
23.1585
22.8669
22.573
22.2769
21.9784
21.6777
21.3749
21.0699
20.7627
20.4534
20.1421
19.8287
19.5132
19.1958
18.8765
18.5552
18.2321
17.9071
17.5802
17.2516
16.9212
16.5891
16.2553
15.9199
15.5828
15.2441
14.9039
14.5621
14.2189
13.8742
13.528
13.1805
12.8317
12.4815
12.13
11.7773
11.4234
11.0683
10.712
10.3546
9.99622
9.63676
9.2763
8.91487
8.55252
8.18927
7.82517
7.46025
7.09455
6.72811
6.36095
5.99312
5.62465
5.25559
4.88596
4.51581
4.14516
3.77407
3.40256
3.03068
2.65845
2.28592
1.91313
1.5401
1.16689
0.793522
0.420036
0.0464719
-0.327135
-0.700746
-1.07432
-1.44783
-1.82123
-2.19449
-2.56756
-2.94042
-3.31302
-3.68532
-4.05729
-4.4289
-4.8001
-5.17085
-5.54113
-5.91088
-6.28009
-6.6487
-7.01669
-7.38401
-7.75063
-8.11651
-8.48161
-8.8459
-9.20935
-9.57191
-9.93355
-10.2942
-10.6539
-11.0126
-11.3702
-11.7267
-12.082
-12.4362
-12.7892
-13.1409
-13.4914
-13.8405
-14.1883
-14.5347
-14.8797
-15.2232
-15.5653
-15.9058
-16.2448
-16.5821
-16.9179
-17.252
-17.5844
-17.9151
-18.244
-18.5711
-18.8964
-19.2198
-19.5414
-19.861
-20.1787
-20.4944
-20.8081
-21.1197
-21.4292
-21.7367
-22.042
-22.3451
-22.646
-22.9447
-23.2411
-23.5352
-23.827
-24.1164
-24.4035
-24.6881
-24.9704
-25.2501
-25.5273
-25.802
-26.0742
-26.3438
-26.6108
-26.8751
-27.1368
-27.3958
-27.6521
-27.9056
-28.1564
-28.4043
-28.6495
-28.8918
-29.1313
-29.3679
-29.6015
-29.8323
-30.06
-30.2848
-30.5066
-30.7253
-30.941
-31.1536
-31.3632
-31.5696
-31.7728
-31.973
-32.1699
-32.3637
-32.5542
-32.7415
-32.9255
-33.1063
-33.2837
-33.4579
-33.6287
-33.7962
-33.9603
-34.1211
-34.2784
-34.4323
-34.5829
-34.7299
-34.8735
-35.0137
-35.1503
-35.2834
-35.4131
-35.5392
-35.6617
-35.7807
-35.8962
-36.008
-36.1163
-36.221
-36.322
-36.4195
-36.5133
-36.6034
-36.6899
-36.7728
-36.852
-36.9275
-36.9993
-37.0674
-37.1318
-37.1925
-37.2496
-37.3028
-37.3524
-37.3982
-37.4403
-37.4787
-37.5133
-37.5442
-37.5713
-37.5946
-37.6142
-37.6301
-37.6422
-37.6505
-37.655
-37.6558
-37.6528
-37.6461
-37.6356
-37.6213
-37.6033
-37.5815
-37.5559
-37.5266
-37.4935
-37.4567
-37.4161
-37.3718
-37.3237
-37.2719
-37.2164
-37.1572
-37.0942
-37.0275
-36.9571
-36.883
-36.8052
-36.7237
-36.6385
-36.5496
-36.4571
-36.361
-36.2612
-36.1577
-36.0506
-35.94
-35.8257
-35.7078
-35.5863
-35.4613
-35.3327
-35.2005
-35.0648
-34.9257
-34.7829
-34.6367
-34.4871
-34.3339
-34.1773
-34.0173
-33.8539
-33.687
-33.5168
-33.3432
-33.1663
-32.986
-32.8024
-32.6155
-32.4253
-32.2319
-32.0352
-31.8353
-31.6322
-31.4259
-31.2165
-31.0039
-30.7881
-30.5693
-30.3474
-30.1225
-29.8945
-29.6635
-29.4295
-29.1925
-28.9526
-28.7098
-28.4641
-28.2155
-27.9641
-27.7098
-27.4528
-27.193
-26.9304
-26.6651
-26.3971
-26.1265
-25.8532
-25.5773
-25.2988
-25.0178
-24.7342
-24.4481
-24.1596
-23.8686
-23.5752
-23.2794
-22.9812
-22.6808
-22.378
-22.0729
-21.7657
-21.4562
-21.1445
-20.8307
-20.5148
-20.1968
-19.8767
-19.5546
-19.2305
-18.9045
-18.5766
-18.2467
-17.915
-17.5815
-17.2462
-16.9091
-16.5703
-16.2299
-15.8877
-15.544
-15.1986
-14.8517
-14.5033
-14.1534
-13.802
-13.4492
-13.0951
-12.7396
-12.3827
-12.0246
-11.6653
-11.3048
-10.9431
-10.5803
-10.2164
-9.85138
-9.48538
-9.1184
-8.75046
-8.38162
-8.0119
-7.64134
-7.26998
-6.89786
-6.52501
-6.15147
-5.77728
-5.40247
-5.02708
-4.65116
-4.27473
-3.89784
-3.52052
-3.14281
-2.76474
-2.38637
-2.00771
-1.62882
-1.24973
-0.870472
-0.491091
-0.111623
0.267894
0.647422
1.02692
1.40636
1.78569
2.16489
2.5439
2.9227
3.30124
3.67949
4.05742
4.43497
4.81212
5.18882
5.56504
5.94075
6.31589
6.69045
7.06437
7.43762
7.81017
8.18197
8.55299
8.9232
9.29254
9.661
10.0285
10.3951
10.7606
11.1252
11.4886
11.8509
12.2121
12.5721
12.9309
13.2884
13.6446
13.9995
14.3531
14.7052
15.0559
15.4051
15.7528
16.099
16.4436
16.7866
17.1279
17.4676
17.8056
18.1418
18.4762
18.8088
19.1396
19.4685
19.7955
20.1205
20.4435
20.7646
21.0836
21.4005
21.7153
22.028
22.3384
22.6467
22.9528
23.2566
23.5581
23.8573
24.1541
24.4485
24.7405
25.0301
25.3172
25.6018
25.8838
26.1633
26.4403
26.7146
26.9862
27.2552
27.5215
27.785
28.0458
28.3039
28.5591
28.8115
29.061
29.3077
29.5514
29.7922
30.0301
30.265
30.4969
30.7257
30.9515
31.1743
31.3939
31.6104
31.8238
32.034
32.241
32.4449
32.6455
32.8428
33.0369
33.2278
33.4153
33.5995
33.7803
33.9578
34.1319
34.3026
34.4699
34.6338
34.7942
34.9512
35.1047
35.2546
35.4011
35.5441
35.6835
35.8193
35.9516
36.0803
36.2054
36.3269
36.4448
36.5591
36.6697
36.7766
36.8799
36.9795
37.0754
37.1676
37.2561
37.3409
37.422
37.4993
37.5729
37.6428
37.7088
37.7712
37.8297
37.8845
37.9355
37.9827
38.0261
38.0657
38.1015
38.1335
38.1617
38.1861
38.2066
38.2234
38.2363
38.2454
38.2507
38.2521
38.2497
38.2435
38.2335
38.2197
38.202
38.1805
38.1552
38.126
38.0931
38.0563
38.0158
37.9714
37.9232
37.8712
37.8155
37.7559
37.6926
37.6255
37.5546
37.4799
37.4015
37.3194
37.2335
37.1439
37.0505
36.9535
36.8527
36.7483
36.6401
36.5283
36.4128
36.2937
36.1709
36.0445
35.9145
35.7808
35.6436
35.5028
35.3585
35.2106
35.0591
34.9042
34.7457
34.5837
34.4183
34.2494
34.077
33.9013
33.7221
33.5395
33.3536
33.1643
32.9717
32.7758
32.5765
32.374
32.1682
31.9592
31.747
31.5316
31.313
31.0912
30.8664
30.6384
30.4073
30.1731
29.936
29.6958
29.4526
29.2064
28.9573
28.7053
28.4504
28.1926
27.9319
27.6685
27.4022
27.1332
26.8614
26.587
26.3098
26.03
25.7475
25.4625
25.1749
24.8847
24.592
24.2968
23.9992
23.6991
23.3967
23.0918
22.7846
22.4752
22.1634
21.8494
21.5332
21.2147
20.8942
20.5715
20.2467
19.9199
19.591
19.2602
18.9274
18.5926
18.256
17.9175
17.5772
17.2351
16.8912
16.5456
16.1984
15.8494
15.4989
15.1467
14.7931
14.4379
14.0812
13.7231
13.3635
13.0026
12.6404
12.2769
11.912
11.546
11.1788
10.8104
10.4409
10.0703
9.69873
9.3261
8.9525
8.57798
8.20255
7.82627
7.44917
7.07128
6.69265
6.31331
5.93331
5.55267
5.17144
4.78965
4.40735
4.02456
3.64134
3.25771
2.87372
2.48941
2.1048
1.71995
1.33489
0.949656
0.564288
0.178824
-0.206695
-0.592232
-0.977749
-1.36321
-1.74857
-2.13379
-2.51884
-2.90367
-3.28826
-3.67255
-4.05651
-4.44011
-4.8233
-5.20605
-5.58831
-5.97006
-6.35124
-6.73183
-7.11178
-7.49106
-7.86963
-8.24745
-8.62449
-9.00069
-9.37604
-9.75049
-10.124
-10.4965
-10.868
-11.2385
-11.6079
-11.9762
-12.3433
-12.7092
-13.0738
-13.4372
-13.7993
-14.1601
-14.5194
-14.8774
-15.2339
-15.5889
-15.9424
-16.2943
-16.6446
-16.9933
-17.3404
-17.6857
-18.0293
-18.3712
-18.7112
-19.0494
-19.3857
-19.7201
-20.0526
-20.3831
-20.7116
-21.0381
-21.3625
-21.6848
-22.0049
-22.3229
-22.6387
-22.9523
-23.2636
-23.5726
-23.8792
-24.1835
-24.4855
-24.785
-25.082
-25.3766
-25.6687
-25.9582
-26.2452
-26.5296
-26.8113
-27.0904
-27.3668
-27.6405
-27.9115
-28.1797
-28.4451
-28.7077
-28.9674
-29.2243
-29.4783
-29.7293
-29.9774
-30.2226
-30.4647
-30.7038
-30.9399
-31.1729
-31.4028
-31.6296
-31.8533
-32.0737
-32.291
-32.5051
-32.716
-32.9236
-33.128
-33.329
-33.5267
-33.7212
-33.9122
-34.0999
-34.2842
-34.465
-34.6425
-34.8165
-34.987
-35.1541
-35.3177
-35.4777
-35.6342
-35.7872
-35.9366
-36.0824
-36.2246
-36.3632
-36.4982
-36.6296
-36.7573
-36.8814
-37.0017
-37.1184
-37.2314
-37.3407
-37.4462
-37.548
-37.6461
-37.7404
-37.831
-37.9177
-38.0007
-38.0799
-38.1553
-38.2269
-38.2947
-38.3587
-38.4188
-38.4751
-38.5275
-38.5761
-38.6209
-38.6618
-38.6988
-38.732
-38.7613
-38.7867
-38.8082
-38.8259
-38.8397
-38.8496
-38.8556
-38.8577
-38.856
-38.8503
-38.8408
-38.8274
-38.8101
-38.7889
-38.7639
-38.7349
-38.7021
-38.6654
-38.6249
-38.5805
-38.5322
-38.48
-38.424
-38.3642
-38.3005
-38.233
-38.1616
-38.0864
-38.0074
-37.9246
-37.838
-37.7476
-37.6535
-37.5555
-37.4538
-37.3483
-37.2391
-37.1261
-37.0095
-36.8891
-36.765
-36.6372
-36.5057
-36.3706
-36.2318
-36.0894
-35.9434
-35.7938
-35.6405
-35.4837
-35.3233
-35.1594
-34.9919
-34.821
-34.6465
-34.4685
-34.2871
-34.1023
-33.914
-33.7222
-33.5271
-33.3287
-33.1269
-32.9217
-32.7132
-32.5015
-32.2864
-32.0682
-31.8466
-31.6219
-31.394
-31.163
-30.9287
-30.6914
-30.451
-30.2075
-29.961
-29.7115
-29.4589
-29.2034
-28.9449
-28.6835
-28.4193
-28.1521
-27.8821
-27.6093
-27.3337
-27.0554
-26.7743
-26.4905
-26.2041
-25.9149
-25.6232
-25.3289
-25.032
-24.7326
-24.4306
-24.1262
-23.8194
-23.5101
-23.1985
-22.8845
-22.5682
-22.2496
-21.9287
-21.6057
-21.2804
-20.953
-20.6234
-20.2917
-19.958
-19.6223
-19.2845
-18.9448
-18.6032
-18.2597
-17.9143
-17.5671
-17.2181
-16.8673
-16.5148
-16.1606
-15.8048
-15.4474
-15.0884
-14.7278
-14.3657
-14.0022
-13.6372
-13.2708
-12.9031
-12.534
-12.1636
-11.792
-11.4192
-11.0452
-10.67
-10.2938
-9.91643
-9.53807
-9.15872
-8.77842
-8.39721
-8.01511
-7.63218
-7.24844
-6.86394
-6.47872
-6.09281
-5.70625
-5.31908
-4.93135
-4.54308
-4.15431
-3.7651
-3.37546
-2.98545
-2.59511
-2.20446
-1.81356
-1.42243
-1.03112
-0.639676
-0.248124
0.143492
0.535133
0.926759
1.31833
1.70981
2.10116
2.49234
2.88331
3.27402
3.66445
4.05456
4.44429
4.83362
5.22251
5.61091
5.99879
6.38611
6.77283
7.15891
7.54431
7.929
8.31293
8.69608
9.07838
9.45982
9.84036
10.2199
10.5985
10.9761
11.3526
11.7281
12.1024
12.4755
12.8474
13.218
13.5874
13.9554
14.3221
14.6874
15.0513
15.4137
15.7746
16.1339
16.4917
16.8479
17.2024
17.5552
17.9063
18.2556
18.6032
18.9489
19.2928
19.6348
19.9748
20.3129
20.649
20.983
21.315
21.6449
21.9727
22.2983
22.6217
22.9428
23.2617
23.5784
23.8926
24.2046
24.5141
24.8212
25.1259
25.4281
25.7278
26.0249
26.3194
26.6114
26.9007
27.1874
27.4713
27.7526
28.0311
28.3068
28.5798
28.8499
29.1171
29.3814
29.6429
29.9014
30.1569
30.4095
30.659
30.9055
31.1489
31.3893
31.6265
31.8606
32.0915
32.3192
32.5437
32.765
32.9831
33.1978
33.4093
33.6174
33.8222
34.0237
34.2217
34.4164
34.6076
34.7954
34.9797
35.1606
35.338
35.5118
35.6821
35.8488
36.012
36.1716
36.3276
36.48
36.6288
36.7739
36.9153
37.0531
37.1871
37.3175
37.4441
37.567
37.6862
37.8016
37.9133
38.0211
38.1252
38.2255
38.3219
38.4146
38.5034
38.5883
38.6694
38.7467
38.8201
38.8896
38.9552
39.0169
39.0748
39.1287
39.1788
39.2249
39.2671
39.3054
39.3397
39.3701
39.3966
39.4192
39.4378
39.4525
39.4632
39.47
39.4728
39.4717
39.4666
39.4576
39.4447
39.4278
39.4069
39.3822
39.3534
39.3208
39.2842
39.2436
39.1992
39.1508
39.0985
39.0423
38.9821
38.9181
38.8502
38.7784
38.7026
38.6231
38.5396
38.4523
38.3611
38.2661
38.1672
38.0646
37.9581
37.8478
37.7337
37.6158
37.4941
37.3687
37.2395
37.1066
36.97
36.8296
36.6856
36.5379
36.3865
36.2315
36.0728
35.9105
35.7446
35.5751
35.402
35.2253
35.0452
34.8615
34.6743
34.4836
34.2894
34.0918
33.8908
33.6863
33.4785
33.2673
33.0528
32.8349
32.6137
32.3893
32.1615
31.9306
31.6964
31.459
31.2185
30.9748
30.728
30.4781
30.2251
29.9691
29.71
29.448
29.1829
28.915
28.6441
28.3703
28.0937
27.8142
27.5319
27.2469
26.959
26.6685
26.3753
26.0793
25.7808
25.4797
25.1759
24.8696
24.5608
24.2496
23.9358
23.6197
23.3011
22.9802
22.6569
22.3314
22.0036
21.6735
21.3413
21.0069
20.6703
20.3317
19.991
19.6482
19.3035
18.9568
18.6081
18.2576
17.9052
17.551
17.1949
16.8372
16.4777
16.1165
15.7537
15.3892
15.0232
14.6557
14.2866
13.9161
13.5442
13.1708
12.7962
12.4201
12.0429
11.6643
11.2846
10.9037
10.5217
10.1386
9.75438
9.3692
8.98304
8.59594
8.20795
7.81909
7.42942
7.03896
6.64776
6.25586
5.86329
5.47009
5.07631
4.68198
4.28715
3.89184
3.49611
3.09999
2.70352
2.30674
1.90969
1.5124
1.11493
0.717307
0.319571
-0.0782369
-0.476076
-0.873908
-1.27169
-1.66939
-2.06696
-2.46436
-2.86156
-3.25851
-3.65517
-4.05151
-4.44748
-4.84305
-5.23817
-5.63281
-6.02692
-6.42047
-6.81342
-7.20573
-7.59735
-7.98825
-8.3784
-8.76774
-9.15625
-9.54388
-9.9306
-10.3164
-10.7011
-11.0849
-11.4675
-11.8491
-12.2295
-12.6087
-12.9867
-13.3635
-13.7389
-14.113
-14.4858
-14.8571
-15.2269
-15.5953
-15.9622
-16.3275
-16.6912
-17.0533
-17.4137
-17.7724
-18.1294
-18.4845
-18.8379
-19.1894
-19.5391
-19.8868
-20.2326
-20.5763
-20.9181
-21.2578
-21.5954
-21.9309
-22.2642
-22.5953
-22.9242
-23.2509
-23.5752
-23.8972
-24.2169
-24.5342
-24.849
-25.1614
-25.4713
-25.7787
-26.0836
-26.3859
-26.6855
-26.9825
-27.2769
-27.5686
-27.8575
-28.1437
-28.4271
-28.7076
-28.9854
-29.2602
-29.5322
-29.8012
-30.0673
-30.3304
-30.5905
-30.8476
-31.1016
-31.3525
-31.6003
-31.845
-32.0865
-32.3248
-32.56
-32.7918
-33.0205
-33.2458
-33.4679
-33.6866
-33.902
-34.114
-34.3226
-34.5278
-34.7296
-34.9279
-35.1228
-35.3142
-35.502
-35.6863
-35.8671
-36.0443
-36.2179
-36.3879
-36.5543
-36.717
-36.8761
-37.0315
-37.1833
-37.3313
-37.4756
-37.6162
-37.753
-37.8861
-38.0154
-38.1409
-38.2626
-38.3805
-38.4945
-38.6047
-38.7111
-38.8136
-38.9123
-39.007
-39.0979
-39.1849
-39.2679
-39.3471
-39.4223
-39.4936
-39.5609
-39.6243
-39.6837
-39.7392
-39.7907
-39.8382
-39.8818
-39.9213
-39.9569
-39.9885
-40.0161
-40.0397
-40.0592
-40.0748
-40.0864
-40.094
-40.0975
-40.0971
-40.0926
-40.0842
-40.0717
-40.0552
-40.0347
-40.0102
-39.9817
-39.9492
-39.9127
-39.8722
-39.8277
-39.7792
-39.7268
-39.6704
-39.6099
-39.5456
-39.4772
-39.4049
-39.3287
-39.2485
-39.1644
-39.0764
-38.9844
-38.8886
-38.7888
-38.6852
-38.5776
-38.4662
-38.351
-38.2319
-38.109
-37.9822
-37.8516
-37.7173
-37.5791
-37.4372
-37.2915
-37.1421
-36.9889
-36.8321
-36.6715
-36.5072
-36.3393
-36.1678
-35.9926
-35.8137
-35.6313
-35.4453
-35.2558
-35.0626
-34.866
-34.6659
-34.4622
-34.2552
-34.0446
-33.8307
-33.6133
-33.3925
-33.1684
-32.941
-32.7102
-32.4761
-32.2388
-31.9982
-31.7544
-31.5074
-31.2572
-31.0039
-30.7474
-30.4879
-30.2252
-29.9596
-29.6909
-29.4192
-29.1445
-28.8669
-28.5864
-28.3029
-28.0167
-27.7276
-27.4357
-27.141
-26.8436
-26.5434
-26.2406
-25.9352
-25.6271
-25.3164
-25.0031
-24.6873
-24.369
-24.0483
-23.7251
-23.3995
-23.0715
-22.7412
-22.4086
-22.0737
-21.7366
-21.3973
-21.0558
-20.7121
-20.3664
-20.0185
-19.6687
-19.3168
-18.963
-18.6072
-18.2495
-17.89
-17.5287
-17.1655
-16.8007
-16.434
-16.0658
-15.6958
-15.3243
-14.9512
-14.5766
-14.2004
-13.8228
-13.4438
-13.0634
-12.6817
-12.2987
-11.9144
-11.5288
-11.1421
-10.7542
-10.3652
-9.97513
-9.58402
-9.19191
-8.79884
-8.40486
-8.00999
-7.61428
-7.21778
-6.82051
-6.42252
-6.02385
-5.62453
-5.22462
-4.82414
-4.42314
-4.02165
-3.61972
-3.2174
-2.81471
-2.41169
-2.0084
-1.60486
-1.20113
-0.797232
-0.393216
0.0108804
0.415016
0.81915
1.22324
1.62725
2.03114
2.43487
2.83839
3.24167
3.64467
4.04734
4.44964
4.85155
5.253
5.65398
6.05442
6.4543
6.85358
7.25221
7.65015
8.04737
8.44383
8.83948
9.23428
9.62821
10.0212
10.4132
10.8043
11.1943
11.5832
11.971
12.3576
12.743
13.1272
13.5102
13.8918
14.272
14.6509
15.0284
15.4043
15.7788
16.1518
16.5231
16.8929
17.261
17.6274
17.992
18.355
18.7161
19.0754
19.4328
19.7883
20.1418
20.4934
20.843
21.1905
21.5359
21.8792
22.2204
22.5594
22.8961
23.2306
23.5628
23.8927
24.2202
24.5453
24.868
25.1883
25.5061
25.8213
26.134
26.4441
26.7517
27.0565
27.3587
27.6582
27.9549
28.2489
28.5401
28.8284
29.114
29.3966
29.6763
29.9531
30.2269
30.4977
30.7654
31.0302
31.2918
31.5504
31.8058
32.0581
32.3072
32.5531
32.7957
33.0351
33.2712
33.5041
33.7336
33.9597
34.1825
34.4018
34.6178
34.8303
35.0393
35.2449
35.447
35.6455
35.8405
36.0319
36.2198
36.404
36.5846
36.7616
36.9349
37.1046
37.2705
37.4328
37.5913
37.746
37.8971
38.0443
38.1877
38.3274
38.4632
38.5952
38.7233
38.8476
38.968
39.0846
39.1972
39.3059
39.4107
39.5116
39.6085
39.7015
39.7905
39.8756
39.9566
40.0337
40.1068
40.1759
40.241
40.302
40.359
40.412
40.461
40.5059
40.5468
40.5836
40.6164
40.6451
40.6698
40.6904
40.7069
40.7193
40.7277
40.732
40.7323
40.7284
40.7205
40.7085
40.6925
40.6723
40.6481
40.6199
40.5876
40.5512
40.5107
40.4662
40.4177
40.3651
40.3084
40.2477
40.183
40.1143
40.0415
39.9648
39.884
39.7992
39.7105
39.6178
39.521
39.4204
39.3158
39.2072
39.0947
38.9783
38.858
38.7338
38.6057
38.4737
38.3378
38.1981
38.0546
37.9073
37.7561
37.6012
37.4425
37.28
37.1138
36.9439
36.7702
36.5928
36.4118
36.2271
36.0388
35.8469
35.6513
35.4522
35.2495
35.0432
34.8334
34.6201
34.4034
34.1832
33.9595
33.7324
33.5019
33.2681
33.0309
32.7903
32.5465
32.2994
32.049
31.7954
31.5386
31.2787
31.0155
30.7493
30.4799
30.2075
29.932
29.6535
29.372
29.0875
28.8001
28.5098
28.2166
27.9206
27.6217
27.32
27.0156
26.7085
26.3986
26.0861
25.7709
25.4531
25.1328
24.8099
24.4845
24.1566
23.8263
23.4935
23.1584
22.8209
22.4811
22.139
21.7947
21.4481
21.0994
20.7486
20.3956
20.0405
19.6834
19.3243
18.9633
18.6003
18.2354
17.8686
17.5
17.1297
16.7576
16.3837
16.0082
15.6311
15.2523
14.872
14.4902
14.1069
13.7221
13.3359
12.9484
12.5595
12.1693
11.7779
11.3852
10.9914
10.5965
10.2004
9.80326
9.40511
9.00598
8.60592
8.20495
7.80312
7.40047
6.99704
6.59287
6.188
5.78247
5.37633
4.9696
4.56234
4.15458
3.74636
3.33773
2.92872
2.51938
2.10975
1.69987
1.28977
0.879505
0.46911
0.0586273
-0.351902
-0.762438
-1.17294
-1.58336
-1.99367
-2.40382
-2.81377
-3.22348
-3.6329
-4.04201
-4.45075
-4.85909
-5.26698
-5.67439
-6.08127
-6.48758
-6.89328
-7.29834
-7.70271
-8.10634
-8.50921
-8.91126
-9.31247
-9.71278
-10.1122
-10.5106
-10.908
-11.3043
-11.6996
-12.0937
-12.4867
-12.8784
-13.2689
-13.6581
-14.046
-14.4325
-14.8176
-15.2013
-15.5835
-15.9642
-16.3433
-16.7208
-17.0967
-17.4709
-17.8434
-18.2141
-18.5831
-18.9502
-19.3155
-19.6789
-20.0404
-20.3999
-20.7574
-21.1128
-21.4662
-21.8175
-22.1666
-22.5135
-22.8582
-23.2007
-23.5409
-23.8787
-24.2142
-24.5473
-24.878
-25.2063
-25.532
-25.8553
-26.1759
-26.494
-26.8095
-27.1223
-27.4325
-27.7399
-28.0446
-28.3465
-28.6456
-28.9419
-29.2353
-29.5259
-29.8134
-30.0981
-30.3798
-30.6584
-30.934
-31.2066
-31.476
-31.7424
-32.0055
-32.2655
-32.5224
-32.7759
-33.0263
-33.2733
-33.5171
-33.7575
-33.9946
-34.2283
-34.4586
-34.6855
-34.9089
-35.1288
-35.3453
-35.5583
-35.7677
-35.9736
-36.1758
-36.3745
-36.5696
-36.7611
-36.9488
-37.1329
-37.3133
-37.49
-37.663
-37.8322
-37.9977
-38.1593
-38.3172
-38.4713
-38.6215
-38.7678
-38.9104
-39.049
-39.1837
-39.3146
-39.4415
-39.5645
-39.6835
-39.7986
-39.9097
-40.0169
-40.12
-40.2192
-40.3143
-40.4054
-40.4925
-40.5755
-40.6545
-40.7294
-40.8003
-40.8671
-40.9298
-40.9884
-41.043
-41.0934
-41.1398
-41.182
-41.2201
-41.2541
-41.2839
-41.3097
-41.3313
-41.3488
-41.3621
-41.3713
-41.3764
-41.3774
-41.3742
-41.3668
-41.3554
-41.3398
-41.32
-41.2961
-41.2681
-41.236
-41.1997
-41.1593
-41.1148
-41.0662
-41.0135
-40.9566
-40.8957
-40.8306
-40.7615
-40.6883
-40.611
-40.5297
-40.4442
-40.3548
-40.2612
-40.1637
-40.0621
-39.9565
-39.8469
-39.7333
-39.6157
-39.4942
-39.3687
-39.2392
-39.1058
-38.9685
-38.8272
-38.6821
-38.5331
-38.3802
-38.2235
-38.0629
-37.8985
-37.7303
-37.5583
-37.3825
-37.203
-37.0198
-36.8328
-36.6421
-36.4477
-36.2497
-36.048
-35.8427
-35.6338
-35.4213
-35.2053
-34.9857
-34.7626
-34.5359
-34.3059
-34.0723
-33.8353
-33.595
-33.3512
-33.1041
-32.8536
-32.5998
-32.3428
-32.0825
-31.8189
-31.5522
-31.2822
-31.0091
-30.7329
-30.4536
-30.1712
-29.8857
-29.5973
-29.3058
-29.0114
-28.7141
-28.4138
-28.1107
-27.8048
-27.496
-27.1845
-26.8702
-26.5531
-26.2334
-25.9111
-25.5861
-25.2585
-24.9284
-24.5958
-24.2606
-23.923
-23.583
-23.2406
-22.8958
-22.5487
-22.1993
-21.8476
-21.4937
-21.1377
-20.7795
-20.4192
-20.0568
-19.6923
-19.3259
-18.9575
-18.5871
-18.2149
-17.8408
-17.4649
-17.0871
-16.7077
-16.3265
-15.9437
-15.5592
-15.1732
-14.7856
-14.3964
-14.0058
-13.6138
-13.2203
-12.8255
-12.4294
-12.0319
-11.6333
-11.2334
-10.8324
-10.4302
-10.027
-9.62273
-9.21745
-8.81121
-8.40405
-7.996
-7.58712
-7.17743
-6.76699
-6.35583
-5.94399
-5.53152
-5.11845
-4.70483
-4.29069
-3.87609
-3.46106
-3.04564
-2.62987
-2.2138
-1.79747
-1.38091
-0.964179
-0.547306
-0.130337
0.286687
0.703724
1.12073
1.53767
1.9545
2.37117
2.78764
3.20388
3.61985
4.03549
4.45076
4.86564
5.28007
5.69401
6.10743
6.52027
6.93251
7.34409
7.75498
8.16514
8.57452
8.98308
9.39079
9.79759
10.2035
10.6084
11.0122
11.415
11.8167
12.2173
12.6167
13.0148
13.4117
13.8073
14.2016
14.5945
14.9859
15.3759
15.7644
16.1514
16.5368
16.9205
17.3027
17.6831
18.0618
18.4387
18.8138
19.1871
19.5585
19.928
20.2955
20.661
21.0245
21.3859
21.7453
22.1024
22.4575
22.8103
23.1608
23.5091
23.8551
24.1987
24.5399
24.8787
25.2151
25.5489
25.8803
26.209
26.5352
26.8588
27.1797
27.498
27.8135
28.1263
28.4363
28.7434
29.0478
29.3492
29.6478
29.9434
30.2361
30.5257
30.8124
31.0959
31.3765
31.6538
31.9281
32.1992
32.4671
32.7318
32.9932
33.2514
33.5062
33.7577
34.0059
34.2507
34.4921
34.7301
34.9647
35.1957
35.4233
35.6473
35.8678
36.0848
36.2981
36.5078
36.714
36.9164
37.1152
37.3103
37.5017
37.6893
37.8732
38.0534
38.2297
38.4023
38.571
38.7359
38.8969
39.054
39.2073
39.3566
39.5021
39.6436
39.7811
39.9147
40.0443
40.1699
40.2915
40.4091
40.5227
40.6322
40.7377
40.8391
40.9364
41.0297
41.1188
41.2039
41.2848
41.3616
41.4343
41.5029
41.5673
41.6275
41.6837
41.7356
41.7834
41.827
41.8664
41.9016
41.9327
41.9595
41.9822
42.0007
42.015
42.025
42.0309
42.0326
42.03
42.0233
42.0124
41.9972
41.9779
41.9543
41.9266
41.8947
41.8585
41.8182
41.7737
41.725
41.6722
41.6151
41.5539
41.4886
41.419
41.3454
41.2676
41.1856
41.0996
41.0094
40.9151
40.8167
40.7142
40.6076
40.497
40.3822
40.2635
40.1407
40.0139
39.883
39.7482
39.6094
39.4666
39.3198
39.1691
39.0145
38.8559
38.6935
38.5271
38.3569
38.1828
38.0049
37.8232
37.6377
37.4484
37.2553
37.0585
36.858
36.6538
36.4458
36.2342
36.019
35.8001
35.5777
35.3516
35.122
34.8889
34.6522
34.4121
34.1685
33.9215
33.671
33.4172
33.1599
32.8994
32.6355
32.3683
32.0979
31.8242
31.5474
31.2673
30.9841
30.6977
30.4083
30.1158
29.8202
29.5217
29.2201
28.9156
28.6082
28.2979
27.9847
27.6687
27.3499
27.0284
26.7041
26.3771
26.0474
25.7151
25.3802
25.0427
24.7027
24.3601
24.0151
23.6677
23.3179
22.9657
22.6111
22.2543
21.8952
21.5339
21.1704
20.8047
20.4369
20.0671
19.6952
19.3213
18.9454
18.5676
18.1879
17.8063
17.4229
17.0378
16.6509
16.2622
15.872
15.4801
15.0866
14.6915
14.295
13.897
13.4975
13.0967
12.6945
12.291
11.8863
11.4803
11.0731
10.6648
10.2554
9.84486
9.43333
9.02082
8.60737
8.19301
7.77779
7.36176
6.94494
6.52739
6.10915
5.69025
5.27075
4.85067
4.43007
4.00898
3.58744
3.16551
2.74322
2.32061
1.89773
1.47461
1.05131
0.627858
0.204301
-0.219318
-0.642959
-1.06658
-1.49013
-1.91358
-2.33688
-2.75998
-3.18286
-3.60545
-4.02773
-4.44965
-4.87117
-5.29224
-5.71282
-6.13287
-6.55236
-6.97123
-7.38944
-7.80696
-8.22374
-8.63974
-9.05491
-9.46922
-9.88263
-10.2951
-10.7066
-11.117
-11.5264
-11.9346
-12.3417
-12.7476
-13.1523
-13.5557
-13.9578
-14.3586
-14.7579
-15.1558
-15.5522
-15.9471
-16.3405
-16.7322
-17.1224
-17.5108
-17.8976
-18.2825
-18.6657
-19.0471
-19.4266
-19.8042
-20.1799
-20.5536
-20.9252
-21.2948
-21.6623
-22.0277
-22.3909
-22.7519
-23.1107
-23.4672
-23.8214
-24.1732
-24.5227
-24.8697
-25.2143
-25.5564
-25.896
-26.233
-26.5675
-26.8993
-27.2284
-27.5549
-27.8786
-28.1996
-28.5178
-28.8332
-29.1457
-29.4554
-29.7621
-30.0659
-30.3667
-30.6645
-30.9593
-31.251
-31.5396
-31.825
-32.1074
-32.3865
-32.6624
-32.9351
-33.2046
-33.4707
-33.7335
-33.993
-34.2491
-34.5017
-34.751
-34.9968
-35.2392
-35.478
-35.7133
-35.9451
-36.1733
-36.3979
-36.6189
-36.8362
-37.0499
-37.2599
-37.4662
-37.6688
-37.8676
-38.0627
-38.2539
-38.4414
-38.625
-38.8048
-38.9808
-39.1528
-39.321
-39.4852
-39.6455
-39.8019
-39.9543
-40.1027
-40.2471
-40.3875
-40.5239
-40.6562
-40.7845
-40.9087
-41.0289
-41.1449
-41.2569
-41.3647
-41.4684
-41.568
-41.6635
-41.7547
-41.8418
-41.9248
-42.0035
-42.0781
-42.1484
-42.2146
-42.2765
-42.3342
-42.3877
-42.4369
-42.4819
-42.5227
-42.5592
-42.5915
-42.6195
-42.6433
-42.6627
-42.678
-42.6889
-42.6956
-42.698
-42.6962
-42.6901
-42.6797
-42.665
-42.6461
-42.6229
-42.5955
-42.5637
-42.5278
-42.4875
-42.443
-42.3943
-42.3413
-42.2841
-42.2227
-42.157
-42.0871
-42.0129
-41.9346
-41.8521
-41.7654
-41.6745
-41.5794
-41.4801
-41.3767
-41.2692
-41.1575
-41.0416
-40.9217
-40.7977
-40.6695
-40.5373
-40.401
-40.2607
-40.1163
-39.9679
-39.8155
-39.6591
-39.4987
-39.3343
-39.166
-38.9938
-38.8176
-38.6376
-38.4536
-38.2658
-38.0742
-37.8787
-37.6794
-37.4764
-37.2695
-37.0589
-36.8446
-36.6266
-36.4049
-36.1795
-35.9505
-35.7179
-35.4817
-35.2419
-34.9986
-34.7517
-34.5013
-34.2475
-33.9902
-33.7295
-33.4654
-33.1979
-32.9271
-32.6529
-32.3755
-32.0948
-31.8108
-31.5237
-31.2333
-30.9398
-30.6432
-30.3435
-30.0408
-29.7349
-29.4261
-29.1144
-28.7996
-28.482
-28.1615
-27.8381
-27.5119
-27.183
-26.8513
-26.5168
-26.1797
-25.8399
-25.4975
-25.1526
-24.805
-24.455
-24.1025
-23.7475
-23.3901
-23.0304
-22.6683
-22.3039
-21.9373
-21.5684
-21.1973
-20.824
-20.4487
-20.0712
-19.6918
-19.3103
-18.9268
-18.5414
-18.1541
-17.765
-17.374
-16.9813
-16.5868
-16.1907
-15.7928
-15.3934
-14.9924
-14.5898
-14.1857
-13.7802
-13.3733
-12.965
-12.5553
-12.1443
-11.7321
-11.3187
-10.9041
-10.4884
-10.0716
-9.6537
-9.23483
-8.81499
-8.39423
-7.97258
-7.5501
-7.12682
-6.70278
-6.27803
-5.85261
-5.42657
-4.99993
-4.57276
-4.14508
-3.71695
-3.28841
-2.85949
-2.43024
-2.00071
-1.57093
-1.14095
-0.71082
-0.280573
0.149746
0.580092
1.01042
1.4407
1.87087
2.3009
2.73074
3.16035
3.58969
4.01871
4.44738
4.87564
5.30345
5.73078
6.15758
6.58381
7.00942
7.43437
7.85862
8.28213
8.70485
9.12674
9.54776
9.96787
10.387
10.8052
11.2223
11.6383
12.0533
12.467
12.8796
13.2909
13.7009
14.1096
14.5169
14.9228
15.3272
15.7302
16.1316
16.5315
16.9297
17.3263
17.7212
18.1143
18.5057
18.8953
19.283
19.6689
20.0528
20.4347
20.8147
21.1926
21.5684
21.9421
22.3136
22.6829
23.0501
23.4149
23.7774
24.1376
24.4955
24.8509
25.2038
25.5543
25.9022
26.2476
26.5904
26.9306
27.2681
27.603
27.9351
28.2644
28.5909
28.9147
29.2355
29.5535
29.8685
30.1806
30.4897
30.7958
31.0988
31.3988
31.6957
31.9894
32.2799
32.5672
32.8513
33.1322
33.4098
33.684
33.9549
34.2225
34.4866
34.7474
35.0046
35.2584
35.5088
35.7555
35.9988
36.2384
36.4745
36.7069
36.9357
37.1608
37.3822
37.5999
37.8139
38.0241
38.2305
38.4331
38.6319
38.8269
39.0179
39.2051
39.3885
39.5678
39.7433
39.9148
40.0823
40.2458
40.4053
40.5608
40.7123
40.8597
41.003
41.1422
41.2773
41.4084
41.5353
41.658
41.7766
41.8911
42.0013
42.1074
42.2092
42.3069
42.4003
42.4895
42.5745
42.6552
42.7317
42.8039
42.8718
42.9354
42.9948
43.0498
43.1006
43.147
43.1892
43.227
43.2605
43.2897
43.3146
43.3351
43.3513
43.3632
43.3707
43.3739
43.3728
43.3673
43.3575
43.3433
43.3248
43.302
43.2749
43.2434
43.2076
43.1674
43.123
43.0742
43.0211
42.9637
42.902
42.836
42.7657
42.6912
42.6123
42.5292
42.4418
42.3502
42.2543
42.1542
42.0499
41.9414
41.8286
41.7117
41.5905
41.4652
41.3358
41.2022
41.0644
40.9226
40.7766
40.6265
40.4724
40.3142
40.152
39.9857
39.8154
39.6411
39.4628
39.2806
39.0944
38.9043
38.7103
38.5124
38.3106
38.105
37.8955
37.6822
37.4652
37.2443
37.0197
36.7914
36.5594
36.3238
36.0844
35.8414
35.5949
35.3447
35.091
34.8337
34.5729
34.3087
34.041
33.7698
33.4953
33.2174
32.9361
32.6515
32.3636
32.0725
31.7781
31.4805
31.1797
30.8758
30.5688
30.2586
29.9455
29.6293
29.3101
28.9879
28.6628
28.3348
28.0039
27.6702
27.3337
26.9945
26.6525
26.3078
25.9604
25.6104
25.2578
24.9027
24.545
24.1849
23.8222
23.4572
23.0898
22.72
22.3479
21.9736
21.597
21.2182
20.8373
20.4542
20.0691
19.6819
19.2927
18.9015
18.5084
18.1135
17.7166
17.318
16.9176
16.5154
16.1116
15.7061
15.299
14.8903
14.4801
14.0684
13.6553
13.2407
12.8248
12.4076
11.989
11.5693
11.1483
10.7262
10.303
9.87866
9.45333
9.027
8.59974
8.17157
7.74253
7.31269
6.88206
6.45071
6.01867
5.58598
5.15269
4.71885
4.28448
3.84965
3.41439
2.97874
2.54275
2.10646
1.66992
1.23317
0.796249
0.359206
-0.0779157
-0.515074
-0.952224
-1.38932
-1.82633
-2.26319
-2.69987
-3.13633
-3.57251
-4.00839
-4.4439
-4.87901
-5.31368
-5.74787
-6.18152
-6.61459
-7.04705
-7.47884
-7.90993
-8.34028
-8.76983
-9.19855
-9.62639
-10.0533
-10.4793
-10.9042
-11.3281
-11.7509
-12.1726
-12.5931
-13.0124
-13.4305
-13.8472
-14.2626
-14.6766
-15.0891
-15.5003
-15.9099
-16.3179
-16.7244
-17.1292
-17.5323
-17.9338
-18.3335
-18.7314
-19.1274
-19.5216
-19.9139
-20.3042
-20.6925
-21.0788
-21.4631
-21.8452
-22.2252
-22.603
-22.9785
-23.3518
-23.7229
-24.0915
-24.4578
-24.8217
-25.1832
-25.5421
-25.8986
-26.2525
-26.6038
-26.9525
-27.2985
-27.6418
-27.9824
-28.3202
-28.6553
-28.9875
-29.3168
-29.6432
-29.9668
-30.2873
-30.6048
-30.9193
-31.2308
-31.5392
-31.8444
-32.1465
-32.4454
-32.7411
-33.0335
-33.3227
-33.6085
-33.8911
-34.1702
-34.446
-34.7184
-34.9873
-35.2528
-35.5147
-35.7731
-36.028
-36.2793
-36.527
-36.7711
-37.0115
-37.2482
-37.4812
-37.7106
-37.9361
-38.1579
-38.3759
-38.5901
-38.8004
-39.0069
-39.2095
-39.4082
-39.603
-39.7938
-39.9807
-40.1636
-40.3425
-40.5174
-40.6883
-40.8551
-41.0178
-41.1764
-41.331
-41.4814
-41.6277
-41.7699
-41.9078
-42.0416
-42.1713
-42.2967
-42.4179
-42.5348
-42.6475
-42.756
-42.8602
-42.9602
-43.0558
-43.1471
-43.2342
-43.3169
-43.3953
-43.4694
-43.5391
-43.6045
-43.6655
-43.7222
-43.7745
-43.8224
-43.866
-43.9052
-43.9399
-43.9703
-43.9963
-44.0179
-44.0352
-44.048
-44.0564
-44.0604
-44.0599
-44.0551
-44.0459
-44.0323
-44.0142
-43.9918
-43.965
-43.9337
-43.8981
-43.8581
-43.8136
-43.7648
-43.7117
-43.6541
-43.5922
-43.5259
-43.4552
-43.3802
-43.3008
-43.2172
-43.1291
-43.0368
-42.9401
-42.8392
-42.7339
-42.6244
-42.5106
-42.3925
-42.2702
-42.1436
-42.0128
-41.8778
-41.7386
-41.5952
-41.4476
-41.2959
-41.14
-40.98
-40.8159
-40.6477
-40.4754
-40.299
-40.1186
-39.9342
-39.7457
-39.5533
-39.3569
-39.1565
-38.9522
-38.744
-38.5318
-38.3158
-38.096
-37.8723
-37.6448
-37.4135
-37.1785
-36.9397
-36.6972
-36.451
-36.2012
-35.9477
-35.6905
-35.4298
-35.1655
-34.8977
-34.6263
-34.3515
-34.0732
-33.7914
-33.5063
-33.2178
-32.9259
-32.6307
-32.3322
-32.0304
-31.7254
-31.4173
-31.1059
-30.7914
-30.4738
-30.1531
-29.8293
-29.5026
-29.1728
-28.8401
-28.5045
-28.166
-27.8247
-27.4805
-27.1336
-26.7839
-26.4315
-26.0764
-25.7187
-25.3584
-24.9955
-24.63
-24.2621
-23.8917
-23.5189
-23.1436
-22.7661
-22.3862
-22.004
-21.6196
-21.233
-20.8443
-20.4534
-20.0604
-19.6654
-19.2684
-18.8694
-18.4685
-18.0657
-17.661
-17.2546
-16.8463
-16.4364
-16.0248
-15.6115
-15.1966
-14.7802
-14.3622
-13.9428
-13.5219
-13.0996
-12.676
-12.2511
-11.8249
-11.3975
-10.9689
-10.5391
-10.1083
-9.6764
-9.24349
-8.80962
-8.37483
-7.93915
-7.50263
-7.06532
-6.62726
-6.1885
-5.74907
-5.30902
-4.8684
-4.42724
-3.9856
-3.54352
-3.10104
-2.6582
-2.21506
-1.77164
-1.32801
-0.8842
-0.440257
0.00377503
0.447851
0.891926
1.33596
1.7799
2.22371
2.66734
3.11074
3.55388
3.99671
4.43919
4.88126
5.32289
5.76404
6.20465
6.64468
7.08409
7.52284
7.96088
8.39817
8.83467
9.27032
9.70509
10.1389
10.5718
11.0037
11.4345
11.8642
12.2927
12.7201
13.1462
13.5711
13.9946
14.4168
14.8376
15.257
15.6749
16.0912
16.506
16.9192
17.3307
17.7405
18.1486
18.5549
18.9594
19.3621
19.7628
20.1617
20.5585
20.9533
21.3461
21.7368
22.1253
22.5117
22.8958
23.2777
23.6573
24.0346
24.4095
24.7821
25.1521
25.5197
25.8848
26.2473
26.6073
26.9646
27.3193
27.6712
28.0204
28.3669
28.7106
29.0514
29.3893
29.7244
30.0565
30.3856
30.7117
31.0348
31.3548
31.6718
31.9855
32.2962
32.6036
32.9077
33.2087
33.5063
33.8006
34.0916
34.3792
34.6633
34.9441
35.2213
35.4951
35.7654
36.0321
36.2952
36.5547
36.8106
37.0628
37.3114
37.5562
37.7974
38.0347
38.2683
38.4981
38.724
38.9461
39.1644
39.3787
39.5891
39.7956
39.9981
40.1967
40.3912
40.5817
40.7682
40.9507
41.129
41.3033
41.4734
41.6394
41.8013
41.959
42.1125
42.2618
42.4069
42.5478
42.6845
42.8169
42.945
43.0688
43.1884
43.3036
43.4145
43.5211
43.6234
43.7213
43.8148
43.904
43.9887
44.0691
44.1451
44.2167
44.2839
44.3466
44.4049
44.4588
44.5083
44.5533
44.5938
44.6299
44.6615
44.6887
44.7114
44.7297
44.7434
44.7527
44.7575
44.7579
44.7537
44.7451
44.732
44.7145
44.6924
44.6659
44.635
44.5995
44.5596
44.5153
44.4664
44.4132
44.3555
44.2933
44.2267
44.1557
44.0802
44.0004
43.9161
43.8274
43.7344
43.6369
43.5351
43.4289
43.3184
43.2035
43.0843
42.9608
42.8329
42.7008
42.5644
42.4237
42.2787
42.1296
41.9761
41.8185
41.6567
41.4907
41.3205
41.1462
40.9677
40.7852
40.5985
40.4078
40.213
40.0141
39.8112
39.6044
39.3935
39.1787
38.96
38.7373
38.5107
38.2803
38.046
37.8079
37.566
37.3203
37.0708
36.8176
36.5607
36.3002
36.0359
35.7681
35.4966
35.2216
34.943
34.6608
34.3752
34.0862
33.7936
33.4977
33.1984
32.8958
32.5898
32.2805
31.968
31.6523
31.3333
31.0112
30.686
30.3576
30.0262
29.6918
29.3543
29.0139
28.6705
28.3243
27.9751
27.6232
27.2684
26.9109
26.5507
26.1877
25.8222
25.4539
25.0832
24.7098
24.334
23.9557
23.5749
23.1918
22.8063
22.4184
22.0283
21.636
21.2414
20.8447
20.4459
20.045
19.642
19.2371
18.8301
18.4213
18.0105
17.5979
17.1836
16.7674
16.3496
15.93
15.5089
15.0861
14.6618
14.2359
13.8087
13.3799
12.9498
12.5184
12.0857
11.6517
11.2165
10.7802
10.3427
9.90414
9.46455
9.02397
8.58245
8.14002
7.69674
7.25264
6.80777
6.36217
5.9159
5.46899
5.02149
4.57344
4.12488
3.67588
3.22645
2.77667
2.32655
1.87616
1.42554
0.974733
0.523781
0.0727315
-0.37837
-0.82948
-1.28055
-1.73154
-2.1824
-2.63309
-3.08356
-3.53376
-3.98366
-4.4332
-4.88235
-5.33105
-5.77926
-6.22695
-6.67405
-7.12053
-7.56634
-8.01144
-8.45579
-8.89933
-9.34203
-9.78383
-10.2247
-10.6646
-11.1035
-11.5413
-11.978
-12.4135
-12.8479
-13.281
-13.7128
-14.1433
-14.5724
-15.0001
-15.4263
-15.8511
-16.2743
-16.6959
-17.1159
-17.5342
-17.9508
-18.3657
-18.7788
-19.19
-19.5993
-20.0068
-20.4122
-20.8157
-21.2171
-21.6165
-22.0137
-22.4087
-22.8016
-23.1922
-23.5806
-23.9666
-24.3502
-24.7315
-25.1103
-25.4867
-25.8605
-26.2318
-26.6006
-26.9666
-27.3301
-27.6908
-28.0488
-28.404
-28.7565
-29.106
-29.4527
-29.7965
-30.1374
-30.4753
-30.8101
-31.1419
-31.4707
-31.7963
-32.1188
-32.438
-32.7541
-33.067
-33.3765
-33.6828
-33.9857
-34.2852
-34.5814
-34.8741
-35.1634
-35.4491
-35.7314
-36.0101
-36.2852
-36.5568
-36.8247
-37.0889
-37.3495
-37.6064
-37.8595
-38.1089
-38.3544
-38.5962
-38.8342
-39.0682
-39.2984
-39.5247
-39.7471
-39.9655
-40.1799
-40.3903
-40.5967
-40.7991
-40.9974
-41.1917
-41.3818
-41.5678
-41.7497
-41.9274
-42.1009
-42.2703
-42.4354
-42.5964
-42.753
-42.9054
-43.0536
-43.1974
-43.337
-43.4722
-43.6031
-43.7296
-43.8518
-43.9696
-44.083
-44.1921
-44.2967
-44.3969
-44.4926
-44.584
-44.6708
-44.7533
-44.8312
-44.9047
-44.9737
-45.0382
-45.0982
-45.1537
-45.2047
-45.2512
-45.2931
-45.3306
-45.3635
-45.3918
-45.4157
-45.435
-45.4497
-45.4599
-45.4656
-45.4667
-45.4633
-45.4553
-45.4428
-45.4257
-45.4041
-45.378
-45.3473
-45.312
-45.2723
-45.228
-45.1792
-45.1258
-45.0679
-45.0056
-44.9387
-44.8673
-44.7914
-44.7111
-44.6262
-44.5369
-44.4431
-44.3449
-44.2422
-44.1351
-44.0236
-43.9076
-43.7873
-43.6625
-43.5334
-43.3999
-43.2621
-43.1199
-42.9734
-42.8226
-42.6675
-42.5081
-42.3444
-42.1765
-42.0043
-41.828
-41.6474
-41.4626
-41.2737
-41.0807
-40.8835
-40.6822
-40.4768
-40.2673
-40.0538
-39.8363
-39.6148
-39.3893
-39.1598
-38.9264
-38.689
-38.4478
-38.2027
-37.9538
-37.701
-37.4444
-37.1841
-36.92
-36.6523
-36.3808
-36.1056
-35.8269
-35.5445
-35.2585
-34.9689
-34.6759
-34.3793
-34.0793
-33.7759
-33.469
-33.1587
-32.8451
-32.5282
-32.208
-31.8846
-31.5579
-31.2281
-30.8951
-30.5589
-30.2197
-29.8774
-29.5321
-29.1838
-28.8326
-28.4784
-28.1214
-27.7615
-27.3988
-27.0333
-26.6651
-26.2942
-25.9206
-25.5444
-25.1656
-24.7842
-24.4003
-24.014
-23.6252
-23.234
-22.8404
-22.4445
-22.0463
-21.6459
-21.2433
-20.8385
-20.4316
-20.0226
-19.6116
-19.1985
-18.7835
-18.3666
-17.9478
-17.5272
-17.1048
-16.6806
-16.2547
-15.8271
-15.3979
-14.9672
-14.5349
-14.101
-13.6658
-13.2291
-12.7911
-12.3517
-11.9111
-11.4692
-11.0262
-10.5819
-10.1366
-9.69026
-9.24287
-8.79452
-8.34524
-7.89508
-7.44409
-6.99231
-6.53978
-6.08655
-5.63267
-5.17818
-4.72313
-4.26756
-3.81152
-3.35505
-2.8982
-2.44102
-1.98354
-1.52582
-1.06791
-0.609837
-0.15166
0.306578
0.764831
1.22305
1.6812
2.13922
2.59708
3.05472
3.5121
3.96918
4.4259
4.88223
5.33812
5.79351
6.24838
6.70266
7.15632
7.60931
8.06158
8.5131
8.9638
9.41366
9.86262
10.3106
10.7577
11.2037
11.6486
12.0924
12.535
12.9765
13.4166
13.8555
14.2931
14.7292
15.1639
15.5972
16.0289
16.4591
16.8877
17.3146
17.7398
18.1633
18.585
19.005
19.423
19.8392
20.2534
20.6656
21.0758
21.484
21.89
22.2939
22.6956
23.095
23.4922
23.8871
24.2796
24.6698
25.0575
25.4427
25.8255
26.2057
26.5833
26.9583
27.3306
27.7003
28.0672
28.4313
28.7927
29.1512
29.5068
29.8595
30.2092
30.556
30.8997
31.2404
31.578
31.9124
32.2438
32.5719
32.8968
33.2184
33.5368
33.8518
34.1635
34.4717
34.7766
35.078
35.376
35.6704
35.9613
36.2487
36.5324
36.8125
37.089
37.3618
37.6308
37.8962
38.1577
38.4155
38.6695
38.9196
39.1658
39.4082
39.6467
39.8812
40.1117
40.3383
40.5608
40.7793
40.9938
41.2041
41.4104
41.6126
41.8106
42.0044
42.1941
42.3796
42.5608
42.7379
42.9106
43.0791
43.2433
43.4032
43.5587
43.71
43.8568
43.9993
44.1374
44.2711
44.4004
44.5253
44.6457
44.7617
44.8732
44.9802
45.0828
45.1808
45.2744
45.3634
45.4479
45.5279
45.6033
45.6741
45.7404
45.8022
45.8593
45.9119
45.9599
46.0033
46.0421
46.0763
46.1059
46.1309
46.1513
46.1671
46.1782
46.1848
46.1867
46.184
46.1767
46.1647
46.1482
46.127
46.1012
46.0708
46.0358
45.9962
45.952
45.9032
45.8498
45.7918
45.7292
45.662
45.5903
45.514
45.4331
45.3477
45.2577
45.1632
45.0642
44.9607
44.8526
44.7401
44.6231
44.5016
44.3756
44.2452
44.1103
43.9711
43.8274
43.6793
43.5268
43.37
43.2088
43.0433
42.8735
42.6993
42.5209
42.3382
42.1512
41.96
41.7646
41.565
41.3612
41.1533
40.9412
40.7251
40.5048
40.2804
40.052
39.8196
39.5832
39.3427
39.0984
38.8501
38.5978
38.3417
38.0818
37.818
37.5504
37.279
37.0038
36.725
36.4424
36.1561
35.8662
35.5727
35.2757
34.975
34.6708
34.3632
34.052
33.7374
33.4195
33.0981
32.7734
32.4454
32.1141
31.7796
31.4418
31.1009
30.7569
30.4097
30.0594
29.7061
29.3498
28.9906
28.6284
28.2633
27.8953
27.5245
27.1509
26.7746
26.3956
26.0138
25.6295
25.2425
24.853
24.4609
24.0664
23.6694
23.27
22.8683
22.4642
22.0578
21.6492
21.2384
20.8254
20.4103
19.9931
19.5738
19.1526
18.7294
18.3043
17.8773
17.4485
17.0179
16.5856
16.1515
15.7158
15.2785
14.8396
14.3992
13.9573
13.514
13.0692
12.6231
12.1757
11.7271
11.2772
10.8261
10.374
9.92071
9.46641
9.01112
8.55489
8.09775
7.63976
7.18096
6.72139
6.26111
5.80015
5.33857
4.87641
4.41371
3.95053
3.4869
3.02288
2.55852
2.09384
1.62892
1.16378
0.698483
0.233067
-0.232418
-0.697927
-1.16341
-1.62883
-2.09413
-2.55926
-3.02419
-3.48886
-3.95323
-4.41725
-4.88087
-5.34406
-5.80675
-6.26891
-6.73049
-7.19144
-7.65172
-8.11128
-8.57008
-9.02806
-9.48519
-9.94141
-10.3967
-10.851
-11.3042
-11.7564
-12.2074
-12.6572
-13.1059
-13.5532
-13.9993
-14.444
-14.8873
-15.3291
-15.7695
-16.2083
-16.6456
-17.0812
-17.5152
-17.9475
-18.378
-18.8067
-19.2336
-19.6586
-20.0816
-20.5028
-20.9219
-21.3389
-21.7539
-22.1667
-22.5773
-22.9858
-23.3919
-23.7958
-24.1973
-24.5965
-24.9932
-25.3875
-25.7793
-26.1685
-26.5552
-26.9392
-27.3206
-27.6993
-28.0753
-28.4485
-28.8189
-29.1864
-29.5511
-29.9128
-30.2716
-30.6274
-30.9801
-31.3298
-31.6765
-32.0199
-32.3602
-32.6973
-33.0312
-33.3618
-33.6891
-34.013
-34.3336
-34.6508
-34.9646
-35.2749
-35.5817
-35.8849
-36.1846
-36.4808
-36.7733
-37.0621
-37.3473
-37.6287
-37.9065
-38.1805
-38.4506
-38.717
-38.9795
-39.2382
-39.4929
-39.7437
-39.9906
-40.2335
-40.4724
-40.7073
-40.9381
-41.1649
-41.3875
-41.6061
-41.8205
-42.0307
-42.2368
-42.4387
-42.6363
-42.8297
-43.0189
-43.2037
-43.3843
-43.5605
-43.7324
-43.8999
-44.0631
-44.2218
-44.3762
-44.5261
-44.6716
-44.8127
-44.9493
-45.0814
-45.209
-45.3321
-45.4507
-45.5647
-45.6742
-45.7792
-45.8795
-45.9753
-46.0666
-46.1532
-46.2352
-46.3126
-46.3853
-46.4535
-46.517
-46.5758
-46.63
-46.6796
-46.7245
-46.7647
-46.8002
-46.8311
-46.8573
-46.8788
-46.8956
-46.9077
-46.9151
-46.9179
-46.9159
-46.9093
-46.898
-46.882
-46.8613
-46.8359
-46.8058
-46.771
-46.7316
-46.6874
-46.6386
-46.5852
-46.527
-46.4643
-46.3968
-46.3247
-46.248
-46.1666
-46.0807
-45.9901
-45.8948
-45.795
-45.6906
-45.5817
-45.4681
-45.35
-45.2274
-45.1002
-44.9685
-44.8322
-44.6915
-44.5463
-44.3967
-44.2425
-44.084
-43.921
-43.7536
-43.5818
-43.4056
-43.2251
-43.0403
-42.8511
-42.6576
-42.4598
-42.2578
-42.0515
-41.841
-41.6263
-41.4074
-41.1843
-40.9571
-40.7258
-40.4904
-40.2509
-40.0073
-39.7598
-39.5082
-39.2527
-38.9932
-38.7298
-38.4624
-38.1913
-37.9162
-37.6374
-37.3547
-37.0683
-36.7782
-36.4843
-36.1868
-35.8856
-35.5808
-35.2724
-34.9605
-34.645
-34.326
-34.0036
-33.6777
-33.3485
-33.0158
-32.6799
-32.3406
-31.9981
-31.6523
-31.3033
-30.9512
-30.5959
-30.2376
-29.8762
-29.5117
-29.1443
-28.7739
-28.4006
-28.0244
-27.6454
-27.2636
-26.879
-26.4917
-26.1017
-25.7091
-25.3138
-24.916
-24.5156
-24.1128
-23.7075
-23.2998
-22.8897
-22.4773
-22.0626
-21.6456
-21.2264
-20.8051
-20.3817
-19.9562
-19.5286
-19.099
-18.6675
-18.2341
-17.7988
-17.3617
-16.9228
-16.4822
-16.0399
-15.5959
-15.1503
-14.7032
-14.2546
-13.8044
-13.3529
-12.9
-12.4457
-11.9902
-11.5334
-11.0754
-10.6163
-10.156
-9.69469
-9.23236
-8.76906
-8.30484
-7.83974
-7.37381
-6.9071
-6.43965
-5.97151
-5.50272
-5.03334
-4.56341
-4.09297
-3.62208
-3.15078
-2.67911
-2.20713
-1.73489
-1.26242
-0.789779
-0.317012
0.155834
0.628711
1.10157
1.57437
2.04706
2.51959
2.99192
3.464
3.93577
4.4072
4.87824
5.34883
5.81894
6.28851
6.7575
7.22586
7.69355
8.16051
8.62671
9.09208
9.5566
10.0202
10.4829
10.9445
11.4051
11.8646
12.323
12.7802
13.2361
13.6908
14.1441
14.5961
15.0467
15.4958
15.9433
16.3894
16.8338
17.2767
17.7178
18.1572
18.5948
19.0306
19.4646
19.8967
20.3268
20.7549
21.181
21.605
22.0269
22.4466
22.8641
23.2794
23.6924
24.1031
24.5114
24.9173
25.3207
25.7216
26.1201
26.5159
26.9091
27.2997
27.6876
28.0727
28.4551
28.8347
29.2115
29.5853
29.9562
30.3242
30.6892
31.0511
31.41
31.7658
32.1184
32.4679
32.8141
33.1571
33.4968
33.8332
34.1663
34.4959
34.8222
35.145
35.4643
35.7801
36.0923
36.401
36.7061
37.0075
37.3053
37.5993
37.8896
38.1762
38.459
38.7379
39.0131
39.2843
39.5516
39.815
40.0745
40.33
40.5814
40.8289
41.0722
41.3115
41.5467
41.7778
42.0047
42.2274
42.4459
42.6602
42.8703
43.0761
43.2776
43.4747
43.6676
43.8561
44.0403
44.22
44.3954
44.5663
44.7328
44.8949
45.0525
45.2055
45.3541
45.4982
45.6377
45.7726
45.9031
46.0289
46.1501
46.2668
46.3788
46.4862
46.5889
46.687
46.7805
46.8693
46.9534
47.0328
47.1075
47.1775
47.2428
47.3034
47.3593
47.4104
47.4568
47.4984
47.5353
47.5675
47.5949
47.6176
47.6354
47.6486
47.6569
47.6605
47.6594
47.6534
47.6427
47.6273
47.6071
47.5821
47.5523
47.5178
47.4785
47.4345
47.3858
47.3322
47.274
47.211
47.1433
47.0709
46.9937
46.9119
46.8253
46.7341
46.6382
46.5376
46.4323
46.3224
46.2079
46.0887
45.9649
45.8364
45.7034
45.5658
45.4237
45.2769
45.1257
44.9699
44.8096
44.6448
44.4755
44.3017
44.1235
43.9409
43.7539
43.5624
43.3666
43.1664
42.9619
42.7531
42.54
42.3226
42.101
41.8751
41.645
41.4107
41.1723
40.9297
40.683
40.4322
40.1774
39.9185
39.6555
39.3886
39.1177
38.8429
38.5642
38.2816
37.9951
37.7048
37.4107
37.1129
36.8112
36.5059
36.1969
35.8843
35.568
35.2481
34.9247
34.5978
34.2674
33.9335
33.5961
33.2554
32.9114
32.564
32.2133
31.8593
31.5022
31.1418
30.7783
30.4117
30.042
29.6692
29.2935
28.9148
28.5332
28.1486
27.7613
27.3711
26.9781
26.5824
26.184
25.7829
25.3792
24.973
24.5641
24.1529
23.7391
23.3229
22.9044
22.4835
22.0603
21.6349
21.2073
20.7775
20.3456
19.9116
19.4756
19.0376
18.5977
18.1558
17.7121
17.2665
16.8192
16.3702
15.9195
15.4671
15.0132
14.5577
14.1007
13.6423
13.1824
12.7212
12.2586
11.7948
11.3298
10.8636
10.3962
9.92779
9.45831
8.98784
8.51642
8.04411
7.57094
7.09697
6.62225
6.14681
5.67071
5.194
4.71672
4.23892
3.76065
3.28195
2.80288
2.32348
1.8438
1.36389
0.883788
0.403555
-0.076767
-0.557129
-1.03748
-1.51778
-1.99798
-2.47802
-2.95786
-3.43746
-3.91676
-4.39572
-4.87428
-5.3524
-5.83004
-6.30714
-6.78366
-7.25955
-7.73476
-8.20925
-8.68296
-9.15585
-9.62787
-10.099
-10.5691
-11.0382
-11.5063
-11.9733
-12.4391
-12.9037
-13.3671
-13.8292
-14.29
-14.7493
-15.2073
-15.6637
-16.1187
-16.5721
-17.0238
-17.474
-17.9224
-18.369
-18.8139
-19.2569
-19.6981
-20.1373
-20.5745
-21.0098
-21.443
-21.8741
-22.303
-22.7297
-23.1543
-23.5765
-23.9964
-24.414
-24.8292
-25.2419
-25.6522
-26.0599
-26.4651
-26.8676
-27.2675
-27.6647
-28.0592
-28.451
-28.8399
-29.226
-29.6092
-29.9894
-30.3667
-30.7411
-31.1123
-31.4805
-31.8456
-32.2076
-32.5663
-32.9219
-33.2741
-33.6231
-33.9688
-34.3111
-34.65
-34.9854
-35.3175
-35.646
-35.9709
-36.2923
-36.6102
-36.9243
-37.2349
-37.5417
-37.8448
-38.1441
-38.4397
-38.7315
-39.0194
-39.3034
-39.5835
-39.8597
-40.132
-40.4003
-40.6645
-40.9247
-41.1808
-41.4329
-41.6808
-41.9246
-42.1642
-42.3996
-42.6309
-42.8578
-43.0805
-43.299
-43.5131
-43.7228
-43.9283
-44.1293
-44.326
-44.5183
-44.7061
-44.8894
-45.0683
-45.2427
-45.4126
-45.578
-45.7389
-45.8951
-46.0468
-46.194
-46.3365
-46.4744
-46.6076
-46.7362
-46.8602
-46.9795
-47.094
-47.2039
-47.3091
-47.4096
-47.5053
-47.5963
-47.6825
-47.764
-47.8407
-47.9127
-47.9798
-48.0422
-48.0997
-48.1525
-48.2004
-48.2436
-48.2819
-48.3154
-48.344
-48.3679
-48.3869
-48.401
-48.4103
-48.4148
-48.4144
-48.4092
-48.3992
-48.3843
-48.3646
-48.34
-48.3106
-48.2764
-48.2373
-48.1934
-48.1447
-48.0912
-48.0328
-47.9697
-47.9017
-47.8289
-47.7514
-47.669
-47.5819
-47.4901
-47.3934
-47.292
-47.1859
-47.0751
-46.9595
-46.8392
-46.7142
-46.5846
-46.4503
-46.3113
-46.1676
-46.0194
-45.8665
-45.709
-45.5469
-45.3803
-45.2091
-45.0334
-44.8531
-44.6684
-44.4791
-44.2854
-44.0872
-43.8847
-43.6777
-43.4663
-43.2505
-43.0304
-42.806
-42.5773
-42.3443
-42.107
-41.8655
-41.6198
-41.3699
-41.1159
-40.8577
-40.5954
-40.329
-40.0585
-39.784
-39.5055
-39.2231
-38.9367
-38.6463
-38.3521
-38.054
-37.752
-37.4463
-37.1368
-36.8235
-36.5066
-36.1859
-35.8616
-35.5337
-35.2022
-34.8671
-34.5285
-34.1864
-33.8409
-33.492
-33.1396
-32.784
-32.425
-32.0627
-31.6972
-31.3285
-30.9566
-30.5816
-30.2034
-29.8223
-29.4381
-29.0509
-28.6608
-28.2678
-27.8719
-27.4731
-27.0716
-26.6674
-26.2604
-25.8508
-25.4385
-25.0237
-24.6063
-24.1864
-23.7641
-23.3393
-22.9122
-22.4827
-22.051
-21.6169
-21.1807
-20.7423
-20.3018
-19.8593
-19.4147
-18.9681
-18.5196
-18.0691
-17.6168
-17.1628
-16.7069
-16.2494
-15.7901
-15.3293
-14.8668
-14.4028
-13.9374
-13.4705
-13.0022
-12.5326
-12.0616
-11.5894
-11.116
-10.6415
-10.1658
-9.68907
-9.21132
-8.7326
-8.25296
-7.77245
-7.29111
-6.809
-6.32615
-5.84263
-5.35847
-4.87372
-4.38845
-3.90268
-3.41648
-2.92988
-2.44294
-1.95571
-1.46824
-0.980572
-0.492755
-0.00484101
0.483123
0.971087
1.459
1.94682
2.43449
2.92197
3.40921
3.89615
4.38275
4.86896
5.35474
5.84002
6.32477
6.80894
7.29248
7.77533
8.25745
8.7388
9.21932
9.69897
10.1777
10.6555
11.1322
11.6079
12.0824
12.5558
13.028
13.4989
13.9686
14.4369
14.9037
15.3692
15.8331
16.2955
16.7564
17.2156
17.6731
18.1289
18.5829
19.0352
19.4855
19.934
20.3805
20.825
21.2675
21.7079
22.1462
22.5823
23.0162
23.4478
23.8771
24.3041
24.7287
25.1509
25.5706
25.9877
26.4024
26.8144
27.2238
27.6305
28.0344
28.4356
28.8341
29.2296
29.6223
30.0121
30.3989
30.7827
31.1634
31.5411
31.9157
32.2871
32.6553
33.0203
33.382
33.7404
34.0955
34.4472
34.7955
35.1404
35.4817
35.8196
36.1539
36.4846
36.8117
37.1352
37.455
37.7711
38.0834
38.3919
38.6967
38.9976
39.2946
39.5878
39.877
40.1622
40.4435
40.7207
40.9939
41.263
41.528
41.7889
42.0457
42.2982
42.5466
42.7907
43.0306
43.2662
43.4975
43.7245
43.9471
44.1653
44.3792
44.5886
44.7936
44.9942
45.1902
45.3818
45.5688
45.7513
45.9293
46.1026
46.2714
46.4356
46.5951
46.75
46.9003
47.0458
47.1867
47.3229
47.4543
47.581
47.703
47.8202
47.9326
48.0403
48.1432
48.2412
48.3345
48.4229
48.5065
48.5852
48.6591
48.7282
48.7924
48.8517
48.9061
48.9556
49.0003
49.04
49.0749
49.1048
49.1298
49.15
49.1652
49.1755
49.1809
49.1813
49.1769
49.1675
49.1532
49.134
49.1099
49.0809
49.0469
49.0081
48.9643
48.9157
48.8621
48.8037
48.7403
48.6721
48.599
48.5211
48.4383
48.3506
48.2581
48.1607
48.0586
47.9516
47.8398
47.7232
47.6018
47.4757
47.3448
47.2091
47.0687
46.9236
46.7738
46.6193
46.4601
46.2963
46.1278
45.9547
45.7769
45.5946
45.4077
45.2162
45.0202
44.8197
44.6147
44.4052
44.1912
43.9728
43.7499
43.5227
43.2911
43.0551
42.8149
42.5703
42.3214
42.0683
41.8109
41.5493
41.2836
41.0137
40.7396
40.4615
40.1793
39.893
39.6028
39.3085
39.0103
38.7081
38.4021
38.0921
37.7784
37.4608
37.1394
36.8143
36.4855
36.153
35.8169
35.4771
35.1338
34.7869
34.4365
34.0826
33.7253
33.3646
33.0004
32.633
32.2623
31.8883
31.511
31.1306
30.747
30.3604
29.9706
29.5778
29.182
28.7833
28.3816
27.977
27.5697
27.1595
26.7465
26.3309
25.9126
25.4916
25.068
24.6419
24.2133
23.7822
23.3488
22.9129
22.4747
22.0342
21.5914
21.1465
20.6994
20.2501
19.7988
19.3455
18.8902
18.433
17.9739
17.5129
17.0501
16.5856
16.1194
15.6515
15.182
14.711
14.2384
13.7644
13.2889
12.812
12.3339
11.8544
11.3737
10.8919
10.4088
9.92474
9.4396
8.95346
8.46639
7.97841
7.48959
6.99998
6.50961
6.01854
5.52682
5.0345
4.54163
4.04826
3.55443
3.06019
2.5656
2.07071
1.57555
1.08019
0.584676
0.0890508
-0.406633
-0.902326
-1.39798
-1.89354
-2.38896
-2.88419
-3.37919
-3.87389
-4.36826
-4.86224
-5.35578
-5.84884
-6.34136
-6.8333
-7.3246
-7.81522
-8.30511
-8.79421
-9.28249
-9.76988
-10.2563
-10.7418
-11.2263
-11.7097
-12.192
-12.6731
-13.1529
-13.6315
-14.1088
-14.5848
-15.0593
-15.5324
-16.0039
-16.4739
-16.9423
-17.4091
-17.8741
-18.3375
-18.799
-19.2587
-19.7165
-20.1724
-20.6263
-21.0782
-21.5281
-21.9758
-22.4214
-22.8648
-23.3059
-23.7448
-24.1813
-24.6154
-25.0472
-25.4764
-25.9032
-26.3274
-26.749
-27.168
-27.5844
-27.998
-28.4088
-28.8169
-29.2221
-29.6244
-30.0238
-30.4202
-30.8137
-31.204
-31.5914
-31.9755
-32.3566
-32.7344
-33.109
-33.4803
-33.8484
-34.213
-34.5743
-34.9322
-35.2866
-35.6375
-35.9849
-36.3287
-36.6689
-37.0055
-37.3384
-37.6676
-37.9931
-38.3148
-38.6327
-38.9468
-39.2571
-39.5634
-39.8658
-40.1642
-40.4587
-40.7491
-41.0355
-41.3179
-41.5961
-41.8702
-42.1401
-42.4058
-42.6674
-42.9247
-43.1777
-43.4264
-43.6708
-43.9109
-44.1466
-44.3779
-44.6048
-44.8272
-45.0452
-45.2587
-45.4678
-45.6722
-45.8722
-46.0675
-46.2583
-46.4445
-46.626
-46.803
-46.9752
-47.1428
-47.3056
-47.4638
-47.6172
-47.7659
-47.9098
-48.0489
-48.1833
-48.3128
-48.4375
-48.5574
-48.6725
-48.7826
-48.888
-48.9884
-49.084
-49.1746
-49.2604
-49.3412
-49.4171
-49.4881
-49.5541
-49.6152
-49.6713
-49.7225
-49.7687
-49.8099
-49.8461
-49.8774
-49.9037
-49.925
-49.9413
-49.9526
-49.9589
-49.9602
-49.9566
-49.9479
-49.9342
-49.9156
-49.8919
-49.8633
-49.8296
-49.791
-49.7474
-49.6988
-49.6453
-49.5867
-49.5232
-49.4548
-49.3814
-49.303
-49.2197
-49.1315
-49.0384
-48.9403
-48.8374
-48.7295
-48.6168
-48.4992
-48.3767
-48.2494
-48.1172
-47.9803
-47.8385
-47.6919
-47.5405
-47.3844
-47.2235
-47.0578
-46.8875
-46.7124
-46.5327
-46.3482
-46.1591
-45.9654
-45.7671
-45.5642
-45.3567
-45.1446
-44.928
-44.7069
-44.4813
-44.2512
-44.0167
-43.7778
-43.5344
-43.2867
-43.0346
-42.7782
-42.5175
-42.2525
-41.9833
-41.7098
-41.4322
-41.1503
-40.8643
-40.5742
-40.2801
-39.9818
-39.6796
-39.3733
-39.0631
-38.7489
-38.4308
-38.1089
-37.7831
-37.4535
-37.1201
-36.783
-36.4421
-36.0976
-35.7495
-35.3977
-35.0423
-34.6835
-34.3211
-33.9552
-33.5859
-33.2132
-32.8372
-32.4578
-32.0752
-31.6893
-31.3002
-30.9079
-30.5125
-30.114
-29.7125
-29.3079
-28.9004
-28.4899
-28.0766
-27.6604
-27.2414
-26.8196
-26.3951
-25.9679
-25.5381
-25.1057
-24.6707
-24.2333
-23.7933
-23.351
-22.9062
-22.4591
-22.0098
-21.5581
-21.1043
-20.6483
-20.1903
-19.7301
-19.2679
-18.8038
-18.3377
-17.8698
-17.4
-16.9284
-16.4551
-15.9801
-15.5035
-15.0252
-14.5454
-14.0641
-13.5814
-13.0972
-12.6117
-12.1249
-11.6368
-11.1475
-10.657
-10.1654
-9.67277
-9.1791
-8.68447
-8.18893
-7.69251
-7.19527
-6.69727
-6.19855
-5.69915
-5.19914
-4.69856
-4.19745
-3.69588
-3.19389
-2.69152
-2.18884
-1.68589
-1.18272
-0.679381
-0.175924
0.327601
0.831143
1.33465
1.83808
2.34137
2.84448
3.34736
3.84995
4.3522
4.85407
5.35551
5.85646
6.35688
6.8567
7.3559
7.85441
8.35218
8.84916
9.34532
9.84058
10.3349
10.8283
11.3206
11.8118
12.3019
12.7908
13.2785
13.7649
14.25
14.7337
15.216
15.6968
16.1761
16.6538
17.1299
17.6043
18.077
18.548
19.0172
19.4845
19.9498
20.4133
20.8747
21.3342
21.7915
22.2467
22.6997
23.1505
23.599
24.0452
24.489
24.9305
25.3694
25.8059
26.2399
26.6713
27.1
27.5261
27.9495
28.3701
28.7879
29.2029
29.615
30.0242
30.4305
30.8337
31.2339
31.631
32.0249
32.4158
32.8034
33.1877
33.5688
33.9466
34.321
34.692
35.0596
35.4237
35.7844
36.1414
36.4949
36.8448
37.191
37.5336
37.8724
38.2075
38.5387
38.8662
39.1898
39.5095
39.8253
40.1372
40.4451
40.7489
41.0487
41.3445
41.6361
41.9236
42.2069
42.4861
42.761
43.0317
43.2981
43.5602
43.8179
44.0713
44.3204
44.565
44.8052
45.0409
45.2721
45.4989
45.7211
45.9388
46.1519
46.3604
46.5643
46.7635
46.9581
47.148
47.3332
47.5138
47.6895
47.8606
48.0268
48.1883
48.3449
48.4968
48.6438
48.786
48.9233
49.0557
49.1832
49.3058
49.4235
49.5363
49.6441
49.747
49.8449
49.9379
50.0258
50.1088
50.1867
50.2597
50.3276
50.3905
50.4484
50.5012
50.549
50.5917
50.6294
50.662
50.6896
50.7121
50.7295
50.7418
50.7491
50.7513
50.7485
50.7405
50.7275
50.7094
50.6862
50.658
50.6247
50.5863
50.5429
50.4944
50.4408
50.3822
50.3186
50.2499
50.1762
50.0975
50.0137
49.9249
49.8312
49.7324
49.6287
49.52
49.4063
49.2876
49.1641
49.0356
48.9022
48.7638
48.6206
48.4725
48.3196
48.1618
47.9992
47.8317
47.6595
47.4825
47.3007
47.1141
46.9229
46.7269
46.5262
46.3209
46.1109
45.8962
45.677
45.4532
45.2248
44.9918
44.7543
44.5124
44.2659
44.015
43.7597
43.5
43.2359
42.9674
42.6947
42.4176
42.1363
41.8507
41.5609
41.2669
40.9688
40.6665
40.3602
40.0497
39.7353
39.4168
39.0944
38.768
38.4377
38.1035
37.7655
37.4237
37.0781
36.7288
36.3757
36.019
35.6587
35.2947
34.9272
34.5561
34.1816
33.8036
33.4221
33.0373
32.6492
32.2577
31.863
31.4651
31.064
30.6597
30.2523
29.8419
29.4284
29.0119
28.5926
28.1703
27.7451
27.3171
26.8864
26.4529
26.0167
25.5779
25.1365
24.6925
24.246
23.7971
23.3457
22.8919
22.4358
21.9775
21.5168
21.054
20.589
20.122
19.6528
19.1817
18.7085
18.2335
17.7566
17.2779
16.7974
16.3151
15.8312
15.3457
14.8585
14.3699
13.8797
13.3881
12.8952
12.4008
11.9052
11.4084
10.9104
10.4112
9.91092
9.40961
8.90732
8.40408
7.89995
7.39498
6.88922
6.38272
5.87553
5.36771
4.85929
4.35034
3.84091
3.33103
2.82078
2.31019
1.79932
1.28822
0.776934
0.265524
-0.245965
-0.75748
-1.26897
-1.78038
-2.29167
-2.80278
-3.31366
-3.82426
-4.33453
-4.84442
-5.35387
-5.86284
-6.37127
-6.87912
-7.38633
-7.89285
-8.39863
-8.90363
-9.40778
-9.91105
-10.4134
-10.9147
-11.415
-11.9142
-12.4122
-12.9091
-13.4047
-13.8991
-14.3921
-14.8837
-15.3738
-15.8625
-16.3496
-16.8352
-17.3191
-17.8014
-18.2819
-18.7606
-19.2375
-19.7125
-20.1856
-20.6567
-21.1258
-21.5928
-22.0578
-22.5205
-22.9811
-23.4394
-23.8954
-24.3491
-24.8004
-25.2492
-25.6956
-26.1394
-26.5807
-27.0193
-27.4553
-27.8886
-28.3192
-28.7469
-29.1718
-29.5939
-30.013
-30.4292
-30.8424
-31.2525
-31.6596
-32.0635
-32.4642
-32.8618
-33.2561
-33.6471
-34.0348
-34.4191
-34.8001
-35.1775
-35.5515
-35.922
-36.289
-36.6523
-37.012
-37.368
-37.7204
-38.069
-38.4138
-38.7548
-39.092
-39.4253
-39.7547
-40.0802
-40.4017
-40.7192
-41.0326
-41.3419
-41.6472
-41.9483
-42.2453
-42.5381
-42.8266
-43.1109
-43.3909
-43.6666
-43.9379
-44.2049
-44.4675
-44.7257
-44.9794
-45.2287
-45.4734
-45.7136
-45.9493
-46.1804
-46.407
-46.6289
-46.8461
-47.0587
-47.2666
-47.4698
-47.6683
-47.862
-48.051
-48.2352
-48.4146
-48.5891
-48.7588
-48.9237
-49.0837
-49.2387
-49.3889
-49.5342
-49.6745
-49.8098
-49.9402
-50.0656
-50.186
-50.3015
-50.4118
-50.5172
-50.6175
-50.7128
-50.803
-50.8881
-50.9682
-51.0432
-51.113
-51.1778
-51.2374
-51.292
-51.3414
-51.3857
-51.4248
-51.4588
-51.4877
-51.5114
-51.53
-51.5434
-51.5517
-51.5548
-51.5527
-51.5455
-51.5332
-51.5157
-51.493
-51.4652
-51.4323
-51.3941
-51.3509
-51.3025
-51.249
-51.1903
-51.1265
-51.0576
-50.9836
-50.9045
-50.8203
-50.731
-50.6366
-50.5371
-50.4326
-50.323
-50.2084
-50.0888
-49.9641
-49.8344
-49.6997
-49.5601
-49.4154
-49.2658
-49.1113
-48.9518
-48.7875
-48.6182
-48.4441
-48.2651
-48.0812
-47.8925
-47.699
-47.5008
-47.2977
-47.0899
-46.8774
-46.6602
-46.4383
-46.2117
-45.9804
-45.7446
-45.5041
-45.2591
-45.0095
-44.7554
-44.4968
-44.2338
-43.9662
-43.6943
-43.4179
-43.1372
-42.8522
-42.5628
-42.2691
-41.9712
-41.6691
-41.3628
-41.0523
-40.7376
-40.4189
-40.0961
-39.7692
-39.4383
-39.1035
-38.7647
-38.422
-38.0754
-37.725
-37.3708
-37.0128
-36.651
-36.2856
-35.9165
-35.5437
-35.1674
-34.7875
-34.4041
-34.0173
-33.627
-33.2332
-32.8362
-32.4358
-32.0321
-31.6252
-31.215
-30.8017
-30.3853
-29.9658
-29.5433
-29.1177
-28.6893
-28.2579
-27.8236
-27.3865
-26.9466
-26.504
-26.0587
-25.6107
-25.1602
-24.7071
-24.2514
-23.7933
-23.3328
-22.8699
-22.4046
-21.9371
-21.4673
-20.9953
-20.5212
-20.045
-19.5667
-19.0864
-18.6042
-18.1201
-17.6341
-17.1463
-16.6567
-16.1654
-15.6724
-15.1779
-14.6817
-14.1841
-13.6849
-13.1844
-12.6825
-12.1793
-11.6748
-11.169
-10.6622
-10.1542
-9.6451
-9.13501
-8.62397
-8.11201
-7.59918
-7.08555
-6.57115
-6.05605
-5.54029
-5.02393
-4.50701
-3.98959
-3.47171
-2.95344
-2.43482
-1.91591
-1.39675
-0.877403
-0.357914
0.161662
0.681275
1.20087
1.7204
2.23981
2.75904
3.27805
3.79679
4.3152
4.83323
5.35082
5.86794
6.38452
6.90051
7.41586
7.93052
8.44444
8.95757
9.46986
9.98125
10.4917
11.0011
11.5095
12.0168
12.523
13.0279
13.5316
14.034
14.535
15.0346
15.5328
16.0295
16.5246
17.0181
17.51
18.0002
18.4886
18.9752
19.4599
19.9428
20.4237
20.9026
21.3795
21.8543
22.327
22.7974
23.2657
23.7316
24.1953
24.6565
25.1154
25.5717
26.0256
26.4769
26.9256
27.3716
27.815
28.2556
28.6935
29.1285
29.5606
29.9899
30.4161
30.8394
31.2597
31.6768
32.0908
32.5017
32.9093
33.3137
33.7148
34.1126
34.507
34.898
35.2856
35.6696
36.0501
36.4271
36.8005
37.1702
37.5362
37.8985
38.2571
38.6118
38.9628
39.3099
39.6531
39.9923
40.3276
40.6589
40.9862
41.3094
41.6284
41.9434
42.2542
42.5608
42.8632
43.1613
43.4552
43.7447
44.0299
44.3107
44.5871
44.859
45.1265
45.3896
45.6481
45.902
46.1515
46.3963
46.6365
46.872
47.1029
47.3291
47.5506
47.7674
47.9794
48.1867
48.3891
48.5867
48.7795
48.9674
49.1505
49.3286
49.5019
49.6702
49.8335
49.9919
50.1453
50.2937
50.4371
50.5754
50.7087
50.837
50.9602
51.0783
51.1913
51.2992
51.402
51.4996
51.5921
51.6795
51.7617
51.8387
51.9105
51.9772
52.0387
52.095
52.1461
52.1919
52.2326
52.268
52.2982
52.3232
52.343
52.3575
52.3668
52.3708
52.3696
52.3632
52.3516
52.3347
52.3125
52.2852
52.2526
52.2147
52.1717
52.1234
52.0699
52.0112
51.9473
51.8782
51.8039
51.7244
51.6398
51.5499
51.4549
51.3547
51.2494
51.139
51.0234
50.9027
50.777
50.6461
50.5101
50.3691
50.223
50.0719
49.9158
49.7547
49.5886
49.4175
49.2414
49.0604
48.8745
48.6836
48.4879
48.2873
48.0819
47.8716
47.6565
47.4367
47.2121
46.9827
46.7486
46.5098
46.2663
46.0182
45.7655
45.5081
45.2462
44.9797
44.7088
44.4333
44.1533
43.8689
43.5801
43.2868
42.9893
42.6874
42.3812
42.0707
41.756
41.4371
41.114
40.7868
40.4555
40.12
39.7806
39.4371
39.0896
38.7382
38.3829
38.0237
37.6607
37.2939
36.9233
36.549
36.171
35.7893
35.404
35.0152
34.6228
34.2269
33.8275
33.4247
33.0186
32.609
32.1962
31.7802
31.3609
30.9384
30.5128
30.0841
29.6523
29.2176
28.7798
28.3392
27.8956
27.4493
27.0001
26.5482
26.0936
25.6364
25.1765
24.7141
24.2492
23.7817
23.3119
22.8397
22.3651
21.8883
21.4092
20.928
20.4446
19.9591
19.4716
18.982
18.4906
17.9972
17.502
17.0049
16.5062
16.0057
15.5035
14.9998
14.4945
13.9878
13.4795
12.9699
12.4589
11.9467
11.4332
10.9184
10.4026
9.88564
9.36766
8.84868
8.32877
7.80797
7.28634
6.76393
6.24079
5.71698
5.19254
4.66753
4.142
3.616
3.08959
2.56282
2.03573
1.5084
0.980853
0.453161
-0.0746302
-0.602466
-1.13029
-1.65806
-2.18572
-2.71321
-3.24048
-3.76748
-4.29415
-4.82045
-5.34632
-5.87171
-6.39656
-6.92083
-7.44445
-7.96739
-8.48958
-9.01097
-9.53151
-10.0512
-10.5698
-11.0875
-11.6042
-12.1197
-12.634
-13.1472
-13.6591
-14.1696
-14.6788
-15.1866
-15.6929
-16.1977
-16.701
-17.2026
-17.7025
-18.2007
-18.6972
-19.1918
-19.6846
-20.1754
-20.6643
-21.1511
-21.6359
-22.1186
-22.5991
-23.0774
-23.5534
-24.0272
-24.4985
-24.9675
-25.434
-25.8981
-26.3595
-26.8184
-27.2747
-27.7283
-28.1791
-28.6272
-29.0724
-29.5148
-29.9543
-30.3908
-30.8244
-31.2549
-31.6823
-32.1066
-32.5277
-32.9456
-33.3603
-33.7717
-34.1797
-34.5843
-34.9856
-35.3833
-35.7776
-36.1684
-36.5555
-36.9391
-37.319
-37.6952
-38.0676
-38.4363
-38.8012
-39.1622
-39.5194
-39.8727
-40.2219
-40.5673
-40.9085
-41.2458
-41.5789
-41.9079
-42.2328
-42.5534
-42.8699
-43.1821
-43.49
-43.7935
-44.0928
-44.3876
-44.6781
-44.9641
-45.2456
-45.5227
-45.7952
-46.0631
-46.3265
-46.5853
-46.8394
-47.0889
-47.3337
-47.5738
-47.8092
-48.0398
-48.2656
-48.4866
-48.7028
-48.9142
-49.1206
-49.3222
-49.5189
-49.7106
-49.8974
-50.0792
-50.256
-50.4278
-50.5946
-50.7564
-50.9131
-51.0647
-51.2112
-51.3526
-51.4889
-51.6201
-51.7461
-51.8669
-51.9826
-52.0931
-52.1984
-52.2985
-52.3933
-52.4829
-52.5673
-52.6465
-52.7204
-52.789
-52.8523
-52.9104
-52.9632
-53.0107
-53.0529
-53.0898
-53.1214
-53.1476
-53.1686
-53.1843
-53.1946
-53.1996
-53.1993
-53.1937
-53.1828
-53.1665
-53.1449
-53.118
-53.0858
-53.0483
-53.0055
-52.9573
-52.9039
-52.8452
-52.7811
-52.7118
-52.6372
-52.5574
-52.4723
-52.3819
-52.2863
-52.1854
-52.0793
-51.968
-51.8515
-51.7298
-51.6029
-51.4708
-51.3336
-51.1912
-51.0437
-50.8911
-50.7333
-50.5705
-50.4026
-50.2297
-50.0517
-49.8687
-49.6806
-49.4876
-49.2897
-49.0867
-48.8789
-48.6661
-48.4485
-48.2259
-47.9986
-47.7664
-47.5294
-47.2876
-47.0411
-46.7899
-46.5339
-46.2733
-46.008
-45.7381
-45.4636
-45.1845
-44.9009
-44.6128
-44.3201
-44.023
-43.7215
-43.4156
-43.1053
-42.7906
-42.4717
-42.1484
-41.8209
-41.4892
-41.1534
-40.8133
-40.4692
-40.121
-39.7687
-39.4124
-39.0521
-38.6879
-38.3198
-37.9479
-37.572
-37.1924
-36.8091
-36.422
-36.0312
-35.6368
-35.2388
-34.8373
-34.4322
-34.0236
-33.6116
-33.1961
-32.7774
-32.3553
-31.9299
-31.5013
-31.0694
-30.6345
-30.1964
-29.7553
-29.3111
-28.864
-28.414
-27.961
-27.5052
-27.0467
-26.5853
-26.1213
-25.6546
-25.1853
-24.7134
-24.239
-23.7622
-23.2829
-22.8012
-22.3172
-21.831
-21.3424
-20.8518
-20.3589
-19.864
-19.3671
-18.8682
-18.3673
-17.8646
-17.36
-16.8536
-16.3455
-15.8357
-15.3243
-14.8112
-14.2967
-13.7807
-13.2632
-12.7444
-12.2242
-11.7028
-11.1801
-10.6563
-10.1314
-9.60535
-9.07832
-8.55034
-8.02145
-7.4917
-6.96115
-6.42985
-5.89785
-5.36521
-4.83199
-4.29822
-3.76397
-3.2293
-2.69424
-2.15886
-1.62322
-1.08736
-0.55133
-0.015197
0.520992
1.05718
1.59332
2.12935
2.66523
3.20089
3.73628
4.27135
4.80605
5.34032
5.87412
6.40737
6.94005
7.47208
8.00341
8.534
9.06379
9.59272
10.1208
10.6478
11.1739
11.6989
12.2227
12.7455
13.2669
13.7871
14.306
14.8235
15.3396
15.8542
16.3672
16.8787
17.3885
17.8967
18.4031
18.9077
19.4105
19.9114
20.4103
20.9073
21.4022
21.895
22.3857
22.8742
23.3604
23.8444
24.326
24.8053
25.2821
25.7564
26.2282
26.6975
27.1641
27.628
28.0892
28.5477
29.0033
29.4561
29.906
30.353
30.7969
31.2379
31.6757
32.1104
32.542
32.9703
33.3954
33.8172
34.2356
34.6507
35.0623
35.4705
35.8752
36.2763
36.6739
37.0678
37.458
37.8445
38.2273
38.6063
38.9815
39.3528
39.7203
40.0838
40.4433
40.7988
41.1502
41.4976
41.8409
42.18
42.515
42.8457
43.1721
43.4943
43.8122
44.1257
44.4348
44.7396
45.0398
45.3356
45.6269
45.9137
46.1959
46.4735
46.7465
47.0149
47.2785
47.5375
47.7917
48.0412
48.2859
48.5258
48.7609
48.9911
49.2165
49.4369
49.6525
49.863
50.0687
50.2693
50.4649
50.6555
50.8411
51.0215
51.1969
51.3672
51.5324
51.6925
51.8474
51.9971
52.1416
52.2809
52.4151
52.544
52.6676
52.786
52.8991
53.007
53.1095
53.2068
53.2988
53.3854
53.4667
53.5427
53.6133
53.6785
53.7384
53.793
53.8421
53.8859
53.9243
53.9573
53.9849
54.0071
54.0239
54.0354
54.0414
54.042
54.0372
54.027
54.0114
53.9904
53.964
53.9322
53.895
53.8524
53.8044
53.751
53.6923
53.6282
53.5587
53.4838
53.4036
53.3181
53.2272
53.1309
53.0294
52.9225
52.8103
52.6929
52.5701
52.4421
52.3088
52.1703
52.0266
51.8776
51.7235
51.5641
51.3996
51.2299
51.0551
50.8751
50.6901
50.4999
50.3047
50.1045
49.8992
49.6889
49.4736
49.2534
49.0282
48.798
48.563
48.3231
48.0783
47.8287
47.5743
47.3151
47.0512
46.7825
46.5091
46.231
45.9483
45.661
45.3691
45.0726
44.7715
44.466
44.156
43.8415
43.5226
43.1994
42.8717
42.5398
42.2036
41.8631
41.5184
41.1695
40.8165
40.4593
40.0981
39.7328
39.3635
38.9902
38.613
38.2319
37.847
37.4582
37.0656
36.6693
36.2693
35.8656
35.4583
35.0474
34.6329
34.215
33.7936
33.3687
32.9405
32.509
32.0741
31.636
31.1947
30.7502
30.3026
29.852
29.3983
28.9416
28.482
28.0195
27.5541
27.086
26.615
26.1414
25.6651
25.1862
24.7047
24.2208
23.7343
23.2454
22.7542
22.2606
21.7647
21.2666
20.7664
20.264
19.7595
19.2531
18.7446
18.2342
17.7219
17.2079
16.692
16.1744
15.6552
15.1343
14.6119
14.0879
13.5625
13.0357
12.5075
11.9781
11.4473
10.9154
10.3823
9.84819
9.31299
8.77681
8.2397
7.7017
7.16289
6.6233
6.083
5.54204
5.00047
4.45834
3.91571
3.37264
2.82918
2.28538
1.74129
1.19698
0.652492
0.107885
-0.436786
-0.981469
-1.52611
-2.07065
-2.61504
-3.15922
-3.70314
-4.24674
-4.78997
-5.33278
-5.87511
-6.41691
-6.95812
-7.49868
-8.03856
-8.57768
-9.11599
-9.65345
-10.19
-10.7256
-11.2601
-11.7936
-12.326
-12.8572
-13.3871
-13.9158
-14.4431
-14.9691
-15.4936
-16.0166
-16.538
-17.0579
-17.5761
-18.0925
-18.6073
-19.1202
-19.6312
-20.1404
-20.6476
-21.1527
-21.6558
-22.1568
-22.6557
-23.1523
-23.6466
-24.1386
-24.6283
-25.1155
-25.6003
-26.0826
-26.5623
-27.0394
-27.5139
-27.9856
-28.4546
-28.9208
-29.3842
-29.8446
-30.3021
-30.7567
-31.2082
-31.6566
-32.1019
-32.544
-32.983
-33.4187
-33.851
-34.2801
-34.7057
-35.128
-35.5467
-35.9619
-36.3736
-36.7817
-37.1862
-37.587
-37.984
-38.3773
-38.7668
-39.1525
-39.5343
-39.9121
-40.286
-40.656
-41.0219
-41.3837
-41.7414
-42.095
-42.4444
-42.7896
-43.1306
-43.4673
-43.7996
-44.1277
-44.4513
-44.7705
-45.0853
-45.3956
-45.7014
-46.0027
-46.2994
-46.5915
-46.8789
-47.1617
-47.4399
-47.7132
-47.9819
-48.2458
-48.5049
-48.7591
-49.0085
-49.2531
-49.4927
-49.7274
-49.9572
-50.1819
-50.4017
-50.6165
-50.8262
-51.0309
-51.2305
-51.425
-51.6143
-51.7985
-51.9776
-52.1515
-52.3202
-52.4836
-52.6418
-52.7948
-52.9425
-53.085
-53.2221
-53.354
-53.4805
-53.6017
-53.7175
-53.828
-53.9331
-54.0328
-54.1271
-54.216
-54.2995
-54.3776
-54.4503
-54.5175
-54.5793
-54.6356
-54.6864
-54.7318
-54.7718
-54.8062
-54.8352
-54.8587
-54.8767
-54.8892
-54.8963
-54.8978
-54.8939
-54.8845
-54.8696
-54.8492
-54.8233
-54.7919
-54.755
-54.7127
-54.6649
-54.6116
-54.5528
-54.4886
-54.419
-54.3439
-54.2633
-54.1773
-54.0859
-53.989
-53.8868
-53.7792
-53.6661
-53.5477
-53.4239
-53.2948
-53.1603
-53.0205
-52.8754
-52.725
-52.5693
-52.4083
-52.2421
-52.0706
-51.8939
-51.712
-51.5249
-51.3326
-51.1352
-50.9326
-50.7249
-50.5122
-50.2943
-50.0715
-49.8435
-49.6106
-49.3727
-49.1298
-48.882
-48.6293
-48.3717
-48.1092
-47.8419
-47.5698
-47.2929
-47.0112
-46.7248
-46.4338
-46.138
-45.8376
-45.5326
-45.223
-44.9088
-44.5901
-44.267
-43.9393
-43.6073
-43.2708
-42.93
-42.5849
-42.2354
-41.8818
-41.5238
-41.1617
-40.7955
-40.4251
-40.0507
-39.6722
-39.2897
-38.9032
-38.5128
-38.1185
-37.7204
-37.3185
-36.9127
-36.5033
-36.0901
-35.6734
-35.2529
-34.829
-34.4015
-33.9705
-33.5361
-33.0983
-32.6571
-32.2126
-31.7649
-31.3139
-30.8598
-30.4025
-29.9422
-29.4788
-29.0124
-28.543
-28.0708
-27.5957
-27.1178
-26.6371
-26.1537
-25.6677
-25.1791
-24.6878
-24.1941
-23.6979
-23.1993
-22.6983
-22.195
-21.6894
-21.1816
-20.6716
-20.1595
-19.6453
-19.1292
-18.611
-18.091
-17.5691
-17.0453
-16.5199
-15.9927
-15.4638
-14.9334
-14.4014
-13.8679
-13.333
-12.7967
-12.2591
-11.7202
-11.18
-10.6387
-10.0963
-9.55278
-9.00828
-8.46282
-7.91646
-7.36925
-6.82125
-6.27252
-5.7231
-5.17305
-4.62244
-4.0713
-3.5197
-2.9677
-2.41534
-1.86269
-1.3098
-0.756715
-0.203503
0.349784
0.903092
1.45637
2.00955
2.56258
3.11542
3.668
4.22027
4.77217
5.32365
5.87465
6.42512
6.975
7.52424
8.07278
8.62057
9.16756
9.71368
10.2589
10.8031
11.3463
11.8884
12.4294
12.9692
13.5078
14.0451
14.581
15.1155
15.6485
16.1801
16.71
17.2384
17.7651
18.29
18.8132
19.3346
19.8541
20.3716
20.8871
21.4007
21.9121
22.4214
22.9285
23.4333
23.9359
24.4361
24.9339
25.4293
25.9222
26.4126
26.9003
27.3854
27.8678
28.3475
28.8244
29.2985
29.7697
30.2379
30.7032
31.1654
31.6246
32.0807
32.5336
32.9833
33.4297
33.8728
34.3126
34.7491
35.182
35.6115
36.0375
36.4599
36.8788
37.2939
37.7054
38.1132
38.5172
38.9173
39.3137
39.7061
40.0946
40.4791
40.8596
41.2361
41.6085
41.9768
42.3409
42.7008
43.0564
43.4078
43.7549
44.0977
44.4361
44.77
45.0996
45.4246
45.7452
46.0611
46.3726
46.6794
46.9816
47.2791
47.5719
47.86
48.1433
48.4218
48.6956
48.9644
49.2285
49.4876
49.7418
49.991
50.2353
50.4746
50.7088
50.938
51.1621
51.3812
51.5951
51.8039
52.0075
52.2059
52.3992
52.5872
52.77
52.9475
53.1198
53.2867
53.4484
53.6047
53.7556
53.9012
54.0415
54.1763
54.3057
54.4298
54.5483
54.6615
54.7692
54.8714
54.9681
55.0594
55.1452
55.2254
55.3002
55.3694
55.4331
55.4912
55.5438
55.5909
55.6324
55.6683
55.6987
55.7235
55.7428
55.7565
55.7646
55.7671
55.764
55.7554
55.7412
55.7214
55.6961
55.6651
55.6286
55.5866
55.539
55.4858
55.427
55.3627
55.2929
55.2176
55.1367
55.0502
54.9583
54.8609
54.7579
54.6495
54.5356
54.4163
54.2915
54.1612
54.0255
53.8844
53.7379
53.586
53.4288
53.2661
53.0982
52.9249
52.7463
52.5624
52.3732
52.1788
51.9791
51.7743
51.5642
51.3489
51.1285
50.903
50.6723
50.4366
50.1957
49.9499
49.699
49.4431
49.1823
48.9165
48.6458
48.3702
48.0897
47.8044
47.5143
47.2194
46.9198
46.6154
46.3063
45.9926
45.6743
45.3513
45.0238
44.6918
44.3552
44.0142
43.6687
43.3189
42.9647
42.6061
42.2432
41.8761
41.5048
41.1293
40.7496
40.3658
39.9779
39.586
39.1901
38.7903
38.3865
37.9788
37.5674
37.1521
36.733
36.3102
35.8838
35.4537
35.0201
34.5829
34.1422
33.698
33.2504
32.7995
32.3452
31.8877
31.4269
30.9629
30.4958
30.0256
29.5523
29.076
28.5968
28.1147
27.6297
27.1419
26.6513
26.1581
25.6621
25.1636
24.6624
24.1588
23.6527
23.1442
22.6333
22.1201
21.6046
21.0869
20.5671
20.0452
19.5212
18.9951
18.4672
17.9373
17.4056
16.8721
16.3369
15.7999
15.2614
14.7212
14.1796
13.6364
13.0919
12.546
11.9987
11.4502
10.9006
10.3497
9.79781
9.24485
8.69092
8.13606
7.58033
7.02379
6.46649
5.90848
5.34984
4.7906
4.23082
3.67057
3.10989
2.54884
1.98749
1.42588
0.86407
0.302119
-0.259919
-0.821987
-1.38403
-1.94599
-2.50781
-3.06944
-3.63081
-4.19188
-4.75259
-5.31288
-5.87269
-6.43197
-6.99066
-7.54871
-8.10606
-8.66266
-9.21844
-9.77336
-10.3274
-10.8804
-11.4324
-11.9833
-12.533
-13.0816
-13.6289
-14.1749
-14.7195
-15.2627
-15.8045
-16.3447
-16.8833
-17.4203
-17.9556
-18.4892
-19.021
-19.5509
-20.0789
-20.605
-21.1291
-21.6511
-22.171
-22.6887
-23.2042
-23.7174
-24.2284
-24.7369
-25.243
-25.7467
-26.2478
-26.7464
-27.2423
-27.7355
-28.2261
-28.7138
-29.1987
-29.6808
-30.1599
-30.6361
-31.1093
-31.5794
-32.0463
-32.5102
-32.9708
-33.4281
-33.8822
-34.3329
-34.7803
-35.2242
-35.6646
-36.1015
-36.5349
-36.9646
-37.3907
-37.813
-38.2317
-38.6465
-39.0576
-39.4647
-39.868
-40.2673
-40.6627
-41.054
-41.4412
-41.8243
-42.2033
-42.5781
-42.9487
-43.315
-43.6771
-44.0348
-44.3881
-44.737
-45.0815
-45.4216
-45.7571
-46.088
-46.4144
-46.7362
-47.0534
-47.3658
-47.6736
-47.9766
-48.2749
-48.5683
-48.857
-49.1407
-49.4196
-49.6936
-49.9627
-50.2267
-50.4858
-50.7398
-50.9888
-51.2328
-51.4716
-51.7053
-51.9338
-52.1572
-52.3754
-52.5884
-52.7961
-52.9986
-53.1958
-53.3877
-53.5743
-53.7555
-53.9314
-54.1019
-54.267
-54.4267
-54.581
-54.7299
-54.8732
-55.0111
-55.1436
-55.2705
-55.3919
-55.5078
-55.6181
-55.7229
-55.8221
-55.9157
-56.0038
-56.0863
-56.1632
-56.2344
-56.3001
-56.3601
-56.4145
-56.4633
-56.5064
-56.5439
-56.5757
-56.6019
-56.6224
-56.6372
-56.6464
-56.6499
-56.6478
-56.64
-56.6265
-56.6074
-56.5826
-56.5522
-56.516
-56.4743
-56.4268
-56.3738
-56.3151
-56.2507
-56.1807
-56.1051
-56.0239
-55.9371
-55.8446
-55.7466
-55.643
-55.5338
-55.4191
-55.2987
-55.1729
-55.0415
-54.9046
-54.7622
-54.6143
-54.461
-54.3021
-54.1379
-53.9682
-53.793
-53.6125
-53.4266
-53.2354
-53.0388
-52.8369
-52.6296
-52.4171
-52.1993
-51.9763
-51.7481
-51.5147
-51.2761
-51.0323
-50.7834
-50.5294
-50.2704
-50.0062
-49.7371
-49.4629
-49.1838
-48.8998
-48.6108
-48.3169
-48.0182
-47.7146
-47.4062
-47.0931
-46.7752
-46.4526
-46.1253
-45.7934
-45.4569
-45.1158
-44.7701
-44.42
-44.0653
-43.7062
-43.3428
-42.9749
-42.6027
-42.2262
-41.8455
-41.4605
-41.0713
-40.678
-40.2806
-39.8791
-39.4736
-39.0641
-38.6507
-38.2333
-37.8121
-37.3871
-36.9583
-36.5257
-36.0894
-35.6495
-35.206
-34.7589
-34.3083
-33.8543
-33.3968
-32.9359
-32.4716
-32.0041
-31.5333
-31.0594
-30.5822
-30.102
-29.6187
-29.1324
-28.6431
-28.151
-27.6559
-27.1581
-26.6574
-26.1541
-25.6481
-25.1395
-24.6283
-24.1146
-23.5984
-23.0799
-22.5589
-22.0357
-21.5102
-20.9825
-20.4526
-19.9207
-19.3867
-18.8507
-18.3128
-17.773
-17.2313
-16.6879
-16.1428
-15.596
-15.0476
-14.4976
-13.9461
-13.3931
-12.8388
-12.2831
-11.7262
-11.168
-10.6086
-10.0482
-9.48663
-8.92409
-8.3606
-7.79622
-7.231
-6.66501
-6.09829
-5.5309
-4.9629
-4.39436
-3.82531
-3.25583
-2.68596
-2.11577
-1.5453
-0.974631
-0.403804
0.167121
0.738087
1.30904
1.87991
2.45065
3.02121
3.59152
4.16153
4.73118
5.30041
5.86917
6.4374
7.00505
7.57205
8.13835
8.70389
9.26862
9.83247
10.3954
10.9574
11.5183
12.0781
12.6367
13.1942
13.7504
14.3052
14.8587
15.4108
15.9614
16.5104
17.0579
17.6036
18.1477
18.6901
19.2306
19.7692
20.3059
20.8407
21.3734
21.904
22.4325
22.9588
23.4828
24.0046
24.524
25.041
25.5556
26.0676
26.5771
27.084
27.5882
28.0898
28.5885
29.0845
29.5776
30.0678
30.555
31.0392
31.5204
31.9985
32.4734
32.9451
33.4136
33.8787
34.3406
34.799
35.254
35.7056
36.1536
36.598
37.0388
37.476
37.9094
38.3391
38.765
39.1871
39.6053
40.0196
40.4299
40.8363
41.2385
41.6367
42.0308
42.4207
42.8064
43.1879
43.5651
43.9379
44.3065
44.6706
45.0302
45.3855
45.7362
46.0824
46.424
46.761
47.0933
47.421
47.7439
48.0622
48.3756
48.6843
48.9881
49.287
49.581
49.8701
50.1543
50.4335
50.7076
50.9767
51.2408
51.4997
51.7535
52.0022
52.2457
52.4839
52.717
52.9448
53.1674
53.3846
53.5965
53.8031
54.0044
54.2002
54.3907
54.5757
54.7553
54.9294
55.0981
55.2613
55.4189
55.5711
55.7176
55.8587
55.9941
56.124
56.2483
56.367
56.48
56.5874
56.6891
56.7852
56.8757
56.9604
57.0395
57.1128
57.1805
57.2424
57.2987
57.3492
57.394
57.433
57.4663
57.4939
57.5157
57.5317
57.5421
57.5466
57.5454
57.5385
57.5258
57.5073
57.4831
57.4531
57.4174
57.376
57.3288
57.2758
57.2172
57.1528
57.0826
57.0068
56.9253
56.838
56.7451
56.6465
56.5422
56.4322
56.3166
56.1954
56.0685
55.936
55.7979
55.6541
55.5049
55.35
55.1896
55.0237
54.8522
54.6753
54.4928
54.3049
54.1115
53.9128
53.7085
53.499
53.284
53.0637
52.838
52.6071
52.3709
52.1294
51.8826
51.6307
51.3736
51.1113
50.8438
50.5713
50.2937
50.011
49.7233
49.4305
49.1329
48.8302
48.5227
48.2103
47.893
47.5709
47.244
46.9123
46.576
46.2349
45.8892
45.5388
45.1839
44.8244
44.4604
44.0919
43.719
43.3417
42.9599
42.5739
42.1836
41.789
41.3901
40.9871
40.58
40.1688
39.7535
39.3342
38.9109
38.4836
38.0525
37.6176
37.1788
36.7363
36.29
35.8401
35.3866
34.9294
34.4688
34.0046
33.537
33.066
32.5916
32.114
31.633
31.1489
30.6616
30.1712
29.6777
29.1812
28.6817
28.1793
27.6741
27.166
26.6551
26.1416
25.6254
25.1065
24.5851
24.0612
23.5348
23.0061
22.4749
21.9415
21.4058
20.868
20.3279
19.7858
19.2417
18.6956
18.1476
17.5977
17.046
16.4925
15.9373
15.3805
14.822
14.2621
13.7006
13.1377
12.5735
12.0079
11.4411
10.8731
10.304
9.73371
9.16244
8.59019
8.01702
7.443
6.86817
6.2926
5.71634
5.13945
4.56199
3.98402
3.40559
2.82677
2.2476
1.66815
1.08847
0.50863
-0.0713212
-0.651323
-1.23132
-1.81125
-2.39105
-2.97068
-3.55007
-4.12915
-4.70789
-5.28621
-5.86406
-6.44138
-7.01812
-7.59421
-8.1696
-8.74423
-9.31804
-9.89098
-10.463
-11.034
-11.604
-12.1728
-12.7406
-13.307
-13.8723
-14.4361
-14.9986
-15.5597
-16.1193
-16.6773
-17.2336
-17.7884
-18.3414
-18.8926
-19.442
-19.9894
-20.535
-21.0785
-21.62
-22.1594
-22.6967
-23.2317
-23.7644
-24.2948
-24.8229
-25.3485
-25.8716
-26.3922
-26.9102
-27.4256
-27.9383
-28.4482
-28.9553
-29.4596
-29.961
-30.4595
-30.955
-31.4474
-31.9367
-32.4229
-32.9058
-33.3856
-33.862
-34.3351
-34.8049
-35.2711
-35.7339
-36.1932
-36.6489
-37.101
-37.5494
-37.9942
-38.4351
-38.8723
-39.3056
-39.735
-40.1605
-40.582
-40.9995
-41.413
-41.8223
-42.2276
-42.6286
-43.0254
-43.4179
-43.8062
-44.1901
-44.5696
-44.9447
-45.3153
-45.6815
-46.0431
-46.4001
-46.7526
-47.1004
-47.4435
-47.7819
-48.1156
-48.4445
-48.7685
-49.0878
-49.4021
-49.7116
-50.0161
-50.3156
-50.6102
-50.8997
-51.1841
-51.4635
-51.7377
-52.0068
-52.2707
-52.5295
-52.7829
-53.0312
-53.2741
-53.5118
-53.7441
-53.9711
-54.1927
-54.4089
-54.6197
-54.825
-55.0249
-55.2193
-55.4082
-55.5916
-55.7694
-55.9417
-56.1084
-56.2695
-56.425
-56.5749
-56.7191
-56.8577
-56.9906
-57.1178
-57.2393
-57.3551
-57.4652
-57.5695
-57.6681
-57.7609
-57.848
-57.9293
-58.0048
-58.0745
-58.1384
-58.1965
-58.2488
-58.2953
-58.3359
-58.3708
-58.3998
-58.4229
-58.4402
-58.4517
-58.4573
-58.4571
-58.451
-58.4391
-58.4213
-58.3977
-58.3683
-58.333
-58.2919
-58.2449
-58.1921
-58.1335
-58.0691
-57.9989
-57.9228
-57.841
-57.7533
-57.6599
-57.5607
-57.4557
-57.345
-57.2285
-57.1063
-56.9784
-56.8448
-56.7054
-56.5604
-56.4097
-56.2534
-56.0914
-55.9238
-55.7506
-55.5718
-55.3874
-55.1974
-55.002
-54.8009
-54.5944
-54.3825
-54.165
-53.9421
-53.7138
-53.4801
-53.2411
-52.9967
-52.7469
-52.4919
-52.2316
-51.966
-51.6953
-51.4193
-51.1381
-50.8518
-50.5604
-50.2639
-49.9624
-49.6558
-49.3443
-49.0277
-48.7063
-48.3799
-48.0486
-47.7126
-47.3717
-47.026
-46.6756
-46.3205
-45.9608
-45.5964
-45.2274
-44.8538
-44.4758
-44.0932
-43.7062
-43.3148
-42.919
-42.5189
-42.1145
-41.7058
-41.2929
-40.8759
-40.4547
-40.0295
-39.6002
-39.1669
-38.7296
-38.2884
-37.8433
-37.3945
-36.9418
-36.4854
-36.0253
-35.5615
-35.0942
-34.6232
-34.1488
-33.6709
-33.1896
-32.705
-32.217
-31.7257
-31.2313
-30.7336
-30.2328
-29.729
-29.2221
-28.7123
-28.1995
-27.6839
-27.1654
-26.6442
-26.1203
-25.5937
-25.0644
-24.5327
-23.9984
-23.4616
-22.9225
-22.381
-21.8372
-21.2912
-20.743
-20.1927
-19.6403
-19.0859
-18.5295
-17.9712
-17.4111
-16.8491
-16.2854
-15.7201
-15.1531
-14.5845
-14.0144
-13.4429
-12.8699
-12.2957
-11.7201
-11.1433
-10.5653
-9.98621
-9.40607
-8.82492
-8.24284
-7.65987
-7.07607
-6.49151
-5.90625
-5.32033
-4.73383
-4.14679
-3.55927
-2.97135
-2.38307
-1.79449
-1.20567
-0.616671
-0.0275526
0.561627
1.15081
1.73994
2.32895
2.91778
3.50639
4.0947
4.68266
5.27022
5.8573
6.44386
7.02983
7.61515
8.19978
8.78364
9.36668
9.94885
10.5301
11.1103
11.6895
12.2676
12.8445
13.4201
13.9945
14.5676
15.1392
15.7094
16.2781
16.8452
17.4107
17.9745
18.5365
19.0968
19.6552
20.2117
20.7662
21.3187
21.8691
22.4174
22.9635
23.5074
24.049
24.5882
25.125
25.6593
26.1912
26.7205
27.2471
27.7711
28.2924
28.8109
29.3265
29.8393
30.3491
30.856
31.3598
31.8606
32.3582
32.8526
33.3438
33.8316
34.3162
34.7974
35.2751
35.7494
36.2201
36.6873
37.1508
37.6107
38.0669
38.5193
38.9679
39.4126
39.8534
40.2903
40.7232
41.1521
41.5769
41.9976
42.4142
42.8265
43.2346
43.6384
44.0379
44.4331
44.8238
45.2101
45.5919
45.9691
46.3419
46.71
47.0735
47.4323
47.7864
48.1358
48.4804
48.8201
49.1551
49.4851
49.8102
50.1304
50.4456
50.7558
51.0609
51.361
51.656
51.9458
52.2304
52.5099
52.7841
53.0531
53.3168
53.5753
53.8283
54.076
54.3184
54.5553
54.7868
55.0128
55.2334
55.4485
55.658
55.862
56.0604
56.2533
56.4405
56.6221
56.7981
56.9684
57.133
57.2919
57.4451
57.5926
57.7343
57.8703
58.0005
58.1249
58.2436
58.3564
58.4633
58.5645
58.6598
58.7492
58.8328
58.9105
58.9823
59.0482
59.1083
59.1624
59.2106
59.2529
59.2893
59.3197
59.3443
59.3629
59.3755
59.3822
59.383
59.3778
59.3668
59.3497
59.3268
59.2978
59.263
59.2222
59.1756
59.1229
59.0644
59
58.9296
58.8534
58.7712
58.6832
58.5893
58.4895
58.3839
58.2724
58.1551
58.0319
57.9029
57.7682
57.6276
57.4813
57.3292
57.1713
57.0078
56.8385
56.6635
56.4828
56.2964
56.1045
55.9068
55.7036
55.4948
55.2804
55.0604
54.835
54.604
54.3675
54.1256
53.8782
53.6255
53.3673
53.1038
52.8349
52.5607
52.2813
51.9966
51.7066
51.4115
51.1112
50.8057
50.4952
50.1795
49.8589
49.5331
49.2024
48.8668
48.5262
48.1808
47.8305
47.4753
47.1154
46.7508
46.3814
46.0074
45.6287
45.2454
44.8576
44.4652
44.0683
43.667
43.2613
42.8513
42.4369
42.0182
41.5952
41.1681
40.7368
40.3014
39.8619
39.4184
38.9709
38.5195
38.0641
37.605
37.142
36.6752
36.2047
35.7306
35.2528
34.7715
34.2867
33.7983
33.3066
32.8114
32.3129
31.8112
31.3062
30.798
30.2867
29.7724
29.255
28.7346
28.2113
27.6851
27.1561
26.6243
26.0898
25.5527
25.0129
24.4706
23.9258
23.3785
22.8289
22.2769
21.7226
21.1661
20.6074
20.0466
19.4838
18.9189
18.3521
17.7834
17.2129
16.6406
16.0666
15.4909
14.9136
14.3347
13.7544
13.1726
12.5894
12.005
11.4192
10.8323
10.2442
9.65509
9.06491
8.47376
7.88171
7.28882
6.69513
6.10072
5.50563
4.90994
4.31369
3.71696
3.11979
2.52225
1.9244
1.3263
0.728001
0.129573
-0.468928
-1.06744
-1.66591
-2.26427
-2.86246
-3.46043
-4.05811
-4.65545
-5.25238
-5.84884
-6.44478
-7.04013
-7.63484
-8.22884
-8.82209
-9.41451
-10.006
-10.5966
-11.1862
-11.7748
-12.3622
-12.9484
-13.5334
-14.1171
-14.6995
-15.2804
-15.8599
-16.4378
-17.0142
-17.5889
-18.1619
-18.7332
-19.3026
-19.8702
-20.4358
-20.9995
-21.5611
-22.1206
-22.6779
-23.2331
-23.7859
-24.3365
-24.8846
-25.4304
-25.9736
-26.5143
-27.0524
-27.5879
-28.1206
-28.6506
-29.1778
-29.7021
-30.2235
-30.7419
-31.2573
-31.7696
-32.2788
-32.7849
-33.2877
-33.7872
-34.2834
-34.7762
-35.2656
-35.7515
-36.2338
-36.7126
-37.1878
-37.6593
-38.1271
-38.5911
-39.0514
-39.5077
-39.9602
-40.4086
-40.8531
-41.2936
-41.73
-42.1622
-42.5903
-43.0141
-43.4337
-43.849
-44.26
-44.6666
-45.0687
-45.4664
-45.8595
-46.2482
-46.6322
-47.0116
-47.3863
-47.7564
-48.1217
-48.4822
-48.8379
-49.1888
-49.5348
-49.8759
-50.212
-50.5431
-50.8692
-51.1903
-51.5062
-51.8171
-52.1228
-52.4233
-52.7186
-53.0086
-53.2934
-53.5729
-53.8471
-54.1159
-54.3793
-54.6373
-54.8898
-55.1369
-55.3785
-55.6146
-55.8452
-56.0702
-56.2896
-56.5034
-56.7116
-56.9141
-57.111
-57.3022
-57.4876
-57.6673
-57.8413
-58.0095
-58.1719
-58.3286
-58.4794
-58.6243
-58.7635
-58.8967
-59.0241
-59.1456
-59.2612
-59.3709
-59.4746
-59.5725
-59.6643
-59.7502
-59.8302
-59.9041
-59.9721
-60.0341
-60.0901
-60.1401
-60.1841
-60.2221
-60.254
-60.28
-60.2999
-60.3138
-60.3216
-60.3234
-60.3192
-60.309
-60.2927
-60.2704
-60.242
-60.2077
-60.1673
-60.1209
-60.0685
-60.01
-59.9456
-59.8751
-59.7987
-59.7162
-59.6278
-59.5335
-59.4331
-59.3268
-59.2146
-59.0964
-58.9723
-58.8423
-58.7064
-58.5646
-58.417
-58.2634
-58.1041
-57.9389
-57.7679
-57.5911
-57.4086
-57.2203
-57.0262
-56.8264
-56.6209
-56.4098
-56.1929
-55.9704
-55.7424
-55.5087
-55.2694
-55.0246
-54.7742
-54.5184
-54.2571
-53.9903
-53.7181
-53.4405
-53.1576
-52.8692
-52.5756
-52.2767
-51.9725
-51.6631
-51.3485
-51.0288
-50.7039
-50.3739
-50.0388
-49.6987
-49.3536
-49.0035
-48.6485
-48.2885
-47.9238
-47.5541
-47.1797
-46.8006
-46.4167
-46.0281
-45.6349
-45.2371
-44.8348
-44.4279
-44.0165
-43.6007
-43.1805
-42.7559
-42.327
-41.8938
-41.4564
-41.0148
-40.5691
-40.1192
-39.6653
-39.2074
-38.7456
-38.2798
-37.8101
-37.3366
-36.8593
-36.3783
-35.8936
-35.4052
-34.9133
-34.4179
-33.9189
-33.4165
-32.9107
-32.4016
-31.8891
-31.3735
-30.8546
-30.3326
-29.8075
-29.2794
-28.7483
-28.2143
-27.6774
-27.1377
-26.5952
-26.05
-25.5022
-24.9517
-24.3987
-23.8432
-23.2852
-22.7249
-22.1623
-21.5973
-21.0302
-20.4609
-19.8894
-19.316
-18.7405
-18.1632
-17.5839
-17.0028
-16.42
-15.8355
-15.2493
-14.6616
-14.0723
-13.4815
-12.8894
-12.2959
-11.7011
-11.1051
-10.5079
-9.9096
-9.31025
-8.70991
-8.10864
-7.5065
-6.90355
-6.29984
-5.69545
-5.09042
-4.48483
-3.87873
-3.27218
-2.66524
-2.05797
-1.45044
-0.842699
-0.234815
0.373153
0.981145
1.5891
2.19695
2.80465
3.41213
4.01933
4.62618
5.23264
5.83863
6.4441
7.04898
7.65322
8.25675
8.85952
9.46147
10.0625
10.6626
11.2617
11.8598
12.4567
13.0524
13.6469
14.2401
14.8319
15.4223
16.0112
16.5985
17.1843
17.7684
18.3508
18.9314
19.5102
20.087
20.662
21.2349
21.8057
22.3745
22.941
23.5053
24.0673
24.627
25.1843
25.7391
26.2913
26.841
27.3881
27.9325
28.4742
29.013
29.549
30.0821
30.6123
31.1394
31.6635
32.1845
32.7023
33.2169
33.7282
34.2362
34.7408
35.242
35.7397
36.2339
36.7246
37.2116
37.6949
38.1745
38.6503
39.1224
39.5905
40.0548
40.5151
40.9713
41.4236
41.8717
42.3157
42.7555
43.1911
43.6224
44.0493
44.4719
44.8902
45.3039
45.7132
46.1179
46.5181
46.9137
47.3046
47.6908
48.0723
48.449
48.8209
49.188
49.5501
49.9074
50.2597
50.607
50.9493
51.2866
51.6187
51.9457
52.2675
52.5842
52.8956
53.2018
53.5027
53.7982
54.0884
54.3732
54.6527
54.9266
55.1952
55.4582
55.7157
55.9676
56.214
56.4548
56.69
56.9195
57.1433
57.3615
57.574
57.7807
57.9816
58.1768
58.3662
58.5497
58.7274
58.8993
59.0653
59.2254
59.3796
59.5279
59.6702
59.8066
59.937
60.0615
60.1799
60.2923
60.3988
60.4991
60.5935
60.6818
60.764
60.8402
60.9103
60.9743
61.0322
61.0841
61.1298
61.1694
61.2029
61.2303
61.2515
61.2667
61.2757
61.2786
61.2753
61.266
61.2505
61.2288
61.2011
61.1672
61.1272
61.0811
61.0289
60.9706
60.9061
60.8356
60.759
60.6763
60.5875
60.4927
60.3918
60.2848
60.1718
60.0528
59.9278
59.7967
59.6597
59.5167
59.3677
59.2127
59.0519
58.8851
58.7124
58.5338
58.3493
58.159
57.9629
57.7609
57.5532
57.3396
57.1203
56.8953
56.6646
56.4282
56.1861
55.9383
55.685
55.426
55.1615
54.8915
54.6159
54.3348
54.0483
53.7563
53.459
53.1562
52.8482
52.5348
52.2161
51.8921
51.563
51.2286
50.8891
50.5445
50.1948
49.84
49.4802
49.1154
48.7457
48.3711
47.9916
47.6072
47.2181
46.8242
46.4255
46.0222
45.6143
45.2017
44.7846
44.363
43.9369
43.5063
43.0714
42.6321
42.1885
41.7406
41.2885
40.8322
40.3719
39.9074
39.4389
38.9664
38.4899
38.0096
37.5254
37.0374
36.5457
36.0502
35.5511
35.0484
34.5422
34.0324
33.5192
33.0026
32.4826
31.9593
31.4328
30.9031
30.3702
29.8343
29.2953
28.7533
28.2084
27.6606
27.11
26.5566
26.0006
25.4418
24.8805
24.3166
23.7503
23.1815
22.6103
22.0368
21.4611
20.8831
20.303
19.7208
19.1366
18.5504
17.9623
17.3723
16.7806
16.1871
15.5919
14.9951
14.3968
13.7969
13.1957
12.593
11.989
11.3838
10.7773
10.1697
9.56107
8.95139
8.34075
7.72922
7.11686
6.50372
5.88988
5.27538
4.66029
4.04467
3.42859
2.81211
2.19528
1.57817
0.960841
0.343354
-0.274229
-0.891846
-1.50944
-2.12694
-2.74429
-3.36142
-3.97829
-4.59481
-5.21094
-5.82661
-6.44176
-7.05632
-7.67025
-8.28346
-8.89591
-9.50753
-10.1183
-10.728
-11.3368
-11.9445
-12.5511
-13.1564
-13.7605
-14.3633
-14.9648
-15.5647
-16.1632
-16.7602
-17.3555
-17.9491
-18.541
-19.1311
-19.7194
-20.3057
-20.8901
-21.4724
-22.0527
-22.6308
-23.2067
-23.7803
-24.3516
-24.9206
-25.4871
-26.0511
-26.6125
-27.1714
-27.7276
-28.2811
-28.8318
-29.3796
-29.9246
-30.4667
-31.0057
-31.5418
-32.0747
-32.6044
-33.131
-33.6543
-34.1743
-34.6909
-35.2041
-35.7138
-36.22
-36.7226
-37.2216
-37.717
-38.2086
-38.6965
-39.1805
-39.6606
-40.1369
-40.6091
-41.0774
-41.5416
-42.0017
-42.4576
-42.9094
-43.3569
-43.8001
-44.2389
-44.6734
-45.1035
-45.5291
-45.9501
-46.3667
-46.7786
-47.1859
-47.5885
-47.9864
-48.3796
-48.7679
-49.1514
-49.53
-49.9037
-50.2725
-50.6363
-50.995
-51.3487
-51.6973
-52.0407
-52.379
-52.7121
-53.0399
-53.3625
-53.6797
-53.9916
-54.2982
-54.5994
-54.8951
-55.1853
-55.4701
-55.7494
-56.0231
-56.2912
-56.5537
-56.8107
-57.0619
-57.3075
-57.5473
-57.7815
-58.0098
-58.2324
-58.4492
-58.6602
-58.8653
-59.0646
-59.258
-59.4454
-59.627
-59.8026
-59.9722
-60.1359
-60.2935
-60.4452
-60.5908
-60.7304
-60.8639
-60.9913
-61.1127
-61.2279
-61.3371
-61.4401
-61.537
-61.6277
-61.7123
-61.7907
-61.863
-61.929
-61.9889
-62.0426
-62.0901
-62.1314
-62.1665
-62.1954
-62.218
-62.2345
-62.2447
-62.2487
-62.2464
-62.238
-62.2233
-62.2024
-62.1752
-62.1419
-62.1023
-62.0565
-62.0045
-61.9463
-61.8819
-61.8113
-61.7346
-61.6516
-61.5625
-61.4672
-61.3657
-61.2581
-61.1444
-61.0245
-60.8985
-60.7664
-60.6282
-60.484
-60.3337
-60.1773
-60.0149
-59.8465
-59.6721
-59.4917
-59.3053
-59.113
-58.9148
-58.7106
-58.5006
-58.2846
-58.0629
-57.8353
-57.6019
-57.3627
-57.1177
-56.8671
-56.6107
-56.3486
-56.0808
-55.8074
-55.5285
-55.2439
-54.9538
-54.6581
-54.357
-54.0504
-53.7383
-53.4209
-53.0981
-52.7699
-52.4364
-52.0977
-51.7537
-51.4045
-51.0501
-50.6906
-50.326
-49.9563
-49.5815
-49.2018
-48.8171
-48.4275
-48.0331
-47.6337
-47.2296
-46.8207
-46.4071
-45.9888
-45.5659
-45.1383
-44.7062
-44.2696
-43.8286
-43.3831
-42.9332
-42.4789
-42.0204
-41.5577
-41.0907
-40.6196
-40.1443
-39.665
-39.1817
-38.6945
-38.2033
-37.7082
-37.2093
-36.7067
-36.2003
-35.6902
-35.1766
-34.6593
-34.1386
-33.6144
-33.0867
-32.5557
-32.0214
-31.4839
-30.9431
-30.3992
-29.8522
-29.3022
-28.7491
-28.1932
-27.6343
-27.0727
-26.5083
-25.9412
-25.3714
-24.799
-24.2241
-23.6467
-23.0669
-22.4847
-21.9003
-21.3135
-20.7246
-20.1336
-19.5404
-18.9453
-18.3482
-17.7492
-17.1484
-16.5458
-15.9415
-15.3356
-14.728
-14.1189
-13.5083
-12.8964
-12.283
-11.6684
-11.0526
-10.4356
-9.81746
-9.1983
-8.57816
-7.95709
-7.33518
-6.71246
-6.08901
-5.46489
-4.84017
-4.21489
-3.58913
-2.96295
-2.33641
-1.70958
-1.08251
-0.455268
0.17208
0.799474
1.42685
2.05415
2.6813
3.30825
3.93493
4.56128
5.18724
5.81274
6.43772
7.06212
7.68587
8.30892
8.9312
9.55265
10.1732
10.7928
11.4114
12.0289
12.6453
13.2604
13.8743
14.4869
15.0981
15.7078
16.316
16.9227
17.5277
18.131
18.7326
19.3324
19.9303
20.5262
21.1202
21.7121
22.3019
22.8895
23.4749
24.0581
24.6388
25.2172
25.7931
26.3664
26.9372
27.5054
28.0708
28.6336
29.1935
29.7505
30.3046
30.8558
31.4039
31.9489
32.4908
33.0295
33.5649
34.0971
34.6259
35.1512
35.6732
36.1916
36.7064
37.2176
37.7251
38.229
38.729
39.2252
39.7176
40.206
40.6905
41.1709
41.6473
42.1195
42.5876
43.0515
43.5111
43.9664
44.4174
44.8639
45.3061
45.7437
46.1768
46.6053
47.0292
47.4485
47.863
48.2728
48.6779
49.078
49.4734
49.8638
50.2492
50.6297
51.0052
51.3756
51.7409
52.101
52.456
52.8058
53.1503
53.4895
53.8235
54.152
54.4752
54.793
55.1054
55.4122
55.7136
56.0094
56.2996
56.5842
56.8632
57.1366
57.4042
57.6662
57.9224
58.1728
58.4175
58.6563
58.8893
59.1164
59.3376
59.5529
59.7623
59.9657
60.1632
60.3547
60.5401
60.7195
60.8929
61.0601
61.2213
61.3764
61.5254
61.6682
61.8049
61.9354
62.0597
62.1778
62.2897
62.3955
62.4949
62.5882
62.6752
62.7559
62.8303
62.8985
62.9604
63.0161
63.0654
63.1084
63.1451
63.1755
63.1996
63.2173
63.2288
63.2339
63.2327
63.2252
63.2114
63.1912
63.1647
63.1319
63.0928
63.0473
62.9956
62.9375
62.8732
62.8025
62.7256
62.6424
62.5529
62.4572
62.3552
62.2469
62.1324
62.0117
61.8848
61.7517
61.6124
61.4669
61.3152
61.1574
60.9935
60.8235
60.6473
60.4651
60.2768
60.0825
59.8821
59.6757
59.4634
59.245
59.0208
58.7906
58.5545
58.3125
58.0647
57.811
57.5515
57.2863
57.0153
56.7385
56.4561
56.168
55.8742
55.5748
55.2699
54.9593
54.6433
54.3218
53.9947
53.6623
53.3245
52.9813
52.6327
52.2789
51.9198
51.5555
51.1859
50.8113
50.4315
50.0466
49.6567
49.2618
48.8619
48.4571
48.0474
47.6328
47.2135
46.7893
46.3605
45.927
45.4888
45.0461
44.5988
44.147
43.6908
43.2301
42.765
42.2957
41.822
41.3442
40.8621
40.3759
39.8857
39.3914
38.8931
38.3908
37.8847
37.3747
36.861
36.3435
35.8223
35.2975
34.7691
34.2372
33.7018
33.1629
32.6208
32.0752
31.5265
30.9745
30.4194
29.8611
29.2999
28.7356
28.1684
27.5983
27.0255
26.4498
25.8715
25.2905
24.7069
24.1208
23.5322
22.9413
22.3479
21.7523
21.1544
20.5544
19.9522
19.348
18.7418
18.1336
17.5236
16.9118
16.2982
15.6829
15.066
14.4476
13.8276
13.2062
12.5833
11.9592
11.3338
10.7073
10.0795
9.45075
8.82096
8.19022
7.5586
6.92616
6.29296
5.65907
5.02455
4.38947
3.75388
3.11786
2.48146
1.84474
1.20778
0.570637
-0.0666292
-0.703952
-1.34127
-1.97851
-2.61563
-3.25254
-3.88919
-4.52552
-5.16146
-5.79695
-6.43191
-7.0663
-7.70005
-8.33309
-8.96536
-9.5968
-10.2273
-10.8569
-11.4855
-12.1129
-12.7393
-13.3644
-13.9882
-14.6107
-15.2318
-15.8515
-16.4696
-17.0861
-17.701
-18.3142
-18.9256
-19.5352
-20.1429
-20.7486
-21.3523
-21.9539
-22.5535
-23.1508
-23.7458
-24.3386
-24.9289
-25.5169
-26.1023
-26.6852
-27.2655
-27.8431
-28.418
-28.99
-29.5593
-30.1257
-30.6891
-31.2495
-31.8068
-32.361
-32.912
-33.4598
-34.0042
-34.5454
-35.0831
-35.6174
-36.1482
-36.6754
-37.199
-37.7189
-38.2352
-38.7476
-39.2562
-39.761
-40.2618
-40.7586
-41.2514
-41.7402
-42.2248
-42.7052
-43.1814
-43.6534
-44.121
-44.5843
-45.0431
-45.4975
-45.9474
-46.3928
-46.8335
-47.2696
-47.701
-48.1277
-48.5496
-48.9668
-49.379
-49.7864
-50.1888
-50.5862
-50.9787
-51.366
-51.7483
-52.1254
-52.4974
-52.8641
-53.2256
-53.5818
-53.9327
-54.2783
-54.6184
-54.9531
-55.2823
-55.6061
-55.9243
-56.237
-56.544
-56.8455
-57.1413
-57.4314
-57.7158
-57.9944
-58.2673
-58.5344
-58.7956
-59.051
-59.3005
-59.5441
-59.7818
-60.0136
-60.2393
-60.4591
-60.6728
-60.8805
-61.0821
-61.2776
-61.467
-61.6503
-61.8274
-61.9984
-62.1632
-62.3218
-62.4742
-62.6203
-62.7602
-62.8938
-63.0212
-63.1423
-63.257
-63.3655
-63.4676
-63.5634
-63.6529
-63.7359
-63.8127
-63.883
-63.947
-64.0046
-64.0558
-64.1005
-64.1389
-64.1709
-64.1964
-64.2156
-64.2283
-64.2346
-64.2345
-64.2279
-64.2149
-64.1955
-64.1697
-64.1375
-64.0988
-64.0538
-64.0023
-63.9444
-63.8801
-63.8094
-63.7324
-63.6489
-63.5591
-63.4629
-63.3604
-63.2515
-63.1363
-63.0147
-62.8869
-62.7527
-62.6123
-62.4655
-62.3125
-62.1533
-61.9878
-61.8162
-61.6383
-61.4542
-61.264
-61.0676
-60.8651
-60.6565
-60.4418
-60.2211
-59.9943
-59.7614
-59.5226
-59.2778
-59.0271
-58.7704
-58.5078
-58.2393
-57.965
-57.6849
-57.399
-57.1073
-56.8098
-56.5067
-56.1979
-55.8834
-55.5633
-55.2376
-54.9063
-54.5696
-54.2273
-53.8796
-53.5265
-53.1679
-52.8041
-52.4349
-52.0604
-51.6807
-51.2957
-50.9056
-50.5104
-50.1101
-49.7047
-49.2944
-48.879
-48.4587
-48.0336
-47.6036
-47.1688
-46.7292
-46.2849
-45.8359
-45.3823
-44.9242
-44.4614
-43.9942
-43.5226
-43.0465
-42.5661
-42.0814
-41.5925
-41.0993
-40.6019
-40.1005
-39.595
-39.0855
-38.572
-38.0546
-37.5334
-37.0084
-36.4796
-35.9471
-35.4109
-34.8712
-34.3279
-33.7811
-33.2309
-32.6773
-32.1204
-31.5603
-30.9969
-30.4303
-29.8607
-29.288
-28.7124
-28.1338
-27.5523
-26.968
-26.381
-25.7912
-25.1989
-24.6039
-24.0065
-23.4065
-22.8042
-22.1995
-21.5926
-20.9834
-20.3721
-19.7586
-19.1432
-18.5257
-17.9064
-17.2852
-16.6622
-16.0374
-15.411
-14.783
-14.1535
-13.5225
-12.89
-12.2563
-11.6212
-10.9849
-10.3474
-9.70887
-9.06927
-8.4287
-7.78723
-7.14491
-6.50182
-5.85801
-5.21355
-4.5685
-3.92294
-3.27691
-2.6305
-1.98375
-1.33675
-0.689541
-0.0422019
0.605206
1.25262
1.89997
2.5472
3.19423
3.84101
4.48748
5.13355
5.77918
6.4243
7.06884
7.71273
8.35592
8.99834
9.63992
10.2806
10.9203
11.559
12.1966
12.833
13.4683
14.1022
14.7348
15.366
15.9957
16.6239
17.2504
17.8753
18.4985
19.1199
19.7395
20.3571
20.9728
21.5864
22.1979
22.8073
23.4144
24.0193
24.6218
25.222
25.8196
26.4148
27.0073
27.5973
28.1845
28.7689
29.3506
29.9293
30.5052
31.078
31.6478
32.2145
32.778
33.3383
33.8953
34.4489
34.9992
35.5461
36.0894
36.6292
37.1654
37.6979
38.2267
38.7517
39.2729
39.7903
40.3037
40.8131
41.3185
41.8198
42.317
42.81
43.2988
43.7833
44.2634
44.7392
45.2106
45.6774
46.1398
46.5976
47.0508
47.4993
47.9431
48.3822
48.8164
49.2459
49.6704
50.09
50.5047
50.9143
51.3189
51.7184
52.1128
52.502
52.886
53.2648
53.6382
54.0063
54.3691
54.7265
55.0784
55.4248
55.7658
56.1012
56.431
56.7552
57.0738
57.3867
57.6939
57.9953
58.291
58.5809
58.8649
59.1431
59.4154
59.6818
59.9423
60.1968
60.4453
60.6877
60.9241
61.1545
61.3788
61.5969
61.8089
62.0148
62.2144
62.4079
62.5952
62.7762
62.9509
63.1194
63.2816
63.4374
63.587
63.7301
63.867
63.9974
64.1215
64.2392
64.3504
64.4553
64.5537
64.6456
64.7311
64.8102
64.8827
64.9488
65.0084
65.0615
65.1081
65.1482
65.1818
65.2088
65.2294
65.2434
65.2509
65.2519
65.2463
65.2343
65.2157
65.1906
65.1589
65.1208
65.0761
65.0249
64.9672
64.903
64.8323
64.7551
64.6714
64.5813
64.4847
64.3816
64.2721
64.1562
64.0338
63.905
63.7698
63.6282
63.4802
63.3259
63.1652
62.9982
62.8249
62.6452
62.4593
62.2671
62.0687
61.8641
61.6532
61.4362
61.213
60.9836
60.7481
60.5066
60.2589
60.0052
59.7455
59.4798
59.2081
58.9304
58.6469
58.3574
58.0621
57.7609
57.454
57.1412
56.8227
56.4985
56.1687
55.8331
55.492
55.1452
54.793
54.4352
54.0719
53.7032
53.329
52.9495
52.5647
52.1746
51.7792
51.3786
50.9728
50.5619
50.1459
49.7248
49.2987
48.8677
48.4317
47.9908
47.5451
47.0946
46.6393
46.1794
45.7147
45.2455
44.7716
44.2933
43.8104
43.3232
42.8315
42.3355
41.8353
41.3308
40.8221
40.3093
39.7924
39.2715
38.7466
38.2178
37.6851
37.1485
36.6082
36.0642
35.5166
34.9653
34.4105
33.8521
33.2904
32.7252
32.1567
31.585
31.01
30.4319
29.8507
29.2664
28.6791
28.089
27.4959
26.9001
26.3014
25.7001
25.0962
24.4897
23.8807
23.2693
22.6554
22.0392
21.4208
20.8002
20.1774
19.5525
18.9256
18.2968
17.6661
17.0335
16.3992
15.7631
15.1255
14.4862
13.8455
13.2033
12.5597
11.9148
11.2686
10.6212
9.97275
9.3232
8.67266
8.02118
7.36884
6.71569
6.06181
5.40725
4.75209
4.09639
3.44021
2.78362
2.12669
1.46948
0.812063
0.154494
-0.503156
-1.16082
-1.81844
-2.47594
-3.13325
-3.79032
-4.44708
-5.10346
-5.75939
-6.41481
-7.06966
-7.72386
-8.37736
-9.03009
-9.68197
-10.333
-10.983
-11.632
-12.2798
-12.9266
-13.5721
-14.2163
-14.8591
-15.5005
-16.1405
-16.7789
-17.4156
-18.0507
-18.6841
-19.3156
-19.9453
-20.573
-21.1988
-21.8225
-22.4441
-23.0635
-23.6806
-24.2955
-24.9079
-25.518
-26.1255
-26.7305
-27.3329
-27.9326
-28.5296
-29.1238
-29.7152
-30.3036
-30.889
-31.4715
-32.0508
-32.627
-33.2
-33.7697
-34.3361
-34.8991
-35.4587
-36.0148
-36.5673
-37.1163
-37.6616
-38.2032
-38.741
-39.275
-39.8051
-40.3313
-40.8535
-41.3717
-41.8858
-42.3958
-42.9015
-43.4031
-43.9003
-44.3932
-44.8817
-45.3658
-45.8454
-46.3204
-46.7909
-47.2567
-47.7179
-48.1743
-48.6259
-49.0728
-49.5147
-49.9518
-50.3839
-50.811
-51.2331
-51.6501
-52.062
-52.4687
-52.8702
-53.2665
-53.6575
-54.0431
-54.4234
-54.7983
-55.1677
-55.5316
-55.8901
-56.243
-56.5902
-56.9319
-57.2679
-57.5982
-57.9228
-58.2417
-58.5547
-58.8619
-59.1633
-59.4588
-59.7483
-60.0319
-60.3096
-60.5812
-60.8468
-61.1063
-61.3598
-61.6071
-61.8483
-62.0834
-62.3123
-62.5349
-62.7514
-62.9615
-63.1654
-63.363
-63.5543
-63.7393
-63.9179
-64.0901
-64.2559
-64.4153
-64.5683
-64.7149
-64.855
-64.9886
-65.1157
-65.2364
-65.3505
-65.4581
-65.5592
-65.6537
-65.7417
-65.8231
-65.8979
-65.9661
-66.0278
-66.0828
-66.1313
-66.1731
-66.2084
-66.237
-66.259
-66.2744
-66.2831
-66.2852
-66.2807
-66.2696
-66.2518
-66.2274
-66.1964
-66.1588
-66.1145
-66.0636
-66.0062
-65.9421
-65.8714
-65.7941
-65.7102
-65.6197
-65.5227
-65.4191
-65.309
-65.1923
-65.0691
-64.9394
-64.8031
-64.6604
-64.5112
-64.3555
-64.1934
-64.0248
-63.8498
-63.6684
-63.4807
-63.2865
-63.086
-62.8792
-62.6661
-62.4467
-62.221
-61.9891
-61.7509
-61.5066
-61.2561
-60.9994
-60.7366
-60.4677
-60.1927
-59.9117
-59.6247
-59.3316
-59.0327
-58.7277
-58.4169
-58.1002
-57.7777
-57.4493
-57.1152
-56.7753
-56.4297
-56.0785
-55.7216
-55.359
-54.991
-54.6173
-54.2382
-53.8536
-53.4636
-53.0682
-52.6675
-52.2615
-51.8501
-51.4336
-51.0119
-50.585
-50.1531
-49.716
-49.274
-48.827
-48.375
-47.9182
-47.4566
-46.9901
-46.5189
-46.043
-45.5625
-45.0773
-44.5876
-44.0934
-43.5947
-43.0916
-42.5842
-42.0724
-41.5564
-41.0362
-40.5118
-39.9833
-39.4508
-38.9143
-38.3738
-37.8294
-37.2812
-36.7293
-36.1735
-35.6142
-35.0512
-34.4846
-33.9145
-33.341
-32.7641
-32.1838
-31.6003
-31.0136
-30.4237
-29.8307
-29.2346
-28.6356
-28.0337
-27.4289
-26.8212
-26.2109
-25.5978
-24.9822
-24.364
-23.7432
-23.1201
-22.4946
-21.8667
-21.2366
-20.6043
-19.9699
-19.3335
-18.695
-18.0546
-17.4124
-16.7683
-16.1225
-15.475
-14.8259
-14.1753
-13.5231
-12.8696
-12.2147
-11.5585
-10.9011
-10.2425
-9.58288
-8.9222
-8.26057
-7.59804
-6.93468
-6.27057
-5.60576
-4.94033
-4.27434
-3.60785
-2.94093
-2.27366
-1.60608
-0.938287
-0.270328
0.397724
1.0658
1.73384
2.40178
3.06954
3.73706
4.40427
5.07111
5.73751
6.4034
7.06872
7.73339
8.39736
9.06056
9.72292
10.3844
11.0448
11.7043
12.3626
13.0198
13.6757
14.3303
14.9836
15.6354
16.2858
16.9345
17.5817
18.2271
18.8708
19.5127
20.1526
20.7907
21.4267
22.0606
22.6924
23.322
23.9493
24.5742
25.1968
25.817
26.4346
27.0496
27.662
28.2717
28.8786
29.4826
30.0838
30.6821
31.2773
31.8695
32.4585
33.0444
33.627
34.2063
34.7823
35.3548
35.9238
36.4893
37.0513
37.6095
38.1641
38.7149
39.2619
39.805
40.3442
40.8794
41.4106
41.9376
42.4606
42.9793
43.4938
44.004
44.5099
45.0114
45.5084
46.0009
46.4888
46.9722
47.4509
47.9249
48.3941
48.8586
49.3182
49.773
50.2228
50.6676
51.1074
51.5422
51.9718
52.3963
52.8156
53.2296
53.6384
54.0418
54.4399
54.8326
55.2198
55.6016
55.9778
56.3484
56.7135
57.0729
57.4267
57.7747
58.117
58.4536
58.7843
59.1092
59.4282
59.7413
60.0484
60.3496
60.6447
60.9339
61.2169
61.4939
61.7647
62.0294
62.288
62.5403
62.7864
63.0262
63.2598
63.487
63.7079
63.9225
64.1307
64.3326
64.528
64.7169
64.8994
65.0755
65.245
65.4081
65.5646
65.7146
65.858
65.9949
66.1252
66.2488
66.3659
66.4763
66.5801
66.6773
66.7678
66.8516
66.9287
66.9992
67.063
67.12
67.1704
67.214
67.251
67.2812
67.3047
67.3214
67.3315
67.3348
67.3313
67.3211
67.3042
67.2806
67.2502
67.2131
67.1693
67.1188
67.0615
66.9976
66.9269
66.8495
66.7654
66.6747
66.5773
66.4732
66.3624
66.245
66.121
65.9903
65.853
65.7092
65.5587
65.4017
65.2381
65.068
64.8913
64.7081
64.5185
64.3224
64.1198
63.9108
63.6954
63.4736
63.2454
63.0109
62.7701
62.5229
62.2695
62.0098
61.7439
61.4718
61.1935
60.9091
60.6186
60.3219
60.0192
59.7105
59.3958
59.0751
58.7484
58.4159
58.0774
57.7332
57.3831
57.0273
56.6657
56.2984
55.9254
55.5468
55.1627
54.7729
54.3777
53.977
53.5708
53.1592
52.7423
52.3201
51.8926
51.4598
51.0219
50.5788
50.1307
49.6774
49.2192
48.756
48.2878
47.8148
47.337
46.8543
46.367
45.8749
45.3783
44.877
44.3712
43.8609
43.3462
42.827
42.3036
41.7759
41.2439
40.7078
40.1675
39.6232
39.0748
38.5225
37.9663
37.4062
36.8423
36.2747
35.7034
35.1285
34.55
33.968
33.3825
32.7937
32.2015
31.606
31.0073
30.4054
29.8005
29.1925
28.5815
27.9676
27.3508
26.7313
26.109
25.484
24.8565
24.2263
23.5937
22.9587
22.3213
21.6816
21.0397
20.3956
19.7494
19.1012
18.451
17.7989
17.1449
16.4892
15.8318
15.1727
14.512
13.8498
13.1861
12.5211
11.8547
11.1871
10.5183
9.84841
9.17744
8.50549
7.83263
7.15891
6.48441
5.80919
5.13332
4.45688
3.77992
3.10251
2.42473
1.74664
1.0683
0.389789
-0.288829
-0.967485
-1.64611
-2.32464
-3.00301
-3.68114
-4.35898
-5.03644
-5.71347
-6.39
-7.06595
-7.74127
-8.41588
-9.08971
-9.76271
-10.4348
-11.1059
-11.776
-12.4449
-13.1127
-13.7792
-14.4444
-15.1083
-15.7707
-16.4316
-17.0909
-17.7486
-18.4045
-19.0587
-19.711
-20.3615
-21.0099
-21.6564
-22.3007
-22.9429
-23.5828
-24.2204
-24.8557
-25.4886
-26.1189
-26.7468
-27.372
-27.9945
-28.6143
-29.2313
-29.8455
-30.4567
-31.0649
-31.6701
-32.2722
-32.8711
-33.4668
-34.0592
-34.6482
-35.2339
-35.816
-36.3947
-36.9698
-37.5412
-38.1089
-38.6729
-39.2331
-39.7894
-40.3418
-40.8902
-41.4346
-41.9749
-42.511
-43.0429
-43.5706
-44.094
-44.613
-45.1277
-45.6378
-46.1435
-46.6445
-47.141
-47.6328
-48.1199
-48.6022
-49.0797
-49.5524
-50.0201
-50.4829
-50.9407
-51.3934
-51.8411
-52.2836
-52.7209
-53.153
-53.5798
-54.0013
-54.4175
-54.8282
-55.2335
-55.6334
-56.0277
-56.4164
-56.7995
-57.177
-57.5488
-57.9149
-58.2753
-58.6298
-58.9785
-59.3214
-59.6583
-59.9894
-60.3144
-60.6335
-60.9465
-61.2535
-61.5544
-61.8491
-62.1377
-62.4201
-62.6963
-62.9663
-63.2299
-63.4873
-63.7384
-63.9831
-64.2214
-64.4534
-64.6789
-64.898
-65.1106
-65.3167
-65.5163
-65.7094
-65.8959
-66.0759
-66.2492
-66.416
-66.5761
-66.7296
-66.8764
-67.0166
-67.15
-67.2768
-67.3969
-67.5102
-67.6168
-67.7166
-67.8097
-67.896
-67.9755
-68.0482
-68.1142
-68.1733
-68.2256
-68.2711
-68.3098
-68.3416
-68.3667
-68.3848
-68.3962
-68.4007
-68.3984
-68.3892
-68.3732
-68.3503
-68.3206
-68.2841
-68.2408
-68.1906
-68.1336
-68.0698
-67.9991
-67.9217
-67.8374
-67.7464
-67.6486
-67.544
-67.4326
-67.3145
-67.1896
-67.058
-66.9197
-66.7747
-66.623
-66.4646
-66.2996
-66.1279
-65.9496
-65.7646
-65.5731
-65.375
-65.1703
-64.9591
-64.7414
-64.5172
-64.2865
-64.0494
-63.8058
-63.5558
-63.2995
-63.0368
-62.7677
-62.4924
-62.2107
-61.9229
-61.6288
-61.3285
-61.0221
-60.7095
-60.3908
-60.066
-59.7352
-59.3985
-59.0557
-58.707
-58.3524
-57.9919
-57.6255
-57.2534
-56.8755
-56.4919
-56.1026
-55.7077
-55.3071
-54.901
-54.4893
-54.0722
-53.6496
-53.2216
-52.7882
-52.3495
-51.9056
-51.4563
-51.0019
-50.5424
-50.0778
-49.6081
-49.1334
-48.6537
-48.1691
-47.6797
-47.1854
-46.6864
-46.1826
-45.6742
-45.1612
-44.6436
-44.1215
-43.5949
-43.0639
-42.5285
-41.9889
-41.445
-40.8969
-40.3446
-39.7883
-39.2279
-38.6635
-38.0952
-37.5231
-36.9471
-36.3674
-35.784
-35.197
-34.6064
-34.0122
-33.4146
-32.8136
-32.2093
-31.6016
-30.9908
-30.3768
-29.7597
-29.1395
-28.5164
-27.8904
-27.2615
-26.6298
-25.9954
-25.3584
-24.7187
-24.0765
-23.4319
-22.7848
-22.1354
-21.4837
-20.8297
-20.1737
-19.5155
-18.8554
-18.1933
-17.5293
-16.8635
-16.1959
-15.5266
-14.8557
-14.1833
-13.5094
-12.8341
-12.1574
-11.4794
-10.8002
-10.1199
-9.4385
-8.75608
-8.07271
-7.38847
-6.70342
-6.01763
-5.33117
-4.64411
-3.95652
-3.26846
-2.58001
-1.89123
-1.20219
-0.512961
0.176387
0.865786
1.55517
2.24446
2.9336
3.62252
4.31114
4.9994
5.68722
6.37455
7.06131
7.74743
8.43285
9.11749
9.80129
10.4842
11.1661
11.8469
12.5267
13.2052
13.8825
14.5585
15.2331
15.9063
16.5779
17.2479
17.9163
18.5829
19.2478
19.9107
20.5718
21.2309
21.8879
22.5428
23.1955
23.846
24.4941
25.1399
25.7832
26.4239
27.0621
27.6977
28.3306
28.9607
29.5879
30.2123
30.8337
31.4521
32.0674
32.6795
33.2884
33.8941
34.4965
35.0954
35.6909
36.2829
36.8714
37.4562
38.0373
38.6147
39.1882
39.7579
40.3237
40.8855
41.4433
41.997
42.5465
43.0919
43.633
44.1697
44.7022
45.2302
45.7537
46.2727
46.7871
47.2969
47.8021
48.3025
48.7981
49.2889
49.7748
50.2557
50.7317
51.2027
51.6686
52.1294
52.585
53.0354
53.4805
53.9204
54.3549
54.784
55.2076
55.6258
56.0385
56.4456
56.8471
57.2429
57.6331
58.0175
58.3962
58.7691
59.1361
59.4973
59.8526
60.2019
60.5452
60.8825
61.2137
61.5388
61.8579
62.1708
62.4774
62.7779
63.0721
63.3601
63.6417
63.917
64.186
64.4485
64.7046
64.9543
65.1975
65.4343
65.6645
65.8881
66.1052
66.3157
66.5196
66.7169
66.9075
67.0914
67.2686
67.4392
67.603
67.76
67.9103
68.0539
68.1906
68.3205
68.4437
68.5599
68.6694
68.7719
68.8677
68.9565
69.0384
69.1135
69.1816
69.2429
69.2972
69.3446
69.3851
69.4186
69.4452
69.4648
69.4775
69.4833
69.4821
69.474
69.4589
69.4369
69.4079
69.372
69.3291
69.2793
69.2226
69.1589
69.0883
69.0108
68.9264
68.8351
68.7369
68.6318
68.5199
68.401
68.2754
68.1429
68.0035
67.8574
67.7044
67.5447
67.3782
67.2049
67.0249
66.8382
66.6447
66.4446
66.2378
66.0244
65.8044
65.5777
65.3445
65.1047
64.8584
64.6056
64.3463
64.0805
63.8083
63.5297
63.2447
62.9533
62.6556
62.3517
62.0414
61.7249
61.4023
61.0734
60.7384
60.3973
60.0502
59.6969
59.3377
58.9725
58.6014
58.2244
57.8415
57.4528
57.0584
56.6581
56.2522
55.8406
55.4234
55.0006
54.5722
54.1384
53.699
53.2543
52.8042
52.3488
51.8881
51.4222
50.9511
50.4748
49.9934
49.507
49.0156
48.5193
48.018
47.5119
47.001
46.4853
45.965
45.4399
44.9103
44.3762
43.8375
43.2945
42.747
42.1952
41.6391
41.0788
40.5144
39.9458
39.3732
38.7966
38.2161
37.6316
37.0434
36.4514
35.8557
35.2563
34.6534
34.0469
33.437
32.8236
32.207
31.587
30.9638
30.3375
29.708
29.0755
28.4401
27.8017
27.1605
26.5166
25.8699
25.2205
24.5686
23.9141
23.2572
22.5979
21.9363
21.2724
20.6063
19.9381
19.2679
18.5956
17.9214
17.2454
16.5675
15.888
15.2067
14.5239
13.8396
13.1538
12.4666
11.7781
11.0884
10.3975
9.70549
9.01244
8.31841
7.62348
6.92772
6.2312
5.53398
4.83614
4.13775
3.43887
2.73958
2.03995
1.34004
0.639932
-0.0603132
-0.760623
-1.46093
-2.16115
-2.86123
-3.5611
-4.26068
-4.9599
-5.6587
-6.357
-7.05473
-7.75183
-8.44823
-9.14385
-9.83862
-10.5325
-11.2254
-11.9172
-12.6079
-13.2974
-13.9856
-14.6725
-15.3581
-16.0421
-16.7246
-17.4055
-18.0848
-18.7623
-19.438
-20.1118
-20.7837
-21.4535
-22.1213
-22.7869
-23.4504
-24.1115
-24.7703
-25.4267
-26.0806
-26.732
-27.3807
-28.0268
-28.6702
-29.3107
-29.9484
-30.5831
-31.2149
-31.8436
-32.4692
-33.0916
-33.7107
-34.3265
-34.939
-35.548
-36.1536
-36.7555
-37.3539
-37.9486
-38.5395
-39.1267
-39.71
-40.2894
-40.8648
-41.4362
-42.0035
-42.5667
-43.1257
-43.6804
-44.2308
-44.7768
-45.3184
-45.8555
-46.3881
-46.9161
-47.4395
-47.9582
-48.4721
-48.9812
-49.4855
-49.9849
-50.4793
-50.9688
-51.4532
-51.9325
-52.4066
-52.8756
-53.3393
-53.7978
-54.2509
-54.6986
-55.1409
-55.5777
-56.009
-56.4348
-56.8549
-57.2694
-57.6782
-58.0813
-58.4787
-58.8702
-59.2559
-59.6356
-60.0095
-60.3774
-60.7393
-61.0952
-61.4449
-61.7886
-62.1261
-62.4575
-62.7826
-63.1015
-63.4141
-63.7204
-64.0204
-64.314
-64.6012
-64.8819
-65.1562
-65.424
-65.6853
-65.9401
-66.1883
-66.4299
-66.6648
-66.8931
-67.1148
-67.3298
-67.538
-67.7396
-67.9343
-68.1223
-68.3035
-68.4779
-68.6455
-68.8062
-68.9601
-69.107
-69.2471
-69.3803
-69.5065
-69.6258
-69.7381
-69.8435
-69.9419
-70.0334
-70.1178
-70.1952
-70.2657
-70.3291
-70.3854
-70.4348
-70.4771
-70.5123
-70.5405
-70.5617
-70.5758
-70.5828
-70.5828
-70.5758
-70.5616
-70.5405
-70.5122
-70.4769
-70.4346
-70.3852
-70.3288
-70.2653
-70.1948
-70.1172
-70.0327
-69.9411
-69.8426
-69.737
-69.6244
-69.5049
-69.3784
-69.245
-69.1046
-68.9573
-68.8031
-68.642
-68.4741
-68.2992
-68.1175
-67.929
-67.7337
-67.5315
-67.3226
-67.107
-66.8846
-66.6555
-66.4197
-66.1773
-65.9282
-65.6724
-65.4101
-65.1413
-64.8659
-64.5839
-64.2955
-64.0007
-63.6994
-63.3916
-63.0776
-62.7572
-62.4305
-62.0975
-61.7582
-61.4128
-61.0612
-60.7034
-60.3395
-59.9696
-59.5936
-59.2116
-58.8237
-58.4299
-58.0301
-57.6245
-57.2132
-56.796
-56.3732
-55.9446
-55.5104
-55.0707
-54.6253
-54.1745
-53.7182
-53.2565
-52.7894
-52.317
-51.8393
-51.3564
-50.8683
-50.375
-49.8767
-49.3733
-48.865
-48.3517
-47.8335
-47.3105
-46.7827
-46.2502
-45.713
-45.1712
-44.6248
-44.0738
-43.5185
-42.9587
-42.3945
-41.8261
-41.2534
-40.6766
-40.0956
-39.5105
-38.9215
-38.3285
-37.7316
-37.1308
-36.5263
-35.9181
-35.3062
-34.6908
-34.0718
-33.4493
-32.8234
-32.1942
-31.5617
-30.926
-30.2871
-29.6451
-29.0001
-28.3522
-27.7013
-27.0476
-26.3911
-25.732
-25.0702
-24.4058
-23.7389
-23.0695
-22.3978
-21.7238
-21.0476
-20.3692
-19.6886
-19.0061
-18.3215
-17.6351
-16.9468
-16.2568
-15.5651
-14.8717
-14.1768
-13.4804
-12.7826
-12.0834
-11.383
-10.6813
-9.97854
-9.27469
-8.56984
-7.86406
-7.15742
-6.45
-5.74186
-5.03307
-4.32371
-3.61385
-2.90356
-2.1929
-1.48196
-0.770791
-0.0594777
0.651913
1.36331
2.07464
2.78584
3.49682
4.20753
4.91789
5.62783
6.33728
7.04616
7.75441
8.46196
9.16873
9.87465
10.5797
11.2837
11.9866
12.6885
13.3891
14.0885
14.7865
15.4831
16.1783
16.8718
17.5638
18.2541
18.9426
19.6293
20.3141
20.997
21.6778
22.3565
23.0331
23.7074
24.3794
25.049
25.7162
26.3809
27.0431
27.7025
28.3593
29.0133
29.6645
30.3128
30.9581
31.6004
32.2395
32.8756
33.5084
34.1379
34.764
35.3868
36.006
36.6218
37.2339
37.8424
38.4471
39.0481
39.6452
40.2384
40.8276
41.4129
41.994
42.571
43.1438
43.7123
44.2766
44.8364
45.3918
45.9428
46.4892
47.031
47.5682
48.1006
48.6283
49.1512
49.6692
50.1824
50.6905
51.1936
51.6917
52.1846
52.6724
53.1549
53.6322
54.1042
54.5708
55.032
55.4877
55.938
56.3827
56.8218
57.2552
57.683
58.105
58.5213
58.9318
59.3364
59.7351
60.1279
60.5147
60.8955
61.2703
61.6389
62.0015
62.3578
62.708
63.0519
63.3896
63.721
64.046
64.3646
64.6769
64.9827
65.282
65.5749
65.8612
66.1409
66.4141
66.6807
66.9406
67.1938
67.4404
67.6802
67.9133
68.1396
68.3591
68.5718
68.7777
68.9767
69.1689
69.3541
69.5325
69.7039
69.8683
70.0258
70.1763
70.3197
70.4562
70.5856
70.708
70.8233
70.9316
71.0328
71.1269
71.2138
71.2937
71.3664
71.4321
71.4905
71.5419
71.5861
71.6231
71.653
71.6757
71.6912
71.6996
71.7008
71.6948
71.6817
71.6614
71.6339
71.5993
71.5575
71.5085
71.4524
71.3892
71.3187
71.2412
71.1565
71.0647
70.9658
70.8598
70.7466
70.6264
70.4991
70.3648
70.2234
70.075
69.9195
69.757
69.5876
69.4111
69.2278
69.0374
68.8402
68.636
68.425
68.2071
67.9823
67.7507
67.5124
67.2672
67.0153
66.7567
66.4914
66.2194
65.9408
65.6555
65.3636
65.0652
64.7602
64.4488
64.1308
63.8064
63.4756
63.1384
62.7949
62.445
62.0889
61.7266
61.358
60.9832
60.6023
60.2153
59.8223
59.4232
59.0182
58.6072
58.1903
57.7675
57.339
56.9046
56.4645
56.0187
55.5673
55.1103
54.6477
54.1796
53.7061
53.2271
52.7428
52.2531
51.7581
51.258
50.7526
50.2422
49.7266
49.206
48.6805
48.15
47.6147
47.0746
46.5297
45.9801
45.4258
44.8669
44.3035
43.7356
43.1633
42.5866
42.0056
41.4203
40.8308
40.2372
39.6395
39.0378
38.4321
37.8225
37.2091
36.5919
35.9709
35.3463
34.7181
34.0864
33.4512
32.8126
32.1707
31.5254
30.877
30.2254
29.5707
28.913
28.2523
27.5887
26.9223
26.2532
25.5814
24.9069
24.2299
23.5504
22.8684
22.1841
21.4976
20.8088
20.1178
19.4248
18.7297
18.0328
17.3339
16.6333
15.9309
15.2268
14.5212
13.814
13.1054
12.3954
11.6841
10.9715
10.2578
9.54296
8.82711
8.11032
7.39263
6.67414
5.95491
5.23501
4.51451
3.7935
3.07203
2.35018
1.62802
0.905629
0.183075
-0.53957
-1.26223
-1.98484
-2.70733
-3.42961
-4.15162
-4.87329
-5.59455
-6.31532
-7.03553
-7.7551
-8.47398
-9.19208
-9.90933
-10.6257
-11.341
-12.0553
-12.7684
-13.4804
-14.191
-14.9003
-15.6082
-16.3146
-17.0195
-17.7227
-18.4242
-19.1239
-19.8218
-20.5178
-21.2118
-21.9038
-22.5936
-23.2812
-23.9666
-24.6497
-25.3303
-26.0085
-26.6842
-27.3572
-28.0276
-28.6953
-29.3601
-30.0221
-30.6811
-31.3372
-31.9901
-32.64
-33.2866
-33.93
-34.57
-35.2067
-35.8399
-36.4696
-37.0956
-37.7181
-38.3368
-38.9518
-39.5629
-40.1702
-40.7734
-41.3727
-41.9679
-42.5589
-43.1458
-43.7284
-44.3067
-44.8806
-45.45
-46.015
-46.5755
-47.1313
-47.6825
-48.229
-48.7707
-49.3075
-49.8395
-50.3666
-50.8887
-51.4058
-51.9177
-52.4245
-52.9262
-53.4226
-53.9137
-54.3994
-54.8798
-55.3547
-55.8241
-56.288
-56.7463
-57.199
-57.646
-58.0873
-58.5229
-58.9526
-59.3764
-59.7944
-60.2064
-60.6125
-61.0125
-61.4065
-61.7944
-62.1761
-62.5517
-62.921
-63.2841
-63.6409
-63.9913
-64.3354
-64.6731
-65.0044
-65.3292
-65.6474
-65.9592
-66.2644
-66.563
-66.855
-67.1403
-67.4189
-67.6908
-67.956
-68.2144
-68.466
-68.7108
-68.9488
-69.1798
-69.404
-69.6213
-69.8316
-70.0349
-70.2313
-70.4207
-70.603
-70.7783
-70.9466
-71.1077
-71.2618
-71.4088
-71.5486
-71.6813
-71.8068
-71.9252
-72.0364
-72.1404
-72.2372
-72.3268
-72.4091
-72.4843
-72.5521
-72.6128
-72.6662
-72.7123
-72.7511
-72.7827
-72.807
-72.824
-72.8338
-72.8362
-72.8314
-72.8193
-72.7999
-72.7733
-72.7393
-72.6981
-72.6496
-72.5938
-72.5308
-72.4605
-72.3829
-72.2982
-72.2061
-72.1069
-72.0004
-71.8867
-71.7658
-71.6377
-71.5025
-71.36
-71.2105
-71.0537
-70.8899
-70.719
-70.541
-70.3559
-70.1637
-69.9645
-69.7583
-69.5451
-69.325
-69.0978
-68.8638
-68.6228
-68.3749
-68.1202
-67.8587
-67.5903
-67.3151
-67.0332
-66.7446
-66.4492
-66.1472
-65.8385
-65.5233
-65.2014
-64.873
-64.538
-64.1966
-63.8487
-63.4944
-63.1337
-62.7667
-62.3934
-62.0137
-61.6279
-61.2358
-60.8376
-60.4332
-60.0228
-59.6063
-59.1838
-58.7554
-58.321
-57.8808
-57.4347
-56.9829
-56.5253
-56.062
-55.593
-55.1185
-54.6384
-54.1527
-53.6617
-53.1651
-52.6633
-52.1561
-51.6436
-51.126
-50.6031
-50.0752
-49.5422
-49.0042
-48.4612
-47.9133
-47.3606
-46.8031
-46.2409
-45.6739
-45.1024
-44.5263
-43.9456
-43.3606
-42.7711
-42.1773
-41.5792
-40.9769
-40.3704
-39.7599
-39.1453
-38.5267
-37.9042
-37.2779
-36.6477
-36.0139
-35.3764
-34.7352
-34.0906
-33.4424
-32.7909
-32.136
-31.4778
-30.8165
-30.1519
-29.4843
-28.8137
-28.1401
-27.4637
-26.7844
-26.1024
-25.4177
-24.7304
-24.0405
-23.3482
-22.6535
-21.9564
-21.2571
-20.5556
-19.852
-19.1463
-18.4386
-17.729
-17.0175
-16.3043
-15.5894
-14.8728
-14.1547
-13.4351
-12.7141
-11.9918
-11.2681
-10.5433
-9.81737
-9.09036
-8.36237
-7.63348
-6.90374
-6.17325
-5.44206
-4.71026
-3.97791
-3.24509
-2.51187
-1.77833
-1.04454
-0.310567
0.423508
1.15761
1.89168
2.62563
3.35938
4.09288
4.82604
5.55879
6.29106
7.02277
7.75386
8.48424
9.21384
9.9426
10.6704
11.3973
12.1231
12.8477
13.5711
14.2932
15.014
15.7334
16.4512
17.1675
17.8821
18.5951
19.3062
20.0154
20.7228
21.4281
22.1314
22.8325
23.5314
24.228
24.9223
25.6142
26.3035
26.9903
27.6745
28.3559
29.0346
29.7105
30.3834
31.0534
31.7204
32.3842
33.0449
33.7023
34.3565
35.0072
35.6545
36.2984
36.9386
37.5752
38.2082
38.8373
39.4627
40.0842
40.7017
41.3152
41.9247
42.53
43.1311
43.728
44.3205
44.9087
45.4925
46.0717
46.6464
47.2165
47.782
48.3427
48.8986
49.4497
49.9959
50.5372
51.0735
51.6047
52.1308
52.6518
53.1675
53.678
54.1831
54.6829
55.1773
55.6662
56.1496
56.6274
57.0996
57.5661
58.0269
58.482
58.9313
59.3747
59.8122
60.2438
60.6694
61.089
61.5025
61.9099
62.3112
62.7062
63.0951
63.4776
63.8539
64.2238
64.5873
64.9444
65.2951
65.6392
65.9768
66.3079
66.6323
66.9502
67.2613
67.5658
67.8635
68.1545
68.4387
68.7161
68.9866
69.2503
69.5071
69.7569
69.9998
70.2357
70.4646
70.6865
70.9014
71.1092
71.3098
71.5034
71.6899
71.8692
72.0413
72.2062
72.364
72.5145
72.6578
72.7938
72.9225
73.044
73.1582
73.2651
73.3647
73.4569
73.5418
73.6194
73.6896
73.7524
73.8079
73.856
73.8967
73.9301
73.956
73.9746
73.9857
73.9895
73.9858
73.9748
73.9563
73.9305
73.8973
73.8567
73.8086
73.7532
73.6905
73.6203
73.5428
73.4579
73.3657
73.2661
73.1591
73.0449
72.9233
72.7945
72.6583
72.5148
72.3641
72.2062
72.041
71.8686
71.6889
71.5021
71.3082
71.107
70.8988
70.6834
70.461
70.2314
69.9949
69.7513
69.5007
69.2431
68.9786
68.7071
68.4288
68.1436
67.8515
67.5526
67.247
66.9346
66.6154
66.2896
65.9571
65.618
65.2723
64.92
64.5612
64.1959
63.8242
63.446
63.0614
62.6705
62.2733
61.8699
61.4602
61.0443
60.6222
60.1941
59.7599
59.3197
58.8735
58.4214
57.9633
57.4995
57.0298
56.5544
56.0733
55.5866
55.0942
54.5963
54.0928
53.5839
53.0696
52.55
52.025
51.4948
50.9594
50.4188
49.8731
49.3224
48.7667
48.206
47.6405
47.0702
46.4951
45.9153
45.3309
44.7418
44.1482
43.5502
42.9477
42.3409
41.7298
41.1144
40.4949
39.8713
39.2436
38.6119
37.9763
37.3369
36.6936
36.0466
35.396
34.7417
34.0839
33.4226
32.7579
32.0899
31.4186
30.7441
30.0664
29.3857
28.702
28.0153
27.3258
26.6334
25.9383
25.2406
24.5403
23.8374
23.1321
22.4244
21.7144
21.0021
20.2877
19.5712
18.8526
18.1321
17.4097
16.6855
15.9596
15.232
14.5028
13.772
13.0398
12.3063
11.5714
10.8353
10.098
9.3597
8.62035
7.88007
7.13892
6.39699
5.65434
4.91105
4.1672
3.42285
2.67809
1.93299
1.18761
0.442048
-0.303636
-1.04936
-1.79506
-2.54065
-3.28607
-4.03123
-4.77606
-5.52049
-6.26444
-7.00783
-7.75061
-8.49268
-9.23397
-9.97442
-10.7139
-11.4525
-12.1899
-12.9262
-13.6613
-14.3951
-15.1275
-15.8585
-16.588
-17.3159
-18.0421
-18.7666
-19.4893
-20.2102
-20.929
-21.6459
-22.3607
-23.0732
-23.7836
-24.4917
-25.1973
-25.9006
-26.6013
-27.2994
-27.9948
-28.6875
-29.3775
-30.0645
-30.7486
-31.4298
-32.1078
-32.7827
-33.4544
-34.1228
-34.7878
-35.4495
-36.1076
-36.7623
-37.4133
-38.0606
-38.7042
-39.344
-39.9799
-40.6119
-41.2399
-41.8638
-42.4836
-43.0992
-43.7106
-44.3176
-44.9203
-45.5186
-46.1123
-46.7016
-47.2862
-47.8661
-48.4413
-49.0117
-49.5773
-50.1379
-50.6936
-51.2443
-51.79
-52.3305
-52.8658
-53.3959
-53.9207
-54.4401
-54.9542
-55.4628
-55.966
-56.4636
-56.9555
-57.4419
-57.9225
-58.3974
-58.8665
-59.3298
-59.7872
-60.2387
-60.6841
-61.1236
-61.557
-61.9842
-62.4053
-62.8203
-63.2289
-63.6313
-64.0274
-64.4171
-64.8004
-65.1773
-65.5476
-65.9115
-66.2688
-66.6195
-66.9636
-67.301
-67.6318
-67.9558
-68.273
-68.5835
-68.8871
-69.1838
-69.4737
-69.7567
-70.0327
-70.3017
-70.5637
-70.8187
-71.0666
-71.3075
-71.5412
-71.7679
-71.9873
-72.1996
-72.4047
-72.6026
-72.7932
-72.9766
-73.1527
-73.3214
-73.4829
-73.6371
-73.7839
-73.9233
-74.0553
-74.18
-74.2973
-74.4071
-74.5095
-74.6045
-74.692
-74.772
-74.8446
-74.9097
-74.9674
-75.0175
-75.0601
-75.0953
-75.1229
-75.143
-75.1556
-75.1607
-75.1583
-75.1484
-75.1309
-75.1059
-75.0735
-75.0335
-74.986
-74.931
-74.8685
-74.7985
-74.721
-74.636
-74.5436
-74.4437
-74.3363
-74.2215
-74.0993
-73.9697
-73.8326
-73.6881
-73.5363
-73.3771
-73.2105
-73.0366
-72.8554
-72.6669
-72.4711
-72.268
-72.0576
-71.8401
-71.6153
-71.3834
-71.1443
-70.898
-70.6447
-70.3842
-70.1167
-69.8422
-69.5606
-69.2721
-68.9766
-68.6741
-68.3648
-68.0486
-67.7256
-67.3958
-67.0591
-66.7158
-66.3657
-66.009
-65.6457
-65.2757
-64.8992
-64.5161
-64.1266
-63.7306
-63.3282
-62.9194
-62.5043
-62.0829
-61.6552
-61.2213
-60.7813
-60.3351
-59.8829
-59.4247
-58.9604
-58.4902
-58.0141
-57.5322
-57.0444
-56.5509
-56.0517
-55.5469
-55.0364
-54.5204
-53.9989
-53.4719
-52.9395
-52.4018
-51.8588
-51.3106
-50.7571
-50.1986
-49.6349
-49.0662
-48.4926
-47.9141
-47.3307
-46.7425
-46.1496
-45.552
-44.9498
-44.3431
-43.7318
-43.1162
-42.4961
-41.8717
-41.2431
-40.6103
-39.9734
-39.3324
-38.6874
-38.0385
-37.3857
-36.7291
-36.0688
-35.4048
-34.7372
-34.066
-33.3914
-32.7134
-32.032
-31.3474
-30.6595
-29.9685
-29.2745
-28.5774
-27.8775
-27.1746
-26.469
-25.7607
-25.0497
-24.3362
-23.6201
-22.9016
-22.1808
-21.4576
-20.7322
-20.0047
-19.2752
-18.5436
-17.8101
-17.0747
-16.3375
-15.5987
-14.8582
-14.1162
-13.3726
-12.6277
-11.8814
-11.1338
-10.3851
-9.63527
-8.88438
-8.13253
-7.37979
-6.62624
-5.87196
-5.117
-4.36147
-3.60542
-2.84893
-2.09208
-1.33495
-0.577611
0.179864
0.937396
1.69491
2.45233
3.20958
3.96659
4.72327
5.47956
6.23538
6.99064
7.74529
8.49923
9.2524
10.0047
10.7561
11.5065
12.2558
13.004
13.7509
14.4966
15.2409
15.9837
16.725
17.4647
18.2027
18.939
19.6734
20.406
21.1366
21.8651
22.5916
23.3158
24.0378
24.7575
25.4747
26.1895
26.9018
27.6114
28.3183
29.0225
29.7238
30.4222
31.1177
31.8101
32.4994
33.1856
33.8684
34.548
35.2242
35.8969
36.5661
37.2317
37.8936
38.5518
39.2063
39.8568
40.5035
41.1462
41.7848
42.4193
43.0496
43.6757
44.2975
44.9149
45.5279
46.1364
46.7403
47.3397
47.9343
48.5242
49.1093
49.6896
50.265
50.8354
51.4007
51.961
52.5162
53.0661
53.6108
54.1502
54.6842
55.2128
55.736
56.2536
56.7657
57.2721
57.7728
58.2678
58.7571
59.2405
59.718
60.1897
60.6553
61.1149
61.5685
62.0159
62.4572
62.8923
63.3212
63.7437
64.1599
64.5698
64.9732
65.3702
65.7607
66.1446
66.522
66.8927
67.2568
67.6142
67.9649
68.3088
68.646
68.9763
69.2997
69.6162
69.9258
70.2285
70.5241
70.8127
71.0943
71.3688
71.6362
71.8964
72.1495
72.3954
72.6341
72.8655
73.0897
73.3066
73.5161
73.7184
73.9133
74.1008
74.281
74.4537
74.619
74.7768
74.9272
75.0701
75.2055
75.3334
75.4538
75.5667
75.672
75.7698
75.8599
75.9426
76.0176
76.085
76.1448
76.1971
76.2417
76.2786
76.308
76.3297
76.3438
76.3503
76.3491
76.3403
76.3239
76.2998
76.2681
76.2288
76.1818
76.1273
76.0651
75.9953
75.9178
75.8328
75.7402
75.64
75.5323
75.4169
75.294
75.1636
75.0257
74.8802
74.7272
74.5667
74.3988
74.2234
74.0406
73.8503
73.6527
73.4476
73.2352
73.0155
72.7884
72.554
72.3124
72.0635
71.8073
71.544
71.2734
70.9957
70.7109
70.419
70.12
69.814
69.501
69.181
68.854
68.5201
68.1793
67.8317
67.4773
67.116
66.7481
66.3734
65.992
65.604
65.2094
64.8083
64.4006
63.9864
63.5658
63.1388
62.7055
62.2658
61.8199
61.3677
60.9094
60.4449
59.9743
59.4977
59.0151
58.5265
58.0321
57.5317
57.0256
56.5137
55.9962
55.4729
54.9441
54.4097
53.8698
53.3245
52.7738
52.2178
51.6565
51.09
50.5183
49.9415
49.3596
48.7728
48.181
47.5843
46.9828
46.3766
45.7656
45.1501
44.5299
43.9052
43.2761
42.6426
42.0048
41.3627
40.7164
40.0659
39.4114
38.7529
38.0904
37.4241
36.7539
36.0801
35.4025
34.7213
34.0366
33.3484
32.6568
31.9619
31.2637
30.5623
29.8578
29.1503
28.4397
27.7263
27.0099
26.2909
25.5691
24.8447
24.1177
23.3882
22.6564
21.9222
21.1857
20.447
19.7063
18.9634
18.2186
17.4719
16.7234
15.9732
15.2212
14.4677
13.7126
12.9561
12.1983
11.4391
10.6787
9.91718
9.15458
8.39099
7.62648
6.86113
6.09503
5.32823
4.56083
3.79289
3.0245
2.25573
1.48665
0.717351
-0.0520981
-0.821619
-1.59113
-2.36057
-3.12984
-3.89888
-4.6676
-5.43594
-6.20381
-6.97113
-7.73784
-8.50384
-9.26908
-10.0335
-10.7969
-11.5594
-12.3207
-13.081
-13.8399
-14.5976
-15.3539
-16.1087
-16.862
-17.6137
-18.3637
-19.112
-19.8584
-20.6029
-21.3454
-22.0858
-22.8241
-23.5602
-24.2941
-25.0255
-25.7546
-26.4811
-27.205
-27.9264
-28.6449
-29.3607
-30.0737
-30.7837
-31.4907
-32.1946
-32.8953
-33.5929
-34.2871
-34.978
-35.6655
-36.3494
-37.0298
-37.7066
-38.3797
-39.0489
-39.7144
-40.3759
-41.0335
-41.6871
-42.3365
-42.9818
-43.6228
-44.2595
-44.8919
-45.5198
-46.1433
-46.7622
-47.3765
-47.9861
-48.591
-49.1911
-49.7863
-50.3766
-50.9619
-51.5422
-52.1174
-52.6874
-53.2522
-53.8118
-54.366
-54.9149
-55.4583
-55.9962
-56.5286
-57.0553
-57.5765
-58.0919
-58.6015
-59.1054
-59.6034
-60.0954
-60.5816
-61.0617
-61.5357
-62.0037
-62.4654
-62.921
-63.3704
-63.8134
-64.2501
-64.6805
-65.1044
-65.5218
-65.9327
-66.3371
-66.7349
-67.1261
-67.5105
-67.8883
-68.2593
-68.6235
-68.9809
-69.3315
-69.6751
-70.0118
-70.3415
-70.6643
-70.98
-71.2886
-71.5901
-71.8846
-72.1718
-72.4519
-72.7247
-72.9903
-73.2486
-73.4997
-73.7434
-73.9797
-74.2087
-74.4303
-74.6444
-74.8511
-75.0504
-75.2422
-75.4264
-75.6032
-75.7723
-75.934
-76.088
-76.2345
-76.3734
-76.5046
-76.6282
-76.7441
-76.8524
-76.953
-77.0459
-77.1312
-77.2087
-77.2785
-77.3406
-77.3949
-77.4415
-77.4804
-77.5116
-77.535
-77.5506
-77.5585
-77.5586
-77.551
-77.5356
-77.5125
-77.4816
-77.443
-77.3966
-77.3425
-77.2806
-77.211
-77.1336
-77.0486
-76.9558
-76.8553
-76.7472
-76.6313
-76.5078
-76.3766
-76.2378
-76.0913
-75.9372
-75.7755
-75.6062
-75.4293
-75.2448
-75.0528
-74.8533
-74.6463
-74.4318
-74.2098
-73.9804
-73.7436
-73.4994
-73.2478
-72.9888
-72.7225
-72.449
-72.1681
-71.88
-71.5847
-71.2822
-70.9726
-70.6558
-70.3319
-70.0009
-69.663
-69.318
-68.966
-68.6071
-68.2414
-67.8687
-67.4893
-67.103
-66.71
-66.3103
-65.9039
-65.4909
-65.0713
-64.6452
-64.2125
-63.7734
-63.3279
-62.8759
-62.4177
-61.9531
-61.4824
-61.0054
-60.5223
-60.033
-59.5378
-59.0365
-58.5292
-58.0161
-57.4971
-56.9723
-56.4418
-55.9055
-55.3637
-54.8162
-54.2632
-53.7047
-53.1408
-52.5715
-51.9969
-51.417
-50.8319
-50.2417
-49.6465
-49.0461
-48.4409
-47.8307
-47.2157
-46.5959
-45.9713
-45.3421
-44.7084
-44.07
-43.4273
-42.7801
-42.1285
-41.4727
-40.8127
-40.1485
-39.4802
-38.808
-38.1317
-37.4516
-36.7677
-36.0801
-35.3887
-34.6938
-33.9953
-33.2933
-32.588
-31.8793
-31.1674
-30.4522
-29.734
-29.0127
-28.2884
-27.5613
-26.8313
-26.0985
-25.3631
-24.625
-23.8845
-23.1414
-22.396
-21.6482
-20.8983
-20.1461
-19.3919
-18.6356
-17.8774
-17.1174
-16.3555
-15.592
-14.8268
-14.06
-13.2918
-12.5222
-11.7512
-10.979
-10.2056
-9.43107
-8.65556
-7.8791
-7.10178
-6.32367
-5.54485
-4.76539
-3.98538
-3.2049
-2.42402
-1.64281
-0.861367
-0.0797561
0.70194
1.48365
2.26528
3.04677
3.82802
4.60898
5.38955
6.16966
6.94923
7.72819
8.50645
9.28394
10.0606
10.8363
11.611
12.3846
13.1571
13.9283
14.6982
15.4667
16.2337
16.9992
17.7631
18.5253
19.2857
20.0442
20.8008
21.5554
22.308
23.0583
23.8065
24.5523
25.2958
26.0368
26.7752
27.5111
28.2443
28.9747
29.7024
30.4271
31.1488
31.8675
32.5831
33.2955
34.0047
34.7105
35.4129
36.1118
36.8072
37.499
38.1871
38.8715
39.552
40.2287
40.9014
41.5701
42.2346
42.8951
43.5513
44.2032
44.8508
45.4939
46.1326
46.7667
47.3962
48.021
48.641
49.2563
49.8667
50.4722
51.0727
51.6682
52.2585
52.8437
53.4236
53.9983
54.5676
55.1315
55.69
56.243
56.7904
57.3321
57.8682
58.3985
58.9231
59.4418
59.9547
60.4615
60.9624
61.4573
61.946
62.4286
62.905
63.3752
63.8391
64.2966
64.7478
65.1925
65.6307
66.0625
66.4876
66.9062
67.3181
67.7233
68.1218
68.5135
68.8984
69.2765
69.6476
70.0119
70.3692
70.7194
71.0627
71.3988
71.7279
72.0498
72.3645
72.6721
72.9724
73.2654
73.5511
73.8295
74.1006
74.3643
74.6205
74.8693
75.1107
75.3446
75.5709
75.7898
76.0011
76.2047
76.4008
76.5893
76.7701
76.9433
77.1088
77.2666
77.4167
77.5591
77.6937
77.8206
77.9397
78.051
78.1545
78.2502
78.3381
78.4182
78.4904
78.5548
78.6114
78.6601
78.7009
78.7339
78.759
78.7762
78.7856
78.787
78.7806
78.7664
78.7442
78.7142
78.6762
78.6305
78.5768
78.5153
78.4459
78.3687
78.2836
78.1907
78.09
77.9814
77.8651
77.7409
77.6089
77.4692
77.3217
77.1665
77.0036
76.8329
76.6545
76.4684
76.2747
76.0733
75.8643
75.6477
75.4235
75.1918
74.9525
74.7056
74.4513
74.1895
73.9203
73.6437
73.3596
73.0682
72.7695
72.4634
72.1501
71.8295
71.5017
71.1667
70.8246
70.4754
70.1191
69.7557
69.3853
69.0079
68.6237
68.2325
67.8344
67.4295
67.0179
66.5994
66.1743
65.7426
65.3042
64.8592
64.4077
63.9497
63.4853
63.0145
62.5374
62.0539
61.5642
61.0683
60.5662
60.058
59.5437
59.0235
58.4973
57.9652
57.4272
56.8835
56.334
55.7788
55.218
54.6516
54.0797
53.5023
52.9195
52.3314
51.7379
51.1393
50.5354
49.9265
49.3125
48.6935
48.0696
47.4408
46.8072
46.1688
45.5258
44.8781
44.2259
43.5692
42.9081
42.2427
41.5729
40.8989
40.2208
39.5386
38.8523
38.1621
37.468
36.7701
36.0685
35.3631
34.6542
33.9417
33.2258
32.5064
31.7838
31.0579
30.3288
29.5966
28.8614
28.1232
27.3821
26.6382
25.8916
25.1423
24.3905
23.6361
22.8793
22.1201
21.3586
20.5949
19.8291
19.0612
18.2913
17.5196
16.7459
15.9706
15.1936
14.4149
13.6348
12.8532
12.0703
11.286
10.5006
9.714
8.92638
8.13779
7.3483
6.558
5.76697
4.97528
4.18301
3.39024
2.59706
1.80354
1.00976
0.215796
-0.578267
-1.37235
-2.16638
-2.96027
-3.75394
-4.54732
-5.34032
-6.13287
-6.92488
-7.71628
-8.50698
-9.29692
-10.086
-10.8742
-11.6613
-12.4474
-13.2323
-14.0159
-14.7982
-15.5792
-16.3586
-17.1365
-17.9127
-18.6873
-19.46
-20.2309
-20.9998
-21.7667
-22.5315
-23.2942
-24.0545
-24.8126
-25.5682
-26.3214
-27.072
-27.82
-28.5652
-29.3077
-30.0473
-30.784
-31.5177
-32.2483
-32.9758
-33.7
-34.421
-35.1385
-35.8527
-36.5633
-37.2703
-37.9737
-38.6733
-39.3692
-40.0611
-40.7492
-41.4332
-42.1132
-42.789
-43.4606
-44.1279
-44.7909
-45.4495
-46.1036
-46.7531
-47.398
-48.0383
-48.6738
-49.3045
-49.9304
-50.5513
-51.1672
-51.7781
-52.3839
-52.9844
-53.5798
-54.1698
-54.7545
-55.3337
-55.9075
-56.4758
-57.0384
-57.5955
-58.1468
-58.6923
-59.2321
-59.7659
-60.2939
-60.8158
-61.3318
-61.8416
-62.3454
-62.8429
-63.3342
-63.8192
-64.2979
-64.7702
-65.2361
-65.6955
-66.1484
-66.5947
-67.0344
-67.4674
-67.8937
-68.3133
-68.7261
-69.1321
-69.5312
-69.9233
-70.3086
-70.6868
-71.058
-71.4221
-71.7791
-72.129
-72.4717
-72.8072
-73.1355
-73.4564
-73.7701
-74.0764
-74.3753
-74.6668
-74.9509
-75.2275
-75.4966
-75.7582
-76.0123
-76.2588
-76.4976
-76.7289
-76.9525
-77.1684
-77.3766
-77.5771
-77.7699
-77.9549
-78.1322
-78.3016
-78.4632
-78.617
-78.763
-78.9011
-79.0313
-79.1536
-79.268
-79.3745
-79.4731
-79.5638
-79.6464
-79.7212
-79.788
-79.8468
-79.8976
-79.9404
-79.9753
-80.0021
-80.021
-80.0318
-80.0347
-80.0295
-80.0164
-79.9952
-79.9661
-79.9289
-79.8838
-79.8306
-79.7695
-79.7004
-79.6233
-79.5382
-79.4452
-79.3442
-79.2353
-79.1184
-78.9936
-78.8609
-78.7203
-78.5719
-78.4155
-78.2513
-78.0793
-77.8994
-77.7117
-77.5162
-77.313
-77.102
-76.8832
-76.6568
-76.4227
-76.1809
-75.9315
-75.6744
-75.4098
-75.1375
-74.8578
-74.5705
-74.2758
-73.9736
-73.6639
-73.3469
-73.0225
-72.6907
-72.3517
-72.0054
-71.6518
-71.2911
-70.9232
-70.5482
-70.166
-69.7768
-69.3806
-68.9775
-68.5673
-68.1503
-67.7265
-67.2958
-66.8583
-66.4141
-65.9632
-65.5057
-65.0416
-64.5709
-64.0938
-63.6102
-63.1201
-62.6237
-62.121
-61.612
-61.0969
-60.5755
-60.0481
-59.5146
-58.975
-58.4296
-57.8782
-57.321
-56.758
-56.1893
-55.6149
-55.0349
-54.4493
-53.8582
-53.2617
-52.6597
-52.0525
-51.44
-50.8223
-50.1994
-49.5715
-48.9385
-48.3006
-47.6578
-47.0101
-46.3577
-45.7006
-45.0389
-44.3726
-43.7017
-43.0265
-42.3469
-41.6629
-40.9748
-40.2824
-39.586
-38.8856
-38.1811
-37.4728
-36.7607
-36.0449
-35.3253
-34.6022
-33.8755
-33.1453
-32.4118
-31.675
-30.9349
-30.1916
-29.4453
-28.6959
-27.9436
-27.1884
-26.4305
-25.6698
-24.9064
-24.1405
-23.3721
-22.6013
-21.8282
-21.0528
-20.2752
-19.4955
-18.7138
-17.9301
-17.1446
-16.3572
-15.5682
-14.7775
-13.9853
-13.1916
-12.3964
-11.6
-10.8023
-10.0035
-9.20358
-8.40266
-7.60082
-6.79815
-5.99471
-5.19059
-4.38588
-3.58064
-2.77497
-1.96894
-1.16263
-0.35612
0.450503
1.25716
2.06377
2.87026
3.67654
4.48254
5.28816
6.09334
6.89799
7.70203
8.50538
9.30796
10.1097
10.9105
11.7103
12.509
13.3065
14.1028
14.8977
15.6913
16.4833
17.2738
18.0626
18.8497
19.635
20.4184
21.1998
21.9792
22.7565
23.5316
24.3044
25.0749
25.8429
26.6084
27.3714
28.1316
28.8892
29.6439
30.3957
31.1446
31.8904
32.6331
33.3727
34.1089
34.8418
35.5714
36.2974
37.0199
37.7387
38.4538
39.1652
39.8727
40.5763
41.276
41.9715
42.663
43.3502
44.0332
44.7118
45.386
46.0558
46.721
47.3816
48.0376
48.6888
49.3352
49.9767
50.6133
51.2449
51.8715
52.4929
53.1091
53.7201
54.3257
54.926
55.5209
56.1103
56.6941
57.2723
57.8448
58.4117
58.9727
59.5279
60.0772
60.6205
61.1578
61.6891
62.2142
62.7332
63.246
63.7525
64.2526
64.7464
65.2338
65.7147
66.189
66.6568
67.118
67.5725
68.0203
68.4613
68.8956
69.323
69.7435
70.157
70.5636
70.9632
71.3557
71.7412
72.1195
72.4906
72.8545
73.2111
73.5605
73.9026
74.2372
74.5645
74.8844
75.1968
75.5018
75.7992
76.0891
76.3713
76.646
76.9131
77.1724
77.4241
77.6681
77.9043
78.1328
78.3534
78.5663
78.7713
78.9684
79.1577
79.3391
79.5126
79.6781
79.8357
79.9853
80.127
80.2606
80.3862
80.5038
80.6134
80.7149
80.8083
80.8937
80.971
81.0402
81.1013
81.1543
81.1992
81.236
81.2646
81.2852
81.2976
81.3019
81.298
81.286
81.2659
81.2377
81.2013
81.1568
81.1042
81.0435
80.9747
80.8977
80.8127
80.7195
80.6183
80.5091
80.3917
80.2663
80.1329
79.9914
79.842
79.6845
79.519
79.3456
79.1642
78.9749
78.7777
78.5726
78.3596
78.1387
77.91
77.6735
77.4292
77.1771
76.9173
76.6498
76.3746
76.0917
75.8012
75.503
75.1973
74.8841
74.5633
74.235
73.8993
73.5561
73.2056
72.8477
72.4825
72.11
71.7302
71.3433
70.9491
70.5479
70.1395
69.7241
69.3017
68.8723
68.4359
67.9927
67.5426
67.0858
66.6222
66.1518
65.6748
65.1912
64.7011
64.2044
63.7012
63.1916
62.6757
62.1534
61.6249
61.0901
60.5492
60.0022
59.4491
58.89
58.325
57.7541
57.1773
56.5948
56.0066
55.4127
54.8132
54.2081
53.5976
52.9817
52.3604
51.7338
51.1019
50.4649
49.8228
49.1756
48.5235
47.8664
47.2045
46.5378
45.8664
45.1903
44.5096
43.8244
43.1348
42.4408
41.7424
41.0399
40.3331
39.6222
38.9074
38.1885
37.4658
36.7392
36.0089
35.2749
34.5373
33.7962
33.0517
32.3037
31.5525
30.798
30.0404
29.2797
28.5159
27.7493
26.9798
26.2075
25.4326
24.655
23.8748
23.0922
22.3072
21.5199
20.7304
19.9387
19.145
18.3492
17.5516
16.7521
15.9508
15.1479
14.3434
13.5374
12.7299
11.9211
11.111
10.2997
9.48728
8.67385
7.85948
7.04423
6.2282
5.41146
4.5941
3.7762
2.95785
2.13911
1.32008
0.50083
-0.318549
-1.13798
-1.95737
-2.77666
-3.59574
-4.41455
-5.233
-6.05101
-6.8685
-7.68538
-8.50157
-9.317
-10.1316
-10.9452
-11.7578
-12.5694
-13.3797
-14.1888
-14.9966
-15.8029
-16.6078
-17.4111
-18.2127
-19.0125
-19.8106
-20.6067
-21.4009
-22.193
-22.9829
-23.7707
-24.5561
-25.3392
-26.1198
-26.8979
-27.6733
-28.4461
-29.2161
-29.9833
-30.7475
-31.5087
-32.2669
-33.0219
-33.7737
-34.5222
-35.2673
-36.009
-36.7471
-37.4816
-38.2125
-38.9396
-39.6629
-40.3823
-41.0977
-41.8091
-42.5164
-43.2195
-43.9183
-44.6128
-45.303
-45.9886
-46.6698
-47.3463
-48.0182
-48.6853
-49.3477
-50.0051
-50.6577
-51.3052
-51.9477
-52.585
-53.2171
-53.844
-54.4656
-55.0818
-55.6925
-56.2977
-56.8974
-57.4914
-58.0797
-58.6623
-59.2391
-59.81
-60.375
-60.934
-61.487
-62.0338
-62.5746
-63.1091
-63.6374
-64.1593
-64.6749
-65.1841
-65.6868
-66.183
-66.6726
-67.1556
-67.6319
-68.1016
-68.5644
-69.0205
-69.4696
-69.9119
-70.3473
-70.7756
-71.1969
-71.6112
-72.0183
-72.4182
-72.811
-73.1965
-73.5747
-73.9457
-74.3092
-74.6654
-75.0141
-75.3554
-75.6891
-76.0154
-76.334
-76.6451
-76.9485
-77.2442
-77.5323
-77.8126
-78.0852
-78.35
-78.607
-78.8562
-79.0975
-79.3309
-79.5564
-79.774
-79.9836
-80.1852
-80.3789
-80.5645
-80.7421
-80.9116
-81.073
-81.2264
-81.3717
-81.5088
-81.6378
-81.7586
-81.8713
-81.9758
-82.0721
-82.1602
-82.2402
-82.3119
-82.3753
-82.4306
-82.4776
-82.5163
-82.5468
-82.5691
-82.5831
-82.5889
-82.5863
-82.5756
-82.5565
-82.5293
-82.4937
-82.4499
-82.3979
-82.3376
-82.2691
-82.1923
-82.1073
-82.0141
-81.9127
-81.8031
-81.6853
-81.5593
-81.4251
-81.2828
-81.1323
-80.9738
-80.8071
-80.6323
-80.4494
-80.2584
-80.0595
-79.8524
-79.6374
-79.4144
-79.1835
-78.9445
-78.6977
-78.443
-78.1804
-77.91
-77.6317
-77.3457
-77.0519
-76.7503
-76.4411
-76.1242
-75.7996
-75.4674
-75.1277
-74.7803
-74.4255
-74.0632
-73.6935
-73.3164
-72.9318
-72.54
-72.1409
-71.7345
-71.3209
-70.9001
-70.4722
-70.0372
-69.5951
-69.1461
-68.69
-68.2271
-67.7573
-67.2807
-66.7973
-66.3072
-65.8104
-65.3069
-64.7969
-64.2804
-63.7574
-63.2279
-62.6921
-62.1499
-61.6015
-61.0469
-60.4861
-59.9192
-59.3462
-58.7673
-58.1824
-57.5917
-56.9951
-56.3928
-55.7847
-55.1711
-54.5518
-53.927
-53.2968
-52.6612
-52.0203
-51.3741
-50.7226
-50.0661
-49.4045
-48.7379
-48.0663
-47.3898
-46.7086
-46.0226
-45.332
-44.6367
-43.9369
-43.2327
-42.524
-41.811
-41.0938
-40.3724
-39.6469
-38.9173
-38.1838
-37.4464
-36.7052
-35.9602
-35.2116
-34.4593
-33.7036
-32.9443
-32.1818
-31.4159
-30.6468
-29.8746
-29.0993
-28.321
-27.5398
-26.7558
-25.969
-25.1796
-24.3875
-23.5929
-22.7959
-21.9966
-21.1949
-20.3911
-19.5851
-18.7771
-17.9671
-17.1553
-16.3416
-15.5263
-14.7093
-13.8908
-13.0708
-12.2494
-11.4266
-10.6027
-9.77764
-8.9515
-8.12439
-7.29638
-6.46756
-5.63801
-4.80781
-3.97705
-3.14581
-2.31417
-1.48221
-0.650028
0.182305
1.0147
1.84708
2.67936
3.51146
4.34328
5.17476
6.0058
6.83632
7.66625
8.49549
9.32396
10.1516
10.9783
11.8039
12.6285
13.4519
14.2741
15.0948
15.9142
16.7321
17.5483
18.3629
19.1757
19.9867
20.7958
21.6029
22.4079
23.2107
24.0113
24.8096
25.6055
26.3989
27.1897
27.9779
28.7634
29.5461
30.3259
31.1027
31.8765
32.6473
33.4148
34.179
34.9399
35.6974
36.4514
37.2019
37.9486
38.6917
39.431
40.1664
40.8978
41.6253
42.3486
43.0678
43.7828
44.4934
45.1997
45.9015
46.5988
47.2915
47.9796
48.6629
49.3414
50.0151
50.6838
51.3475
52.0062
52.6597
53.308
53.951
54.5888
55.2211
55.848
56.4693
57.0851
57.6952
58.2996
58.8982
59.491
60.0779
60.6589
61.2338
61.8027
62.3655
62.9221
63.4724
64.0165
64.5542
65.0855
65.6104
66.1287
66.6405
67.1457
67.6442
68.136
68.621
69.0992
69.5706
70.035
70.4925
70.943
71.3864
71.8228
72.252
72.674
73.0888
73.4963
73.8965
74.2894
74.6749
75.0529
75.4235
75.7866
76.1421
76.4901
76.8304
77.1631
77.4881
77.8054
78.1149
78.4167
78.7107
78.9968
79.275
79.5453
79.8078
80.0622
80.3087
80.5472
80.7776
81
81.2143
81.4205
81.6186
81.8085
81.9903
82.1639
82.3293
82.4865
82.6354
82.7762
82.9086
83.0328
83.1486
83.2562
83.3554
83.4464
83.529
83.6032
83.6691
83.7266
83.7758
83.8166
83.849
83.8731
83.8887
83.896
83.8948
83.8853
83.8674
83.8411
83.8065
83.7634
83.7119
83.6521
83.5839
83.5074
83.4225
83.3292
83.2276
83.1176
82.9994
82.8728
82.7379
82.5948
82.4433
82.2836
82.1157
81.9395
81.7551
81.5626
81.3618
81.1529
80.9359
80.7107
80.4775
80.2361
79.9868
79.7294
79.464
79.1906
78.9093
78.6201
78.3229
78.018
77.7051
77.3845
77.0561
76.72
76.3762
76.0247
75.6655
75.2988
74.9245
74.5426
74.1533
73.7565
73.3523
72.9407
72.5218
72.0956
71.6621
71.2215
70.7736
70.3187
69.8566
69.3876
68.9115
68.4285
67.9386
67.4419
66.9384
66.4281
65.9112
65.3876
64.8574
64.3207
63.7774
63.2278
62.6718
62.1094
61.5408
60.966
60.385
59.7979
59.2048
58.6057
58.0007
57.3898
56.7731
56.1507
55.5226
54.8889
54.2497
53.6049
52.9547
52.2992
51.6384
50.9723
50.3011
49.6248
48.9434
48.2571
47.5659
46.8698
46.1691
45.4636
44.7535
44.0388
43.3197
42.5962
41.8684
41.1362
40.3999
39.6595
38.9151
38.1667
37.4144
36.6582
35.8984
35.1348
34.3677
33.5971
32.823
32.0456
31.2648
30.4809
29.6939
28.9038
28.1107
27.3148
26.516
25.7145
24.9103
24.1036
23.2944
22.4828
21.6688
20.8526
20.0343
19.2138
18.3914
17.567
16.7408
15.9128
15.0832
14.2519
13.4192
12.585
11.7495
10.9127
10.0748
9.23574
8.39569
7.55472
6.71291
5.87035
5.02712
4.18329
3.33897
2.49423
1.64915
0.803821
-0.04167
-0.887242
-1.73281
-2.57829
-3.42359
-4.26864
-5.11335
-5.95763
-6.80139
-7.64456
-8.48706
-9.32878
-10.1697
-11.0096
-11.8485
-12.6864
-13.523
-14.3584
-15.1924
-16.025
-16.8561
-17.6855
-18.5133
-19.3393
-20.1635
-20.9857
-21.8059
-22.624
-23.4399
-24.2536
-25.0649
-25.8738
-26.6802
-27.484
-28.2852
-29.0835
-29.8791
-30.6717
-31.4614
-32.248
-33.0315
-33.8117
-34.5886
-35.3621
-36.1322
-36.8988
-37.6617
-38.4209
-39.1764
-39.928
-40.6758
-41.4195
-42.1591
-42.8947
-43.626
-44.353
-45.0756
-45.7938
-46.5075
-47.2166
-47.9211
-48.6209
-49.3158
-50.0059
-50.6911
-51.3712
-52.0463
-52.7163
-53.3811
-54.0405
-54.6947
-55.3434
-55.9867
-56.6244
-57.2566
-57.883
-58.5038
-59.1188
-59.7279
-60.3311
-60.9283
-61.5195
-62.1046
-62.6835
-63.2563
-63.8227
-64.3829
-64.9366
-65.484
-66.0248
-66.5591
-67.0867
-67.6078
-68.1221
-68.6296
-69.1304
-69.6243
-70.1112
-70.5912
-71.0642
-71.5301
-71.989
-72.4406
-72.8851
-73.3224
-73.7523
-74.1749
-74.5901
-74.998
-75.3983
-75.7912
-76.1765
-76.5542
-76.9243
-77.2868
-77.6416
-77.9886
-78.3279
-78.6594
-78.983
-79.2988
-79.6067
-79.9067
-80.1987
-80.4827
-80.7586
-81.0266
-81.2864
-81.5382
-81.7818
-82.0173
-82.2446
-82.4637
-82.6745
-82.8772
-83.0715
-83.2576
-83.4354
-83.6048
-83.7659
-83.9186
-84.063
-84.1989
-84.3265
-84.4456
-84.5563
-84.6586
-84.7524
-84.8377
-84.9146
-84.983
-85.0429
-85.0942
-85.1371
-85.1715
-85.1974
-85.2147
-85.2235
-85.2238
-85.2156
-85.1989
-85.1736
-85.1398
-85.0975
-85.0467
-84.9874
-84.9196
-84.8432
-84.7584
-84.6651
-84.5633
-84.4531
-84.3344
-84.2072
-84.0717
-83.9277
-83.7753
-83.6144
-83.4453
-83.2677
-83.0818
-82.8876
-82.6851
-82.4743
-82.2552
-82.0279
-81.7923
-81.5486
-81.2967
-81.0366
-80.7684
-80.492
-80.2076
-79.9152
-79.6147
-79.3063
-78.9898
-78.6655
-78.3332
-77.9931
-77.6452
-77.2894
-76.9259
-76.5547
-76.1757
-75.7891
-75.3949
-74.9932
-74.5838
-74.167
-73.7427
-73.311
-72.8719
-72.4255
-71.9718
-71.5109
-71.0428
-70.5675
-70.0851
-69.5956
-69.0992
-68.5958
-68.0855
-67.5683
-67.0443
-66.5135
-65.9761
-65.432
-64.8813
-64.324
-63.7603
-63.1901
-62.6136
-62.0307
-61.4416
-60.8463
-60.2448
-59.6373
-59.0237
-58.4041
-57.7787
-57.1474
-56.5103
-55.8676
-55.2191
-54.5651
-53.9056
-53.2406
-52.5702
-51.8945
-51.2135
-50.5274
-49.8361
-49.1398
-48.4385
-47.7322
-47.0212
-46.3053
-45.5848
-44.8596
-44.1299
-43.3956
-42.657
-41.914
-41.1668
-40.4154
-39.6598
-38.9002
-38.1367
-37.3692
-36.598
-35.823
-35.0443
-34.2621
-33.4763
-32.6872
-31.8947
-31.0989
-30.2999
-29.4978
-28.6927
-27.8846
-27.0737
-26.26
-25.4436
-24.6245
-23.8029
-22.9788
-22.1524
-21.3237
-20.4927
-19.6596
-18.8245
-17.9874
-17.1484
-16.3076
-15.4651
-14.621
-13.7753
-12.9282
-12.0797
-11.2299
-10.3788
-9.5267
-8.67352
-7.81939
-6.9644
-6.10862
-5.25214
-4.39506
-3.53744
-2.67939
-1.82099
-0.962316
-0.103462
0.755489
1.61445
2.47334
3.33206
4.19054
5.04868
5.90641
6.76363
7.62025
8.47621
9.3314
10.1857
11.0392
11.8915
12.7428
13.5929
14.4418
15.2892
16.1352
16.9797
17.8226
18.6638
19.5032
20.3407
21.1763
22.0098
22.8413
23.6705
24.4974
25.322
26.1442
26.9637
27.7807
28.595
29.4065
30.2152
31.0209
31.8236
32.6231
33.4195
34.2127
35.0025
35.7889
36.5717
37.351
38.1267
38.8986
39.6667
40.4309
41.1911
41.9473
42.6994
43.4472
44.1908
44.9301
45.6649
46.3953
47.1211
47.8422
48.5587
49.2703
49.9771
50.679
51.3758
52.0676
52.7543
53.4357
54.1119
54.7828
55.4482
56.1081
56.7625
57.4113
58.0544
58.6918
59.3234
59.9491
60.5689
61.1826
61.7903
62.3919
62.9874
63.5765
64.1594
64.7359
65.306
65.8697
66.4268
66.9773
67.5212
68.0583
68.5888
69.1124
69.6291
70.139
70.6419
71.1377
71.6265
72.1082
72.5828
73.0501
73.5101
73.9629
74.4083
74.8463
75.2769
75.7
76.1155
76.5235
76.9239
77.3166
77.7016
78.0789
78.4484
78.8102
79.164
79.51
79.8481
80.1782
80.5004
80.8145
81.1206
81.4186
81.7084
81.9902
82.2637
82.5291
82.7862
83.0351
83.2757
83.5081
83.732
83.9477
84.1549
84.3538
84.5442
84.7262
84.8998
85.0649
85.2215
85.3695
85.5091
85.6401
85.7626
85.8765
85.9819
86.0786
86.1667
86.2463
86.3172
86.3795
86.4332
86.4782
86.5146
86.5423
86.5614
86.5719
86.5736
86.5668
86.5512
86.527
86.4942
86.4527
86.4025
86.3437
86.2763
86.2002
86.1155
86.0222
85.9203
85.8097
85.6906
85.5629
85.4266
85.2818
85.1284
84.9665
84.7961
84.6172
84.4298
84.234
84.0297
83.817
83.5958
83.3663
83.1285
82.8823
82.6278
82.365
82.0939
81.8146
81.5271
81.2314
80.9275
80.6156
80.2955
79.9674
79.6312
79.2871
78.935
78.575
78.207
77.8312
77.4476
77.0562
76.6571
76.2502
75.8357
75.4136
74.9839
74.5466
74.1019
73.6496
73.19
72.723
72.2487
71.7671
71.2783
70.7824
70.2793
69.7691
69.2519
68.7277
68.1965
67.6586
67.1137
66.5622
66.0039
65.4389
64.8674
64.2893
63.7047
63.1137
62.5164
61.9127
61.3027
60.6866
60.0643
59.436
58.8017
58.1614
57.5153
56.8633
56.2056
55.5421
54.8731
54.1985
53.5185
52.833
52.1421
51.446
50.7447
50.0382
49.3266
48.61
47.8885
47.1622
46.431
45.6952
44.9547
44.2096
43.46
42.706
41.9477
41.1851
40.4183
39.6473
38.8724
38.0935
37.3106
36.524
35.7337
34.9396
34.1421
33.341
32.5365
31.7287
30.9176
30.1033
29.286
28.4656
27.6424
26.8162
25.9873
25.1558
24.3216
23.4849
22.6458
21.8043
20.9606
20.1147
19.2667
18.4166
17.5647
16.7109
15.8553
14.9981
14.1393
13.279
12.4173
11.5543
10.69
9.82453
8.95802
8.09052
7.22213
6.35294
5.48302
4.61246
3.74135
2.86979
1.99785
1.12562
0.253196
-0.619343
-1.49191
-2.36441
-3.23676
-4.10888
-4.98067
-5.85206
-6.72294
-7.59324
-8.46287
-9.33173
-10.1998
-11.0668
-11.9329
-12.7979
-13.6616
-14.5241
-15.3852
-16.2449
-17.103
-17.9596
-18.8144
-19.6674
-20.5185
-21.3676
-22.2147
-23.0597
-23.9024
-24.7429
-25.5809
-26.4165
-27.2495
-28.0799
-28.9075
-29.7324
-30.5543
-31.3733
-32.1892
-33.002
-33.8115
-34.6178
-35.4207
-36.2201
-37.016
-37.8082
-38.5968
-39.3816
-40.1625
-40.9395
-41.7124
-42.4813
-43.246
-44.0064
-44.7625
-45.5143
-46.2615
-47.0042
-47.7423
-48.4756
-49.2042
-49.928
-50.6468
-51.3606
-52.0694
-52.773
-53.4715
-54.1646
-54.8524
-55.5348
-56.2117
-56.883
-57.5487
-58.2088
-58.8631
-59.5115
-60.1541
-60.7907
-61.4213
-62.0459
-62.6642
-63.2764
-63.8823
-64.4819
-65.0751
-65.6619
-66.2421
-66.8158
-67.3828
-67.9432
-68.4968
-69.0437
-69.5837
-70.1167
-70.6429
-71.162
-71.674
-72.179
-72.6767
-73.1673
-73.6506
-74.1265
-74.5951
-75.0563
-75.51
-75.9563
-76.3949
-76.826
-77.2494
-77.6652
-78.0732
-78.4735
-78.8659
-79.2505
-79.6273
-79.9961
-80.3569
-80.7097
-81.0545
-81.3912
-81.7199
-82.0403
-82.3526
-82.6568
-82.9526
-83.2402
-83.5195
-83.7905
-84.0532
-84.3074
-84.5533
-84.7907
-85.0196
-85.2401
-85.4521
-85.6556
-85.8505
-86.0368
-86.2146
-86.3837
-86.5443
-86.6962
-86.8394
-86.974
-87.0999
-87.2171
-87.3255
-87.4253
-87.5163
-87.5986
-87.6722
-87.7369
-87.7929
-87.8402
-87.8786
-87.9083
-87.9292
-87.9413
-87.9446
-87.9391
-87.9248
-87.9017
-87.8698
-87.8291
-87.7797
-87.7215
-87.6544
-87.5787
-87.4941
-87.4008
-87.2987
-87.1879
-87.0684
-86.9402
-86.8032
-86.6576
-86.5032
-86.3402
-86.1686
-85.9883
-85.7994
-85.6019
-85.3958
-85.1812
-84.958
-84.7263
-84.4861
-84.2375
-83.9804
-83.7148
-83.4409
-83.1586
-82.868
-82.569
-82.2617
-81.9462
-81.6225
-81.2906
-80.9505
-80.6023
-80.2459
-79.8816
-79.5092
-79.1288
-78.7404
-78.3442
-77.9401
-77.5281
-77.1084
-76.6809
-76.2456
-75.8027
-75.3522
-74.8941
-74.4285
-73.9554
-73.4749
-72.9869
-72.4916
-71.989
-71.4792
-70.9621
-70.4379
-69.9066
-69.3683
-68.823
-68.2707
-67.7115
-67.1456
-66.5728
-65.9934
-65.4073
-64.8145
-64.2153
-63.6096
-62.9974
-62.3789
-61.7541
-61.123
-60.4858
-59.8424
-59.193
-58.5377
-57.8764
-57.2092
-56.5363
-55.8576
-55.1733
-54.4834
-53.788
-53.0871
-52.3809
-51.6693
-50.9525
-50.2306
-49.5035
-48.7715
-48.0344
-47.2925
-46.5458
-45.7944
-45.0383
-44.2776
-43.5125
-42.7429
-41.9689
-41.1907
-40.4082
-39.6217
-38.8311
-38.0366
-37.2382
-36.4359
-35.63
-34.8204
-34.0072
-33.1906
-32.3705
-31.5471
-30.7205
-29.8908
-29.058
-28.2221
-27.3834
-26.5419
-25.6976
-24.8507
-24.0012
-23.1492
-22.2948
-21.4381
-20.5791
-19.718
-18.8549
-17.9898
-17.1228
-16.254
-15.3835
-14.5114
-13.6377
-12.7626
-11.8861
-11.0083
-10.1294
-9.24932
-8.36825
-7.48627
-6.60344
-5.71986
-4.83563
-3.95082
-3.06553
-2.17985
-1.29385
-0.407643
0.478697
1.36508
2.25141
3.13761
4.02358
4.90923
5.79449
6.67925
7.56344
8.44695
9.32971
10.2116
11.0926
11.9726
12.8514
13.7291
14.6055
15.4804
16.354
17.226
18.0963
18.965
19.8318
20.6967
21.5596
22.4205
23.2792
24.1357
24.9898
25.8416
26.6908
27.5375
28.3814
29.2227
30.0611
30.8965
31.729
32.5583
33.3845
34.2075
35.0271
35.8433
36.6559
37.465
38.2705
39.0722
39.87
40.664
41.4539
42.2398
43.0216
43.7991
44.5723
45.3412
46.1055
46.8654
47.6206
48.3712
49.117
49.8579
50.594
51.325
52.051
52.7719
53.4876
54.198
54.903
55.6026
56.2967
56.9853
57.6682
58.3455
59.0169
59.6826
60.3423
60.9961
61.6438
62.2854
62.9209
63.5501
64.1731
64.7897
65.3998
66.0035
66.6007
67.1913
67.7752
68.3523
68.9227
69.4863
70.043
70.5927
71.1354
71.6711
72.1996
72.721
73.2351
73.742
74.2416
74.7338
75.2185
75.6958
76.1656
76.6278
77.0824
77.5293
77.9685
78.4
78.8236
79.2395
79.6474
80.0474
80.4395
80.8235
81.1995
81.5674
81.9272
82.2789
82.6223
82.9575
83.2845
83.6032
83.9135
84.2155
84.5091
84.7942
85.0709
85.3392
85.5989
85.8501
86.0927
86.3268
86.5522
86.769
86.9772
87.1766
87.3674
87.5495
87.7228
87.8873
88.0431
88.1901
88.3283
88.4577
88.5783
88.69
88.7928
88.8868
88.9719
89.0481
89.1154
89.1738
89.2233
89.2639
89.2955
89.3183
89.3321
89.3369
89.3329
89.3199
89.2979
89.2671
89.2273
89.1786
89.1209
89.0543
88.9789
88.8945
88.8012
88.699
88.588
88.4681
88.3393
88.2017
88.0552
87.8999
87.7359
87.563
87.3813
87.1909
86.9918
86.7839
86.5674
86.3421
86.1083
85.8657
85.6146
85.3549
85.0866
84.8097
84.5244
84.2306
83.9283
83.6177
83.2986
82.9711
82.6354
82.2913
81.939
81.5784
81.2096
80.8327
80.4477
80.0546
79.6534
79.2442
78.8271
78.402
77.9691
77.5283
77.0797
76.6234
76.1594
75.6877
75.2084
74.7215
74.2271
73.7252
73.2159
72.6992
72.1752
71.644
71.1055
70.5598
70.0071
69.4473
68.8804
68.3067
67.726
67.1386
66.5443
65.9433
65.3357
64.7215
64.1008
63.4735
62.8399
62.1999
61.5537
60.9012
60.2426
59.5778
58.9071
58.2304
57.5478
56.8594
56.1652
55.4653
54.7598
54.0488
53.3323
52.6104
51.8832
51.1507
50.413
49.6702
48.9223
48.1695
47.4118
46.6493
45.882
45.1101
44.3336
43.5526
42.7671
41.9773
41.1832
40.3849
39.5825
38.776
37.9656
37.1514
36.3333
35.5115
34.6861
33.8571
33.0246
32.1888
31.3497
30.5073
29.6618
28.8133
27.9618
27.1074
26.2502
25.3903
24.5278
23.6627
22.7952
21.9253
21.0532
20.1788
19.3024
18.4239
17.5435
16.6613
15.7773
14.8916
14.0043
13.1156
12.2255
11.334
10.4414
9.54757
8.65272
7.75692
6.86026
5.96282
5.06469
4.16597
3.26674
2.36709
1.46712
0.566912
-0.333444
-1.23386
-2.13424
-3.03449
-3.93453
-4.83427
-5.73362
-6.63248
-7.53077
-8.4284
-9.32527
-10.2213
-11.1164
-12.0105
-12.9034
-13.7952
-14.6857
-15.5748
-16.4624
-17.3485
-18.2329
-19.1156
-19.9964
-20.8754
-21.7523
-22.6272
-23.4999
-24.3703
-25.2384
-26.104
-26.9671
-27.8276
-28.6854
-29.5405
-30.3926
-31.2418
-32.088
-32.931
-33.7709
-34.6074
-35.4405
-36.2702
-37.0964
-37.9189
-38.7377
-39.5528
-40.3639
-41.1711
-41.9743
-42.7733
-43.5682
-44.3587
-45.145
-45.9267
-46.704
-47.4767
-48.2447
-49.0079
-49.7663
-50.5199
-51.2684
-52.0119
-52.7503
-53.4835
-54.2113
-54.9339
-55.651
-56.3626
-57.0687
-57.7691
-58.4639
-59.1528
-59.8359
-60.5131
-61.1843
-61.8494
-62.5085
-63.1613
-63.8079
-64.4482
-65.0821
-65.7095
-66.3305
-66.9449
-67.5526
-68.1537
-68.7479
-69.3354
-69.916
-70.4897
-71.0564
-71.616
-72.1685
-72.7139
-73.252
-73.7829
-74.3064
-74.8226
-75.3313
-75.8326
-76.3263
-76.8125
-77.291
-77.7618
-78.2249
-78.6802
-79.1277
-79.5673
-79.9991
-80.4228
-80.8386
-81.2463
-81.6459
-82.0374
-82.4208
-82.7959
-83.1628
-83.5214
-83.8717
-84.2137
-84.5473
-84.8724
-85.1891
-85.4973
-85.797
-86.0881
-86.3707
-86.6446
-86.9099
-87.1665
-87.4145
-87.6537
-87.8842
-88.1059
-88.3189
-88.523
-88.7183
-88.9048
-89.0823
-89.251
-89.4108
-89.5616
-89.7035
-89.8365
-89.9605
-90.0755
-90.1815
-90.2785
-90.3664
-90.4454
-90.5153
-90.5762
-90.628
-90.6707
-90.7044
-90.7291
-90.7446
-90.7511
-90.7485
-90.7368
-90.7161
-90.6863
-90.6474
-90.5994
-90.5424
-90.4763
-90.4012
-90.317
-90.2238
-90.1216
-90.0103
-89.89
-89.7607
-89.6224
-89.4752
-89.319
-89.1538
-88.9797
-88.7967
-88.6048
-88.404
-88.1943
-87.9759
-87.7485
-87.5124
-87.2676
-87.0139
-86.7516
-86.4805
-86.2008
-85.9124
-85.6154
-85.3098
-84.9956
-84.6729
-84.3418
-84.0021
-83.654
-83.2975
-82.9327
-82.5595
-82.178
-81.7883
-81.3903
-80.9842
-80.5699
-80.1476
-79.7171
-79.2787
-78.8323
-78.378
-77.9157
-77.4457
-76.9678
-76.4822
-75.9889
-75.488
-74.9795
-74.4634
-73.9398
-73.4087
-72.8703
-72.3246
-71.7715
-71.2112
-70.6437
-70.0692
-69.4875
-68.8989
-68.3033
-67.7008
-67.0914
-66.4753
-65.8525
-65.2231
-64.587
-63.9445
-63.2955
-62.6401
-61.9783
-61.3103
-60.6361
-59.9558
-59.2694
-58.577
-57.8786
-57.1745
-56.4645
-55.7488
-55.0275
-54.3006
-53.5682
-52.8303
-52.0871
-51.3387
-50.585
-49.8262
-49.0623
-48.2934
-47.5196
-46.741
-45.9577
-45.1697
-44.3771
-43.5799
-42.7783
-41.9724
-41.1622
-40.3478
-39.5293
-38.7067
-37.8802
-37.0498
-36.2156
-35.3778
-34.5363
-33.6912
-32.8428
-31.9909
-31.1358
-30.2774
-29.416
-28.5515
-27.6841
-26.8138
-25.9407
-25.065
-24.1867
-23.3059
-22.4226
-21.537
-20.6492
-19.7592
-18.8672
-17.9732
-17.0773
-16.1796
-15.2802
-14.3792
-13.4766
-12.5726
-11.6673
-10.7607
-9.85291
-8.94408
-8.03425
-7.12353
-6.21201
-5.29978
-4.38692
-3.47354
-2.55972
-1.64555
-0.731119
0.183473
1.09814
2.01278
2.92732
3.84165
4.7557
5.66936
6.58254
7.49515
8.40711
9.31832
10.2287
11.1381
12.0465
12.9538
13.8599
14.7647
15.6681
16.5701
17.4704
18.3692
19.2661
20.1612
21.0545
21.9456
22.8347
23.7216
24.6062
25.4884
26.3682
27.2454
28.12
28.9919
29.8609
30.7271
31.5902
32.4503
33.3072
34.1609
35.0113
35.8582
36.7017
37.5415
38.3777
39.2101
40.0387
40.8634
41.684
42.5006
43.313
44.1212
44.925
45.7244
46.5194
47.3097
48.0954
48.8764
49.6525
50.4238
51.1901
51.9514
52.7075
53.4585
54.2041
54.9445
55.6794
56.4088
57.1327
57.8509
58.5634
59.2701
59.9709
60.6659
61.3548
62.0376
62.7144
63.3849
64.0492
64.7071
65.3586
66.0036
66.6421
67.274
67.8993
68.5178
69.1295
69.7344
70.3323
70.9233
71.5073
72.0841
72.6538
73.2163
73.7715
74.3195
74.86
75.3931
75.9187
76.4368
76.9473
77.4501
77.9453
78.4327
78.9123
79.384
79.8479
80.3038
80.7518
81.1917
81.6236
82.0473
82.4628
82.8702
83.2693
83.6601
84.0426
84.4168
84.7825
85.1398
85.4886
85.8289
86.1606
86.4838
86.7983
87.1042
87.4014
87.6899
87.9697
88.2407
88.5029
88.7563
89.0008
89.2365
89.4632
89.681
89.8899
90.0898
90.2808
90.4627
90.6356
90.7994
90.9542
91.0999
91.2365
91.364
91.4823
91.5916
91.6916
91.7826
91.8643
91.9369
92.0003
92.0545
92.0995
92.1353
92.1619
92.1792
92.1874
92.1863
92.176
92.1565
92.1278
92.0899
92.0427
91.9863
91.9208
91.846
91.7621
91.6689
91.5666
91.4551
91.3345
91.2047
91.0658
90.9178
90.7606
90.5944
90.4191
90.2347
90.0413
89.8388
89.6274
89.407
89.1776
88.9393
88.692
88.4359
88.1709
87.897
87.6143
87.3229
87.0227
86.7137
86.396
86.0697
85.7347
85.3912
85.039
84.6783
84.3091
83.9315
83.5454
83.1509
82.7481
82.3369
81.9175
81.4898
81.054
80.61
80.1579
79.6977
79.2295
78.7534
78.2693
77.7774
77.2776
76.77
76.2547
75.7318
75.2012
74.663
74.1173
73.5642
73.0036
72.4357
71.8605
71.2781
70.6884
70.0916
69.4878
68.877
68.2592
67.6345
67.003
66.3647
65.7197
65.0681
64.4099
63.7452
63.0741
62.3966
61.7128
61.0227
60.3265
59.6242
58.9158
58.2015
57.4813
56.7552
56.0234
55.286
54.5429
53.7943
53.0403
52.2809
51.5161
50.7462
49.9711
49.1909
48.4057
47.6156
46.8207
46.021
45.2166
44.4076
43.5941
42.7762
41.9539
41.1273
40.2965
39.4616
38.6227
37.7798
36.9331
36.0826
35.2284
34.3706
33.5093
32.6445
31.7764
30.905
30.0304
29.1528
28.2721
27.3885
26.5022
25.613
24.7212
23.8269
22.9301
22.0309
21.1294
20.2257
19.3199
18.412
17.5023
16.5906
15.6773
14.7623
13.8457
12.9276
12.0082
11.0874
10.1655
9.24245
8.31839
7.3934
6.46758
5.54102
4.61382
3.68606
2.75783
1.82924
0.900377
-0.0286719
-0.957811
-1.88695
-2.81599
-3.74484
-4.67341
-5.60161
-6.52933
-7.4565
-8.38302
-9.30879
-10.2337
-11.1577
-12.0807
-13.0026
-13.9232
-14.8426
-15.7605
-16.677
-17.5919
-18.5051
-19.4166
-20.3262
-21.2339
-22.1396
-23.0431
-23.9444
-24.8434
-25.74
-26.6341
-27.5257
-28.4146
-29.3007
-30.184
-31.0644
-31.9417
-32.816
-33.687
-34.5548
-35.4192
-36.2801
-37.1375
-37.9913
-38.8414
-39.6876
-40.53
-41.3684
-42.2028
-43.033
-43.859
-44.6807
-45.498
-46.3108
-47.1191
-47.9228
-48.7217
-49.5159
-50.3051
-51.0895
-51.8688
-52.643
-53.412
-54.1757
-54.9341
-55.6871
-56.4346
-57.1765
-57.9128
-58.6433
-59.3681
-60.087
-60.7999
-61.5069
-62.2078
-62.9025
-63.591
-64.2732
-64.9491
-65.6185
-66.2814
-66.9378
-67.5876
-68.2306
-68.8669
-69.4964
-70.1189
-70.7346
-71.3432
-71.9447
-72.5392
-73.1264
-73.7063
-74.279
-74.8443
-75.4021
-75.9525
-76.4953
-77.0305
-77.5581
-78.078
-78.5901
-79.0944
-79.5909
-80.0794
-80.56
-81.0326
-81.4971
-81.9536
-82.4018
-82.8419
-83.2737
-83.6973
-84.1125
-84.5194
-84.9178
-85.3078
-85.6893
-86.0623
-86.4267
-86.7825
-87.1296
-87.4681
-87.7979
-88.1189
-88.4311
-88.7345
-89.0291
-89.3148
-89.5916
-89.8595
-90.1184
-90.3683
-90.6092
-90.8411
-91.0639
-91.2777
-91.4823
-91.6778
-91.8641
-92.0413
-92.2093
-92.3681
-92.5177
-92.658
-92.7891
-92.9109
-93.0234
-93.1267
-93.2206
-93.3053
-93.3806
-93.4465
-93.5032
-93.5505
-93.5884
-93.617
-93.6362
-93.6461
-93.6466
-93.6378
-93.6195
-93.5919
-93.555
-93.5087
-93.453
-93.388
-93.3136
-93.2299
-93.1369
-93.0346
-92.9229
-92.8019
-92.6717
-92.5321
-92.3833
-92.2252
-92.0579
-91.8814
-91.6957
-91.5008
-91.2967
-91.0835
-90.8611
-90.6296
-90.389
-90.1394
-89.8808
-89.6131
-89.3364
-89.0508
-88.7562
-88.4528
-88.1404
-87.8192
-87.4892
-87.1504
-86.8029
-86.4467
-86.0817
-85.7082
-85.326
-84.9352
-84.536
-84.1282
-83.712
-83.2873
-82.8543
-82.413
-81.9633
-81.5055
-81.0394
-80.5652
-80.0829
-79.5925
-79.0941
-78.5877
-78.0735
-77.5514
-77.0215
-76.4838
-75.9384
-75.3854
-74.8248
-74.2566
-73.681
-73.0979
-72.5075
-71.9097
-71.3047
-70.6925
-70.0732
-69.4468
-68.8134
-68.1731
-67.5259
-66.8718
-66.2111
-65.5436
-64.8695
-64.1888
-63.5017
-62.8081
-62.1082
-61.402
-60.6896
-59.9711
-59.2465
-58.5159
-57.7794
-57.037
-56.2888
-55.535
-54.7755
-54.0104
-53.2399
-52.464
-51.6827
-50.8962
-50.1046
-49.3078
-48.506
-47.6994
-46.8878
-46.0715
-45.2505
-44.4249
-43.5947
-42.7602
-41.9212
-41.078
-40.2306
-39.3791
-38.5236
-37.6641
-36.8008
-35.9337
-35.0629
-34.1885
-33.3107
-32.4294
-31.5447
-30.6569
-29.7659
-28.8718
-27.9747
-27.0748
-26.172
-25.2666
-24.3585
-23.4479
-22.5349
-21.6195
-20.7018
-19.782
-18.8602
-17.9363
-17.0106
-16.0831
-15.1539
-14.223
-13.2907
-12.3569
-11.4218
-10.4855
-9.54801
-8.60948
-7.67
-6.72966
-5.78856
-4.84678
-3.90442
-2.96157
-2.01834
-1.07481
-0.131074
0.812766
1.75662
2.70039
3.64399
4.58731
5.53028
6.47278
7.41473
8.35603
9.29659
10.2363
11.1751
12.1129
13.0495
13.985
14.9191
15.8519
16.7831
17.7128
18.6408
19.567
20.4913
21.4137
22.3341
23.2523
24.1682
25.0819
25.9931
26.9018
27.8079
28.7114
29.612
30.5098
31.4046
32.2964
33.185
34.0704
34.9525
35.8311
36.7063
37.5779
38.4458
39.31
40.1703
41.0267
41.8791
42.7273
43.5714
44.4112
45.2467
46.0777
46.9042
47.726
48.5432
49.3556
50.1632
50.9658
51.7634
52.5559
53.3433
54.1253
54.9021
55.6734
56.4393
57.1995
57.9542
58.7031
59.4462
60.1834
60.9147
61.64
62.3592
63.0722
63.779
64.4795
65.1736
65.8613
66.5424
67.217
67.8849
68.546
69.2004
69.848
70.4886
71.1222
71.7488
72.3682
72.9805
73.5856
74.1834
74.7738
75.3567
75.9322
76.5002
77.0606
77.6133
78.1583
78.6956
79.225
79.7466
80.2603
80.7659
81.2636
81.7531
82.2346
82.7079
83.1729
83.6297
84.0782
84.5182
84.9499
85.3732
85.7879
86.1941
86.5917
86.9808
87.3611
87.7327
88.0957
88.4498
88.7951
89.1316
89.4592
89.7779
90.0877
90.3884
90.6802
90.9629
91.2366
91.5011
91.7566
92.0028
92.2399
92.4679
92.6865
92.896
93.0961
93.287
93.4686
93.6408
93.8037
93.9573
94.1014
94.2362
94.3615
94.4774
94.5839
94.6809
94.7685
94.8466
94.9152
94.9744
95.0241
95.0642
95.0949
95.116
95.1277
95.1298
95.1224
95.1055
95.0791
95.0432
94.9977
94.9428
94.8784
94.8045
94.721
94.6281
94.5258
94.4139
94.2927
94.1619
94.0218
93.8722
93.7132
93.5449
93.3672
93.1801
92.9837
92.7779
92.5629
92.3386
92.105
91.8622
91.6102
91.349
91.0786
90.7991
90.5105
90.2128
89.9061
89.5903
89.2656
88.9319
88.5892
88.2377
87.8773
87.5081
87.1301
86.7434
86.3479
85.9438
85.531
85.1096
84.6797
84.2413
83.7944
83.3391
82.8754
82.4033
81.923
81.4344
80.9377
80.4328
79.9198
79.3988
78.8697
78.3328
77.7879
77.2352
76.6748
76.1066
75.5307
74.9472
74.3562
73.7577
73.1518
72.5384
71.9178
71.2899
70.6548
70.0126
69.3633
68.707
68.0438
67.3737
66.6968
66.0132
65.3229
64.626
63.9225
63.2126
62.4964
61.7737
61.0449
60.3098
59.5687
58.8215
58.0684
57.3094
56.5446
55.774
54.9978
54.216
53.4287
52.636
51.838
51.0347
50.2262
49.4126
48.594
47.7704
46.942
46.1088
45.2709
44.4284
43.5814
42.7299
41.874
41.0139
40.1496
39.2813
38.4088
37.5325
36.6523
35.7684
34.8808
33.9896
33.095
32.1969
31.2955
30.391
29.4832
28.5725
27.6588
26.7422
25.8229
24.9009
23.9763
23.0492
22.1197
21.188
20.254
19.3179
18.3797
17.4397
16.4978
15.5541
14.6088
13.662
12.7137
11.764
10.813
9.86089
8.90768
7.95349
6.9984
6.04252
5.08594
4.12875
3.17106
2.21295
1.25453
0.295882
-0.662889
-1.62169
-2.58042
-3.539
-4.49731
-5.45527
-6.41278
-7.36975
-8.32607
-9.28166
-10.2364
-11.1902
-12.143
-13.0947
-14.0452
-14.9943
-15.9421
-16.8884
-17.833
-18.776
-19.7172
-20.6565
-21.5938
-22.5291
-23.4622
-24.3931
-25.3216
-26.2477
-27.1712
-28.0921
-29.0103
-29.9257
-30.8382
-31.7477
-32.6541
-33.5574
-34.4574
-35.354
-36.2472
-37.1368
-38.0228
-38.9051
-39.7836
-40.6582
-41.5288
-42.3954
-43.2578
-44.116
-44.9698
-45.8193
-46.6642
-47.5046
-48.3402
-49.1712
-49.9973
-50.8185
-51.6347
-52.4458
-53.2517
-54.0524
-54.8478
-55.6377
-56.4222
-57.2011
-57.9744
-58.742
-59.5037
-60.2596
-61.0095
-61.7534
-62.4913
-63.2229
-63.9483
-64.6673
-65.38
-66.0862
-66.7859
-67.4789
-68.1653
-68.8449
-69.5177
-70.1836
-70.8426
-71.4946
-72.1394
-72.7772
-73.4077
-74.0309
-74.6468
-75.2553
-75.8563
-76.4498
-77.0357
-77.6139
-78.1845
-78.7473
-79.3023
-79.8494
-80.3886
-80.9198
-81.4429
-81.958
-82.4649
-82.9636
-83.4541
-83.9363
-84.4101
-84.8755
-85.3325
-85.781
-86.221
-86.6524
-87.0752
-87.4893
-87.8947
-88.2914
-88.6792
-89.0583
-89.4284
-89.7897
-90.142
-90.4853
-90.8197
-91.1449
-91.4611
-91.7682
-92.0662
-92.3549
-92.6345
-92.9048
-93.1658
-93.4176
-93.66
-93.8931
-94.1169
-94.3312
-94.5362
-94.7317
-94.9177
-95.0943
-95.2614
-95.419
-95.567
-95.7055
-95.8345
-95.9538
-96.0636
-96.1638
-96.2544
-96.3354
-96.4068
-96.4685
-96.5206
-96.563
-96.5958
-96.6189
-96.6324
-96.6362
-96.6303
-96.6148
-96.5896
-96.5547
-96.5102
-96.4561
-96.3923
-96.3188
-96.2357
-96.143
-96.0406
-95.9286
-95.8071
-95.6759
-95.5352
-95.3848
-95.225
-95.0556
-94.8766
-94.6882
-94.4903
-94.2829
-94.0661
-93.8398
-93.6041
-93.359
-93.1046
-92.8409
-92.5678
-92.2855
-91.9939
-91.693
-91.383
-91.0638
-90.7354
-90.398
-90.0515
-89.6959
-89.3313
-88.9578
-88.5753
-88.184
-87.7837
-87.3747
-86.9569
-86.5303
-86.0951
-85.6512
-85.1987
-84.7376
-84.268
-83.7899
-83.3034
-82.8085
-82.3053
-81.7938
-81.2741
-80.7462
-80.2102
-79.6661
-79.1139
-78.5538
-77.9858
-77.41
-76.8263
-76.2349
-75.6359
-75.0292
-74.4149
-73.7931
-73.1639
-72.5273
-71.8834
-71.2322
-70.5739
-69.9084
-69.2359
-68.5564
-67.8699
-67.1766
-66.4766
-65.7697
-65.0563
-64.3363
-63.6097
-62.8768
-62.1374
-61.3918
-60.64
-59.882
-59.118
-58.348
-57.572
-56.7903
-56.0027
-55.2095
-54.4107
-53.6064
-52.7966
-51.9815
-51.1611
-50.3355
-49.5048
-48.669
-47.8283
-46.9828
-46.1324
-45.2774
-44.4177
-43.5535
-42.6849
-41.8119
-40.9346
-40.0532
-39.1676
-38.2781
-37.3846
-36.4874
-35.5863
-34.6817
-33.7734
-32.8617
-31.9467
-31.0283
-30.1067
-29.1821
-28.2544
-27.3238
-26.3904
-25.4543
-24.5155
-23.5742
-22.6304
-21.6842
-20.7358
-19.7853
-18.8326
-17.878
-16.9215
-15.9632
-15.0032
-14.0416
-13.0785
-12.1141
-11.1483
-10.1813
-9.21314
-8.244
-7.27394
-6.30305
-5.33144
-4.3592
-3.38642
-2.41321
-1.43966
-0.465871
0.508064
1.48205
2.45598
3.42976
4.4033
5.37649
6.34924
7.32146
8.29304
9.26389
10.2339
11.203
12.1711
13.138
14.1038
15.0682
16.0312
16.9927
17.9526
18.9108
19.8672
20.8217
21.7742
22.7247
23.6729
24.6189
25.5626
26.5037
27.4423
28.3783
29.3115
30.2419
31.1693
32.0937
33.015
33.9331
34.8479
35.7593
36.6673
37.5716
38.4723
39.3692
40.2622
41.1514
42.0365
42.9175
43.7943
44.6668
45.5349
46.3985
47.2576
48.1121
48.9618
49.8067
50.6467
51.4818
52.3118
53.1366
53.9562
54.7705
55.5793
56.3828
57.1806
57.9728
58.7593
59.54
60.3148
61.0837
61.8465
62.6033
63.3538
64.0981
64.8361
65.5676
66.2927
67.0112
67.723
68.4282
69.1266
69.8181
70.5028
71.1804
71.851
72.5145
73.1708
73.8199
74.4616
75.096
75.7229
76.3423
76.9541
77.5583
78.1548
78.7436
79.3245
79.8975
80.4626
81.0198
81.5689
82.1098
82.6427
83.1673
83.6836
84.1917
84.6913
85.1826
85.6653
86.1396
86.6053
87.0624
87.5108
87.9505
88.3815
88.8036
89.2169
89.6214
90.0169
90.4035
90.781
91.1496
91.509
91.8593
92.2005
92.5325
92.8553
93.1688
93.473
93.7679
94.0535
94.3297
94.5965
94.8538
95.1017
95.3401
95.569
95.7884
95.9982
96.1984
96.389
96.57
96.7414
96.9031
97.0551
97.1975
97.3301
97.4531
97.5662
97.6697
97.7634
97.8473
97.9214
97.9858
98.0404
98.0851
98.1201
98.1452
98.1606
98.1661
98.1618
98.1477
98.1238
98.0901
98.0465
97.9932
97.93
97.857
97.7743
97.6818
97.5794
97.4674
97.3455
97.2139
97.0726
96.9215
96.7608
96.5904
96.4102
96.2205
96.021
95.812
95.5933
95.3651
95.1273
94.88
94.6232
94.3569
94.0811
93.7958
93.5012
93.1972
92.8838
92.5612
92.2292
91.888
91.5375
91.1779
90.8091
90.4312
90.0442
89.6482
89.2432
88.8292
88.4062
87.9744
87.5338
87.0843
86.6261
86.1592
85.6837
85.1995
84.7067
84.2054
83.6957
83.1775
82.651
82.1161
81.573
81.0217
80.4622
79.8946
79.319
78.7354
78.1438
77.5444
76.9371
76.3221
75.6995
75.0691
74.4312
73.7858
73.133
72.4728
71.8052
71.1304
70.4485
69.7594
69.0633
68.3602
67.6502
66.9333
66.2097
65.4794
64.7425
63.9991
63.2491
62.4928
61.7301
60.9612
60.1861
59.4049
58.6177
57.8246
57.0256
56.2208
55.4103
54.5942
53.7725
52.9454
52.1129
51.2751
50.4321
49.584
48.7308
47.8727
47.0097
46.1419
45.2694
44.3923
43.5107
42.6247
41.7342
40.8396
39.9407
39.0378
38.1308
37.22
36.3053
35.387
34.465
33.5394
32.6104
31.6781
30.7425
29.8037
28.8619
27.9171
26.9694
26.0189
25.0657
24.1099
23.1516
22.1908
21.2278
20.2625
19.2952
18.3258
17.3544
16.3813
15.4064
14.4298
13.4518
12.4722
11.4914
10.5093
9.526
8.54169
7.55642
6.5703
5.58342
4.59589
3.6078
2.61925
1.63034
0.641165
-0.348171
-1.33757
-2.32694
-3.31617
-4.30517
-5.29384
-6.28207
-7.26978
-8.25686
-9.24321
-10.2287
-11.2133
-12.1969
-13.1794
-14.1606
-15.1405
-16.119
-17.096
-18.0714
-19.0451
-20.0169
-20.9869
-21.9549
-22.9207
-23.8844
-24.8457
-25.8047
-26.7612
-27.7151
-28.6664
-29.6148
-30.5604
-31.5031
-32.4427
-33.3791
-34.3123
-35.2421
-36.1686
-37.0915
-38.0107
-38.9263
-39.8381
-40.746
-41.6499
-42.5497
-43.4453
-44.3367
-45.2238
-46.1064
-46.9845
-47.858
-48.7268
-49.5908
-50.4499
-51.3041
-52.1532
-52.9972
-53.836
-54.6695
-55.4976
-56.3202
-57.1373
-57.9487
-58.7544
-59.5544
-60.3484
-61.1366
-61.9186
-62.6946
-63.4644
-64.2279
-64.985
-65.7357
-66.48
-67.2176
-67.9486
-68.6729
-69.3904
-70.101
-70.8047
-71.5014
-72.191
-72.8734
-73.5487
-74.2166
-74.8772
-75.5304
-76.176
-76.8142
-77.4447
-78.0675
-78.6826
-79.2898
-79.8892
-80.4807
-81.0642
-81.6396
-82.207
-82.7661
-83.3171
-83.8598
-84.3941
-84.92
-85.4376
-85.9466
-86.4471
-86.9389
-87.4222
-87.8967
-88.3625
-88.8195
-89.2677
-89.707
-90.1374
-90.5588
-90.9712
-91.3745
-91.7687
-92.1538
-92.5297
-92.8964
-93.2539
-93.602
-93.9409
-94.2703
-94.5904
-94.9011
-95.2022
-95.4939
-95.7761
-96.0488
-96.3118
-96.5653
-96.8091
-97.0432
-97.2677
-97.4825
-97.6875
-97.8828
-98.0684
-98.2441
-98.4101
-98.5662
-98.7124
-98.8489
-98.9754
-99.0921
-99.1988
-99.2957
-99.3826
-99.4596
-99.5267
-99.5838
-99.631
-99.6682
-99.6954
-99.7127
-99.72
-99.7173
-99.7047
-99.6821
-99.6495
-99.607
-99.5545
-99.492
-99.4196
-99.3372
-99.2449
-99.1426
-99.0305
-98.9084
-98.7764
-98.6345
-98.4827
-98.3211
-98.1496
-97.9683
-97.7772
-97.5763
-97.3656
-97.1451
-96.9149
-96.675
-96.4254
-96.1662
-95.8973
-95.6188
-95.3306
-95.033
-94.7258
-94.4091
-94.0829
-93.7473
-93.4022
-93.0478
-92.6841
-92.311
-91.9287
-91.5371
-91.1364
-90.7265
-90.3075
-89.8794
-89.4423
-88.9962
-88.5411
-88.0772
-87.6044
-87.1228
-86.6324
-86.1333
-85.6256
-85.1092
-84.5843
-84.0509
-83.509
-82.9587
-82.4001
-81.8331
-81.2579
-80.6746
-80.0831
-79.4835
-78.876
-78.2604
-77.637
-77.0058
-76.3668
-75.7201
-75.0658
-74.4039
-73.7345
-73.0577
-72.3734
-71.6819
-70.9831
-70.2772
-69.5642
-68.8441
-68.1171
-67.3832
-66.6425
-65.895
-65.1409
-64.3802
-63.613
-62.8394
-62.0593
-61.273
-60.4805
-59.6819
-58.8772
-58.0666
-57.25
-56.4277
-55.5996
-54.7659
-53.9266
-53.0819
-52.2317
-51.3763
-50.5156
-49.6498
-48.7789
-47.9031
-47.0224
-46.1369
-45.2467
-44.3519
-43.4526
-42.5488
-41.6407
-40.7283
-39.8118
-38.8912
-37.9666
-37.0381
-36.1058
-35.1698
-34.2303
-33.2872
-32.3406
-31.3908
-30.4377
-29.4814
-28.5222
-27.5599
-26.5949
-25.627
-24.6565
-23.6835
-22.708
-21.7301
-20.7499
-19.7676
-18.7832
-17.7968
-16.8085
-15.8185
-14.8268
-13.8335
-12.8387
-11.8425
-10.8451
-9.84643
-8.84671
-7.846
-6.84441
-5.84203
-4.83897
-3.83532
-2.8312
-1.82668
-0.821888
0.18309
1.18815
2.19319
3.19812
4.20282
5.2072
6.21117
7.21461
8.21743
9.21953
10.2208
11.2212
12.2205
13.2187
14.2157
15.2114
16.2056
17.1983
18.1895
19.1788
20.1664
21.1521
22.1357
23.1172
24.0965
25.0735
26.0481
27.0202
27.9896
28.9564
29.9204
30.8814
31.8395
32.7945
33.7463
34.6949
35.64
36.5817
37.5198
38.4543
39.385
40.3119
41.2348
42.1537
43.0684
43.979
44.8853
45.7871
46.6845
47.5773
48.4654
49.3487
50.2272
51.1008
51.9694
52.8328
53.6911
54.544
55.3916
56.2338
57.0704
57.9014
58.7266
59.5461
60.3597
61.1674
61.969
62.7645
63.5538
64.3368
65.1135
65.8837
66.6475
67.4046
68.1551
68.8988
69.6357
70.3658
71.0888
71.8049
72.5138
73.2155
73.91
74.5972
75.2769
75.9493
76.6141
77.2712
77.9208
78.5626
79.1966
79.8227
80.441
81.0512
81.6535
82.2476
82.8335
83.4112
83.9806
84.5417
85.0944
85.6387
86.1744
86.7016
87.2201
87.73
88.2311
88.7235
89.2071
89.6818
90.1475
90.6043
91.0521
91.4908
91.9205
92.3409
92.7522
93.1542
93.547
93.9305
94.3046
94.6693
95.0245
95.3703
95.7066
96.0334
96.3506
96.6582
96.9562
97.2445
97.523
97.7919
98.051
98.3004
98.5399
98.7696
98.9895
99.1995
99.3995
99.5897
99.7699
99.9402
100.1
100.251
100.391
100.521
100.641
100.752
100.852
100.942
101.022
101.092
101.151
101.201
101.24
101.27
101.289
101.298
101.297
101.286
101.265
101.233
101.192
101.14
101.079
101.007
100.925
100.833
100.731
100.618
100.496
100.364
100.221
100.069
99.9063
99.7338
99.5513
99.3588
99.1564
98.9441
98.7218
98.4897
98.2476
97.9958
97.7341
97.4626
97.1813
96.8903
96.5895
96.2791
95.959
95.6293
95.29
94.9411
94.5827
94.2148
93.8374
93.4507
93.0545
92.649
92.2342
91.8101
91.3768
90.9343
90.4827
90.022
89.5522
89.0735
88.5858
88.0891
87.5837
87.0694
86.5463
86.0146
85.4741
84.9251
84.3676
83.8015
83.227
82.6442
82.053
81.4535
80.8458
80.23
79.6061
78.9742
78.3344
77.6866
77.031
76.3676
75.6965
75.0178
74.3315
73.6377
72.9365
72.2279
71.512
70.7889
70.0587
69.3214
68.577
67.8258
67.0676
66.3027
65.5311
64.7529
63.9681
63.1768
62.3791
61.5751
60.7649
59.9485
59.1261
58.2976
57.4632
56.623
55.7771
54.9255
54.0683
53.2056
52.3375
51.4641
50.5855
49.7017
48.8129
47.9191
47.0204
46.1169
45.2087
44.2959
43.3786
42.4568
41.5307
40.6004
39.6659
38.7274
37.7848
36.8385
35.8883
34.9344
33.977
33.0161
32.0517
31.0841
30.1133
29.1393
28.1624
27.1825
26.1998
25.2144
24.2264
23.2359
22.2429
21.2476
20.2501
19.2504
18.2488
17.2452
16.2398
15.2326
14.2239
13.2136
12.2019
11.1888
10.1746
9.15921
8.14283
7.12552
6.10741
5.08858
4.06913
3.04919
2.02883
1.00817
-0.0126976
-1.03366
-2.05463
-3.07549
-4.09614
-5.11649
-6.13643
-7.15585
-8.17467
-9.19276
-10.21
-11.2264
-12.2417
-13.256
-14.269
-15.2806
-16.2909
-17.2996
-18.3067
-19.312
-20.3155
-21.3171
-22.3167
-23.3141
-24.3093
-25.3022
-26.2926
-27.2805
-28.2658
-29.2483
-30.228
-31.2048
-32.1786
-33.1493
-34.1167
-35.0808
-36.0415
-36.9987
-37.9523
-38.9022
-39.8483
-40.7905
-41.7287
-42.6629
-43.5929
-44.5186
-45.4399
-46.3568
-47.2692
-48.1769
-49.0799
-49.978
-50.8713
-51.7596
-52.6428
-53.5208
-54.3935
-55.2609
-56.1228
-56.9792
-57.8301
-58.6752
-59.5145
-60.3479
-61.1755
-61.9969
-62.8123
-63.6214
-64.4243
-65.2208
-66.0109
-66.7944
-67.5714
-68.3417
-69.1052
-69.8619
-70.6116
-71.3544
-72.0901
-72.8187
-73.5401
-74.2542
-74.9609
-75.6602
-76.352
-77.0363
-77.7129
-78.3818
-79.043
-79.6963
-80.3417
-80.9791
-81.6085
-82.2298
-82.8429
-83.4478
-84.0444
-84.6327
-85.2126
-85.784
-86.3469
-86.9012
-87.4469
-87.9839
-88.5122
-89.0316
-89.5422
-90.0439
-90.5366
-91.0204
-91.4951
-91.9606
-92.4171
-92.8643
-93.3023
-93.731
-94.1504
-94.5604
-94.961
-95.3521
-95.7337
-96.1058
-96.4684
-96.8213
-97.1645
-97.4981
-97.822
-98.1361
-98.4405
-98.735
-99.0197
-99.2945
-99.5594
-99.8144
-100.059
-100.294
-100.519
-100.734
-100.939
-101.134
-101.319
-101.494
-101.658
-101.813
-101.957
-102.091
-102.215
-102.328
-102.432
-102.525
-102.608
-102.681
-102.743
-102.795
-102.837
-102.869
-102.89
-102.901
-102.902
-102.892
-102.872
-102.842
-102.802
-102.751
-102.69
-102.619
-102.537
-102.446
-102.344
-102.231
-102.109
-101.976
-101.833
-101.68
-101.517
-101.343
-101.16
-100.966
-100.762
-100.548
-100.324
-100.09
-99.8455
-99.5913
-99.3272
-99.0531
-98.769
-98.4751
-98.1712
-97.8576
-97.5341
-97.2008
-96.8578
-96.505
-96.1426
-95.7705
-95.3888
-94.9975
-94.5967
-94.1864
-93.7666
-93.3374
-92.8988
-92.4509
-91.9937
-91.5273
-91.0517
-90.5669
-90.073
-89.57
-89.058
-88.5371
-88.0073
-87.4686
-86.9211
-86.3649
-85.8
-85.2264
-84.6443
-84.0537
-83.4545
-82.847
-82.2311
-81.607
-80.9746
-80.3341
-79.6854
-79.0287
-78.3641
-77.6916
-77.0112
-76.323
-75.6272
-74.9237
-74.2127
-73.4941
-72.7682
-72.0348
-71.2943
-70.5465
-69.7916
-69.0296
-68.2606
-67.4848
-66.7021
-65.9127
-65.1166
-64.3139
-63.5047
-62.689
-61.8671
-61.0388
-60.2044
-59.3638
-58.5173
-57.6648
-56.8064
-55.9423
-55.0725
-54.1971
-53.3162
-52.4299
-51.5382
-50.6413
-49.7393
-48.8322
-47.9201
-47.0031
-46.0813
-45.1549
-44.2238
-43.2882
-42.3482
-41.4039
-40.4553
-39.5026
-38.5458
-37.5851
-36.6206
-35.6522
-34.6803
-33.7047
-32.7257
-31.7433
-30.7576
-29.7688
-28.7769
-27.782
-26.7842
-25.7837
-24.7805
-23.7747
-22.7664
-21.7558
-20.7428
-19.7277
-18.7105
-17.6914
-16.6704
-15.6476
-14.6231
-13.5971
-12.5696
-11.5407
-10.5106
-9.47937
-8.44706
-7.4138
-6.3797
-5.34485
-4.30937
-3.27336
-2.23691
-1.20013
-0.163133
0.873986
1.91112
2.94817
3.98502
5.02159
6.05775
7.09341
8.12847
9.16281
10.1963
11.229
12.2606
13.291
14.3203
15.3482
16.3747
17.3996
18.423
19.4445
20.4643
21.4821
22.4978
23.5114
24.5227
25.5317
26.5383
27.5423
28.5436
29.5422
30.5379
31.5307
32.5204
33.5069
34.4903
35.4702
36.4467
37.4197
38.389
39.3546
40.3163
41.2741
42.2279
43.1775
44.123
45.0641
46.0008
46.933
47.8605
48.7834
49.7015
50.6148
51.523
52.4262
53.3243
54.2171
55.1045
55.9866
56.8631
57.7341
58.5993
59.4588
60.3124
61.1601
62.0017
62.8372
63.6666
64.4896
65.3063
66.1165
66.9202
67.7173
68.5077
69.2913
70.0681
70.8379
71.6007
72.3565
73.1051
73.8464
74.5805
75.3071
76.0263
76.738
77.4421
78.1385
78.8271
79.5079
80.1809
80.8459
81.5029
82.1518
82.7925
83.4251
84.0493
84.6652
85.2727
85.8718
86.4623
87.0442
87.6175
88.1821
88.7379
89.2849
89.823
90.3522
90.8724
91.3836
91.8857
92.3786
92.8624
93.3369
93.8021
94.258
94.7046
95.1417
95.5693
95.9874
96.396
96.7949
97.1842
97.5639
97.9338
98.294
98.6443
98.9849
99.3155
99.6363
99.9472
100.248
100.539
100.82
101.091
101.351
101.602
101.842
102.073
102.293
102.503
102.703
102.892
103.071
103.24
103.399
103.547
103.685
103.812
103.93
104.036
104.133
104.219
104.294
104.36
104.414
104.459
104.493
104.516
104.529
104.532
104.524
104.505
104.476
104.437
104.387
104.327
104.257
104.176
104.084
103.982
103.87
103.747
103.614
103.471
103.317
103.153
102.978
102.793
102.598
102.393
102.177
101.951
101.715
101.469
101.213
100.946
100.669
100.382
100.085
99.7786
99.4616
99.1347
98.7978
98.451
98.0944
97.7279
97.3516
96.9655
96.5696
96.1641
95.7489
95.3241
94.8898
94.4459
93.9925
93.5296
93.0574
92.5758
92.0849
91.5848
91.0754
90.5569
90.0293
89.4926
88.9469
88.3923
87.8288
87.2564
86.6752
86.0854
85.4868
84.8797
84.264
83.6398
83.0072
82.3662
81.7169
81.0594
80.3937
79.7199
79.0381
78.3483
77.6506
76.945
76.2317
75.5107
74.7821
74.0459
73.3022
72.5512
71.7928
71.0271
70.2543
69.4744
68.6874
67.8935
67.0928
66.2852
65.4709
64.6501
63.8226
62.9887
62.1484
61.3018
60.449
59.5901
58.7251
57.8542
56.9774
56.0948
55.2065
54.3126
53.4131
52.5083
51.5981
50.6826
49.762
48.8363
47.9057
46.9702
46.0298
45.0848
44.1352
43.1811
42.2225
41.2596
40.2925
39.3213
38.3461
37.3669
36.3839
35.3972
34.4068
33.4128
32.4155
31.4148
30.4108
29.4037
28.3936
27.3805
26.3646
25.346
24.3247
23.3009
22.2746
21.246
20.2152
19.1823
18.1473
17.1105
16.0718
15.0314
13.9894
12.9458
11.9009
10.8547
9.80734
8.75886
7.7094
6.65906
5.60795
4.55618
3.50385
2.45106
1.39792
0.344531
-0.708994
-1.76255
-2.81604
-3.86935
-4.92238
-5.97503
-7.02718
-8.07873
-9.12958
-10.1796
-11.2288
-12.2769
-13.3239
-14.3696
-15.4141
-16.457
-17.4985
-18.5383
-19.5764
-20.6126
-21.6468
-22.679
-23.709
-24.7368
-25.7621
-26.785
-27.8054
-28.823
-29.8379
-30.8499
-31.8589
-32.8648
-33.8675
-34.867
-35.863
-36.8556
-37.8446
-38.8299
-39.8114
-40.7891
-41.7627
-42.7323
-43.6977
-44.6588
-45.6156
-46.5678
-47.5156
-48.4586
-49.397
-50.3304
-51.259
-52.1825
-53.1008
-54.014
-54.9219
-55.8243
-56.7212
-57.6126
-58.4983
-59.3783
-60.2523
-61.1205
-61.9826
-62.8386
-63.6884
-64.532
-65.3691
-66.1998
-67.024
-67.8416
-68.6524
-69.4565
-70.2537
-71.0439
-71.8272
-72.6033
-73.3722
-74.1339
-74.8882
-75.6352
-76.3746
-77.1065
-77.8307
-78.5473
-79.256
-79.9569
-80.6499
-81.3348
-82.0117
-82.6805
-83.3411
-83.9934
-84.6374
-85.2729
-85.9
-86.5186
-87.1286
-87.7299
-88.3226
-88.9064
-89.4814
-90.0476
-90.6047
-91.1529
-91.692
-92.222
-92.7429
-93.2545
-93.7568
-94.2498
-94.7334
-95.2076
-95.6724
-96.1276
-96.5732
-97.0093
-97.4356
-97.8523
-98.2592
-98.6564
-99.0437
-99.4212
-99.7887
-100.146
-100.494
-100.832
-101.159
-101.477
-101.784
-102.081
-102.368
-102.645
-102.912
-103.168
-103.414
-103.65
-103.875
-104.09
-104.295
-104.489
-104.673
-104.846
-105.009
-105.161
-105.303
-105.435
-105.556
-105.666
-105.766
-105.855
-105.933
-106.001
-106.059
-106.106
-106.142
-106.167
-106.182
-106.187
-106.181
-106.164
-106.136
-106.098
-106.049
-105.99
-105.92
-105.84
-105.748
-105.647
-105.534
-105.412
-105.278
-105.134
-104.98
-104.815
-104.639
-104.453
-104.257
-104.05
-103.833
-103.605
-103.367
-103.119
-102.86
-102.591
-102.311
-102.022
-101.722
-101.412
-101.092
-100.761
-100.421
-100.07
-99.7096
-99.339
-98.9584
-98.5679
-98.1674
-97.7572
-97.3371
-96.9072
-96.4676
-96.0183
-95.5594
-95.0909
-94.6128
-94.1252
-93.6281
-93.1216
-92.6058
-92.0806
-91.5462
-91.0026
-90.4498
-89.888
-89.317
-88.7371
-88.1483
-87.5506
-86.944
-86.3288
-85.7048
-85.0722
-84.431
-83.7813
-83.1232
-82.4567
-81.7818
-81.0988
-80.4075
-79.7082
-79.0008
-78.2854
-77.5621
-76.831
-76.0922
-75.3456
-74.5915
-73.8298
-73.0607
-72.2842
-71.5003
-70.7093
-69.9111
-69.1058
-68.2935
-67.4743
-66.6483
-65.8156
-64.9762
-64.1302
-63.2777
-62.4188
-61.5535
-60.682
-59.8044
-58.9207
-58.031
-57.1354
-56.234
-55.3269
-54.4142
-53.496
-52.5723
-51.6432
-50.7089
-49.7695
-48.8249
-47.8754
-46.921
-45.9619
-44.998
-44.0295
-43.0565
-42.0792
-41.0975
-40.1116
-39.1216
-38.1276
-37.1297
-36.128
-35.1225
-34.1135
-33.1009
-32.0849
-31.0656
-30.0431
-29.0175
-27.9889
-26.9574
-25.9231
-24.8861
-23.8465
-22.8044
-21.7599
-20.7132
-19.6642
-18.6132
-17.5603
-16.5054
-15.4488
-14.3906
-13.3308
-12.2696
-11.2071
-10.1433
-9.07838
-8.01247
-6.94565
-5.87802
-4.80971
-3.7408
-2.67142
-1.60166
-0.531628
0.53856
1.6088
2.67899
3.74901
4.81877
5.88815
6.95706
8.02537
9.09298
10.1598
11.2257
12.2906
13.3544
14.4169
15.4781
16.5379
17.5961
18.6526
19.7074
20.7604
21.8113
22.8602
23.9069
24.9513
25.9934
27.0329
28.0698
29.1041
30.1355
31.164
32.1895
33.2119
34.2311
35.2469
36.2593
37.2682
38.2735
39.275
40.2727
41.2665
42.2563
43.2419
44.2233
45.2004
46.1731
47.1412
48.1047
49.0636
50.0176
50.9667
51.9107
52.8497
53.7835
54.7121
55.6352
56.5529
57.465
58.3714
59.2721
60.167
61.0559
61.9389
62.8157
63.6863
64.5507
65.4086
66.2601
67.1051
67.9435
68.7751
69.6
70.4179
71.2289
72.0329
72.8298
73.6194
74.4018
75.1768
75.9443
76.7044
77.4568
78.2016
78.9386
79.6678
80.3891
81.1025
81.8078
82.505
83.194
83.8748
84.5472
85.2113
85.8669
86.514
87.1525
87.7823
88.4034
89.0158
89.6193
90.2139
90.7996
91.3762
91.9437
92.5021
93.0514
93.5913
94.122
94.6433
95.1552
95.6576
96.1505
96.6339
97.1076
97.5716
98.026
98.4706
98.9054
99.3303
99.7454
100.151
100.546
100.931
101.306
101.671
102.026
102.37
102.705
103.029
103.343
103.647
103.94
104.223
104.496
104.758
105.01
105.251
105.482
105.702
105.911
106.111
106.299
106.477
106.644
106.801
106.947
107.082
107.207
107.32
107.424
107.516
107.598
107.669
107.729
107.778
107.817
107.845
107.862
107.868
107.863
107.848
107.822
107.785
107.737
107.679
107.61
107.53
107.439
107.338
107.225
107.102
106.969
106.824
106.669
106.503
106.327
106.14
105.942
105.734
105.515
105.285
105.045
104.795
104.534
104.262
103.98
103.688
103.385
103.072
102.748
102.414
102.07
101.716
101.351
100.976
100.591
100.196
99.7914
99.3763
98.9512
98.5162
98.0714
97.6166
97.1521
96.6778
96.1938
95.7001
95.1968
94.6839
94.1615
93.6296
93.0884
92.5377
91.9778
91.4086
90.8302
90.2426
89.646
89.0403
88.4257
87.8022
87.1698
86.5287
85.8788
85.2203
84.5532
83.8776
83.1935
82.5011
81.8003
81.0912
80.374
79.6487
78.9153
78.174
77.4248
76.6678
75.903
75.1305
74.3505
73.563
72.768
71.9656
71.156
70.3392
69.5153
68.6843
67.8464
67.0016
66.1501
65.2918
64.4269
63.5555
62.6776
61.7934
60.903
60.0063
59.1036
58.1948
57.2802
56.3597
55.4335
54.5016
53.5642
52.6214
51.6732
50.7198
49.7611
48.7975
47.8288
46.8552
45.8769
44.8939
43.9063
42.9142
41.9177
40.9169
39.912
38.9029
37.8899
36.8729
35.8522
34.8278
33.7998
32.7683
31.7334
30.6953
29.654
28.6096
27.5622
26.512
25.459
24.4034
23.3453
22.2847
21.2217
20.1566
19.0893
18.02
16.9487
15.8757
14.801
13.7247
12.6469
11.5678
10.4874
9.4058
8.32318
7.23961
6.15522
5.0701
3.98437
2.89813
1.81149
0.724558
-0.362553
-1.44974
-2.53688
-3.62388
-4.71063
-5.79702
-6.88293
-7.96827
-9.05291
-10.1368
-11.2197
-12.3016
-13.3824
-14.462
-15.5403
-16.6171
-17.6923
-18.7659
-19.8377
-20.9076
-21.9756
-23.0414
-24.1051
-25.1664
-26.2254
-27.2818
-28.3356
-29.3867
-30.4349
-31.4803
-32.5225
-33.5616
-34.5975
-35.63
-36.659
-37.6845
-38.7063
-39.7244
-40.7386
-41.7488
-42.7549
-43.7569
-44.7546
-45.7479
-46.7367
-47.7209
-48.7005
-49.6753
-50.6453
-51.6103
-52.5702
-53.5249
-54.4744
-55.4185
-56.3572
-57.2904
-58.2179
-59.1397
-60.0556
-60.9657
-61.8697
-62.7677
-63.6594
-64.5449
-65.424
-66.2967
-67.1628
-68.0223
-68.8751
-69.721
-70.5601
-71.3922
-72.2173
-73.0352
-73.8459
-74.6493
-75.4453
-76.2338
-77.0148
-77.7882
-78.5539
-79.3118
-80.0618
-80.8039
-81.538
-82.264
-82.9819
-83.6915
-84.3929
-85.0859
-85.7704
-86.4464
-87.1139
-87.7727
-88.4228
-89.0641
-89.6965
-90.3201
-90.9347
-91.5403
-92.1367
-92.7241
-93.3022
-93.871
-94.4305
-94.9806
-95.5213
-96.0524
-96.5741
-97.0861
-97.5884
-98.0811
-98.564
-99.037
-99.5003
-99.9536
-100.397
-100.83
-101.254
-101.667
-102.07
-102.463
-102.846
-103.218
-103.581
-103.932
-104.274
-104.605
-104.926
-105.236
-105.536
-105.825
-106.104
-106.372
-106.629
-106.876
-107.112
-107.338
-107.553
-107.757
-107.95
-108.133
-108.304
-108.465
-108.615
-108.755
-108.883
-109.001
-109.107
-109.203
-109.288
-109.362
-109.425
-109.477
-109.518
-109.548
-109.567
-109.575
-109.573
-109.559
-109.534
-109.499
-109.452
-109.395
-109.326
-109.247
-109.156
-109.055
-108.943
-108.82
-108.686
-108.541
-108.386
-108.219
-108.042
-107.853
-107.654
-107.445
-107.224
-106.993
-106.751
-106.498
-106.234
-105.96
-105.676
-105.38
-105.075
-104.758
-104.431
-104.094
-103.746
-103.388
-103.019
-102.64
-102.251
-101.852
-101.442
-101.022
-100.592
-100.152
-99.7014
-99.2412
-98.771
-98.2908
-97.8008
-97.301
-96.7914
-96.272
-95.743
-95.2043
-94.6561
-94.0984
-93.5311
-92.9545
-92.3685
-91.7733
-91.1688
-90.5551
-89.9323
-89.3004
-88.6596
-88.0098
-87.3511
-86.6837
-86.0075
-85.3226
-84.6292
-83.9272
-83.2167
-82.4979
-81.7707
-81.0353
-80.2917
-79.54
-78.7803
-78.0126
-77.2371
-76.4537
-75.6626
-74.8639
-74.0576
-73.2438
-72.4227
-71.5942
-70.7584
-69.9155
-69.0655
-68.2085
-67.3446
-66.4739
-65.5965
-64.7124
-63.8218
-62.9246
-62.0211
-61.1114
-60.1954
-59.2733
-58.3451
-57.4111
-56.4712
-55.5256
-54.5743
-53.6175
-52.6552
-51.6875
-50.7146
-49.7365
-48.7534
-47.7652
-46.7722
-45.7745
-44.772
-43.765
-42.7535
-41.7376
-40.7174
-39.6931
-38.6647
-37.6323
-36.5961
-35.556
-34.5124
-33.4652
-32.4145
-31.3605
-30.3032
-29.2428
-28.1794
-27.113
-26.0439
-24.972
-23.8975
-22.8205
-21.7411
-20.6595
-19.5757
-18.4898
-17.4019
-16.3122
-15.2208
-14.1277
-13.0331
-11.9371
-10.8398
-9.74128
-8.64169
-7.54112
-6.4397
-5.33752
-4.23469
-3.13133
-2.02755
-0.923458
0.18084
1.28523
2.3896
3.49385
4.59785
5.70151
6.8047
7.90733
9.00927
10.1104
11.2107
12.3099
13.408
14.5049
15.6005
16.6946
17.7871
18.878
19.9671
21.0543
22.1395
23.2226
24.3035
25.382
26.4582
27.5318
28.6027
29.6709
30.7363
31.7986
32.8579
33.914
34.9669
36.0163
37.0622
38.1046
39.1432
40.178
41.209
42.2358
43.2586
44.2772
45.2914
46.3012
47.3064
48.3071
49.303
50.2941
51.2802
52.2613
53.2373
54.2081
55.1735
56.1335
57.088
58.0369
58.9801
59.9174
60.8489
61.7744
62.6938
63.607
64.5139
65.4145
66.3087
67.1963
68.0772
68.9515
69.8189
70.6795
71.533
72.3795
73.2189
74.051
74.8757
75.6931
76.503
77.3053
78.1
78.8869
79.6661
80.4373
81.2006
81.9558
82.7029
83.4418
84.1725
84.8948
85.6086
86.314
87.0109
87.6991
88.3786
89.0493
89.7112
90.3642
91.0082
91.6431
92.269
92.8857
93.4932
94.0914
94.6803
95.2597
95.8297
96.3901
96.941
97.4822
98.0137
98.5355
99.0475
99.5496
100.042
100.524
100.996
101.459
101.911
102.353
102.784
103.206
103.617
104.018
104.409
104.789
105.159
105.518
105.867
106.205
106.532
106.849
107.156
107.451
107.736
108.01
108.274
108.526
108.768
108.999
109.219
109.428
109.627
109.814
109.99
110.156
110.31
110.453
110.586
110.707
110.817
110.916
111.004
111.081
111.147
111.202
111.245
111.278
111.299
111.309
111.309
111.297
111.273
111.239
111.194
111.137
111.07
110.991
110.901
110.8
110.688
110.565
110.431
110.285
110.129
109.962
109.783
109.594
109.394
109.182
108.96
108.727
108.483
108.228
107.962
107.686
107.399
107.1
106.792
106.472
106.142
105.801
105.449
105.087
104.714
104.331
103.938
103.534
103.119
102.694
102.259
101.814
101.358
100.892
100.416
99.9304
99.4344
98.9283
98.4123
97.8864
97.3507
96.8052
96.2499
95.685
95.1104
94.5262
93.9326
93.3295
92.717
92.0952
91.4641
90.8238
90.1743
89.5158
88.8482
88.1717
87.4863
86.7921
86.0892
85.3776
84.6573
83.9285
83.1913
82.4456
81.6917
80.9295
80.1591
79.3806
78.5942
77.7997
76.9975
76.1874
75.3696
74.5443
73.7114
72.871
72.0232
71.1682
70.306
69.4366
68.5603
67.6769
66.7868
65.8898
64.9862
64.076
63.1593
62.2362
61.3067
60.3711
59.4293
58.4815
57.5277
56.5681
55.6027
54.6317
53.6551
52.673
51.6856
50.693
49.6951
48.6922
47.6843
46.6715
45.654
44.6318
43.6051
42.5738
41.5382
40.4984
39.4544
38.4064
37.3544
36.2985
35.239
34.1758
33.1091
32.0389
30.9655
29.8888
28.8091
27.7263
26.6407
25.5523
24.4613
23.3677
22.2716
21.1732
20.0726
18.9699
17.8651
16.7585
15.65
14.5399
13.4283
12.3151
11.2007
10.085
8.96817
7.85034
6.73162
5.61211
4.49193
3.37119
2.25
1.12847
0.00671426
-1.11515
-2.23702
-3.35878
-4.48031
-5.6015
-6.72225
-7.84244
-8.96195
-10.0807
-11.1985
-12.3153
-13.4311
-14.5455
-15.6587
-16.7703
-17.8805
-18.9889
-20.0955
-21.2003
-22.303
-23.4036
-24.502
-25.5981
-26.6917
-27.7827
-28.8711
-29.9567
-31.0394
-32.1191
-33.1957
-34.2691
-35.3392
-36.4058
-37.4689
-38.5284
-39.5841
-40.636
-41.6839
-42.7277
-43.7674
-44.8028
-45.8339
-46.8604
-47.8824
-48.8997
-49.9122
-50.9198
-51.9224
-52.9199
-53.9122
-54.8993
-55.8809
-56.8571
-57.8276
-58.7925
-59.7516
-60.7048
-61.6521
-62.5932
-63.5282
-64.457
-65.3794
-66.2953
-67.2048
-68.1075
-69.0036
-69.8928
-70.7752
-71.6506
-72.5188
-73.38
-74.2338
-75.0804
-75.9195
-76.7511
-77.5751
-78.3914
-79.2
-80.0007
-80.7935
-81.5783
-82.3551
-83.1237
-83.884
-84.636
-85.3797
-86.1148
-86.8415
-87.5595
-88.2689
-88.9694
-89.6612
-90.3441
-91.018
-91.6828
-92.3386
-92.9852
-93.6225
-94.2506
-94.8693
-95.4786
-96.0784
-96.6686
-97.2492
-97.8202
-98.3814
-98.9329
-99.4745
-100.006
-100.528
-101.04
-101.542
-102.033
-102.515
-102.986
-103.447
-103.898
-104.338
-104.768
-105.187
-105.597
-105.995
-106.383
-106.76
-107.127
-107.483
-107.829
-108.163
-108.487
-108.8
-109.102
-109.394
-109.674
-109.943
-110.202
-110.449
-110.686
-110.911
-111.126
-111.329
-111.521
-111.702
-111.872
-112.03
-112.178
-112.314
-112.439
-112.553
-112.656
-112.747
-112.827
-112.896
-112.954
-113
-113.035
-113.058
-113.071
-113.072
-113.061
-113.04
-113.007
-112.963
-112.907
-112.84
-112.762
-112.673
-112.572
-112.46
-112.337
-112.203
-112.057
-111.9
-111.732
-111.553
-111.363
-111.161
-110.948
-110.724
-110.489
-110.243
-109.986
-109.718
-109.439
-109.149
-108.848
-108.536
-108.213
-107.88
-107.535
-107.18
-106.814
-106.437
-106.05
-105.652
-105.243
-104.824
-104.394
-103.954
-103.503
-103.042
-102.571
-102.089
-101.597
-101.095
-100.582
-100.06
-99.5275
-98.985
-98.4325
-97.8701
-97.2979
-96.7159
-96.1242
-95.5228
-94.9117
-94.2912
-93.6611
-93.0216
-92.3727
-91.7146
-91.0472
-90.3706
-89.6849
-88.9902
-88.2865
-87.574
-86.8525
-86.1224
-85.3835
-84.6361
-83.8801
-83.1156
-82.3427
-81.5616
-80.7722
-79.9746
-79.169
-78.3554
-77.5338
-76.7044
-75.8673
-75.0225
-74.1701
-73.3102
-72.4429
-71.5682
-70.6863
-69.7973
-68.9012
-67.9981
-67.0881
-66.1713
-65.2478
-64.3177
-63.3811
-62.438
-61.4886
-60.533
-59.5712
-58.6033
-57.6295
-56.6499
-55.6644
-54.6733
-53.6767
-52.6745
-51.667
-50.6543
-49.6363
-48.6134
-47.5854
-46.5526
-45.515
-44.4728
-43.426
-42.3747
-41.3192
-40.2593
-39.1954
-38.1274
-37.0555
-35.9798
-34.9004
-33.8174
-32.7309
-31.641
-30.5479
-29.4516
-28.3522
-27.2499
-26.1447
-25.0369
-23.9264
-22.8134
-21.698
-20.5803
-19.4605
-18.3386
-17.2147
-16.0891
-14.9617
-13.8327
-12.7021
-11.5703
-10.4371
-9.30279
-8.16743
-7.03115
-5.89404
-4.75624
-3.61784
-2.47897
-1.33973
-0.200249
0.939367
2.079
3.21855
4.35788
5.49689
6.63547
7.7735
8.91086
10.0474
11.1831
12.3178
13.4514
14.5837
15.7147
16.8443
17.9722
19.0985
20.223
21.3456
22.4661
23.5845
24.7007
25.8145
26.9259
28.0346
29.1407
30.244
31.3443
32.4416
33.5358
34.6268
35.7144
36.7985
37.8791
38.9559
40.029
41.0982
42.1634
43.2245
44.2814
45.3339
46.382
47.4256
48.4646
49.4988
50.5281
51.5525
52.5719
53.5861
54.595
55.5986
56.5967
57.5893
58.5762
59.5573
60.5326
61.5019
62.4652
63.4224
64.3732
65.3178
66.2559
67.1874
68.1124
69.0306
69.942
70.8465
71.7441
72.6345
73.5177
74.3937
75.2624
76.1236
76.9773
77.8233
78.6617
79.4923
80.315
81.1298
81.9365
82.7351
83.5256
84.3077
85.0815
85.8469
86.6038
87.352
88.0917
88.8225
89.5446
90.2578
90.9621
91.6573
92.3434
93.0203
93.6881
94.3465
94.9955
95.6351
96.2652
96.8858
97.4967
98.0979
98.6894
99.2711
99.8429
100.405
100.957
101.499
102.03
102.552
103.063
103.564
104.055
104.536
105.006
105.465
105.915
106.353
106.781
107.199
107.605
108.001
108.386
108.761
109.124
109.477
109.819
110.15
110.469
110.778
111.076
111.363
111.638
111.903
112.156
112.398
112.629
112.849
113.057
113.254
113.44
113.614
113.778
113.929
114.07
114.199
114.316
114.422
114.517
114.6
114.672
114.733
114.782
114.819
114.845
114.859
114.862
114.854
114.834
114.803
114.76
114.705
114.639
114.562
114.473
114.373
114.261
114.138
114.003
113.857
113.7
113.531
113.351
113.159
112.956
112.742
112.517
112.28
112.032
111.773
111.502
111.221
110.928
110.624
110.309
109.983
109.646
109.298
108.939
108.569
108.188
107.796
107.394
106.981
106.556
106.122
105.676
105.22
104.754
104.277
103.789
103.291
102.783
102.264
101.735
101.196
100.646
100.087
99.5173
98.9377
98.3481
97.7487
97.1394
96.5204
95.8916
95.2532
94.6052
93.9477
93.2807
92.6043
91.9186
91.2237
90.5195
89.8062
89.0839
88.3526
87.6124
86.8633
86.1055
85.339
84.5639
83.7802
82.9881
82.1876
81.3789
80.5619
79.7367
78.9035
78.0624
77.2133
76.3564
75.4918
74.6196
73.7398
72.8526
71.958
71.0561
70.147
69.2308
68.3076
67.3775
66.4405
65.4968
64.5465
63.5896
62.6262
61.6565
60.6806
59.6984
58.7102
57.7161
56.716
55.7102
54.6987
53.6816
52.6591
51.6312
50.5981
49.5597
48.5163
47.468
46.4148
45.3569
44.2943
43.2272
42.1556
41.0798
39.9997
38.9155
37.8273
36.7352
35.6393
34.5398
33.4367
32.3301
31.2202
30.1071
28.9908
27.8716
26.7494
25.6244
24.4968
23.3666
22.234
21.099
19.9618
18.8225
17.6812
16.538
15.393
14.2464
13.0983
11.9487
10.7978
9.64573
8.49257
7.33845
6.18347
5.02777
3.87144
2.71461
1.55739
0.399907
-0.757736
-1.91542
-3.07303
-4.23044
-5.38755
-6.54424
-7.70038
-8.85588
-10.0106
-11.1644
-12.3173
-13.469
-14.6195
-15.7686
-16.9163
-18.0624
-19.2068
-20.3494
-21.4901
-22.6287
-23.7652
-24.8995
-26.0313
-27.1607
-28.2875
-29.4115
-30.5328
-31.651
-32.7663
-33.8783
-34.9871
-36.0925
-37.1944
-38.2927
-39.3873
-40.478
-41.5648
-42.6476
-43.7262
-44.8005
-45.8705
-46.9359
-47.9968
-49.053
-50.1044
-51.1509
-52.1924
-53.2288
-54.2599
-55.2858
-56.3062
-57.321
-58.3303
-59.3338
-60.3315
-61.3232
-62.3089
-63.2885
-64.2618
-65.2289
-66.1895
-67.1435
-68.091
-69.0317
-69.9656
-70.8927
-71.8127
-72.7256
-73.6314
-74.5299
-75.421
-76.3047
-77.1808
-78.0493
-78.9101
-79.763
-80.6081
-81.4452
-82.2743
-83.0952
-83.9078
-84.7122
-85.5082
-86.2957
-87.0746
-87.8449
-88.6066
-89.3594
-90.1034
-90.8384
-91.5644
-92.2814
-92.9891
-93.6877
-94.3769
-95.0568
-95.7273
-96.3882
-97.0396
-97.6813
-98.3133
-98.9356
-99.548
-100.151
-100.743
-101.326
-101.898
-102.461
-103.013
-103.555
-104.086
-104.608
-105.118
-105.619
-106.109
-106.588
-107.057
-107.515
-107.962
-108.399
-108.824
-109.239
-109.644
-110.037
-110.419
-110.79
-111.15
-111.499
-111.837
-112.164
-112.48
-112.784
-113.077
-113.359
-113.63
-113.889
-114.137
-114.373
-114.598
-114.812
-115.014
-115.205
-115.384
-115.552
-115.708
-115.852
-115.985
-116.107
-116.216
-116.315
-116.401
-116.476
-116.54
-116.591
-116.631
-116.66
-116.676
-116.681
-116.675
-116.656
-116.626
-116.585
-116.531
-116.466
-116.39
-116.301
-116.202
-116.09
-115.967
-115.832
-115.686
-115.528
-115.358
-115.177
-114.985
-114.78
-114.565
-114.338
-114.099
-113.849
-113.588
-113.315
-113.031
-112.735
-112.429
-112.111
-111.781
-111.441
-111.089
-110.726
-110.352
-109.967
-109.571
-109.164
-108.746
-108.317
-107.878
-107.427
-106.966
-106.493
-106.011
-105.517
-105.013
-104.498
-103.973
-103.438
-102.892
-102.335
-101.769
-101.192
-100.605
-100.008
-99.4003
-98.7831
-98.1559
-97.5189
-96.872
-96.2154
-95.5491
-94.8732
-94.1877
-93.4928
-92.7884
-92.0747
-91.3517
-90.6194
-89.8781
-89.1277
-88.3683
-87.6
-86.8228
-86.0369
-85.2423
-84.4391
-83.6274
-82.8073
-81.9787
-81.1419
-80.2969
-79.4438
-78.5827
-77.7136
-76.8366
-75.9519
-75.0595
-74.1595
-73.252
-72.3371
-71.4148
-70.4854
-69.5487
-68.6051
-67.6544
-66.697
-65.7327
-64.7618
-63.7843
-62.8003
-61.81
-60.8133
-59.8105
-58.8016
-57.7868
-56.766
-55.7395
-54.7073
-53.6695
-52.6262
-51.5776
-50.5237
-49.4647
-48.4006
-47.3316
-46.2577
-45.1791
-44.0958
-43.0081
-41.9159
-40.8195
-39.7188
-38.6141
-37.5054
-36.3928
-35.2765
-34.1565
-33.033
-31.9061
-30.7759
-29.6425
-28.506
-27.3666
-26.2243
-25.0793
-23.9316
-22.7814
-21.6289
-20.4741
-19.3171
-18.158
-16.9971
-15.8343
-14.6698
-13.5037
-12.3362
-11.1673
-9.99717
-8.82593
-7.65369
-6.48057
-5.30668
-4.13215
-2.95708
-1.78161
-0.605831
0.570121
1.74613
2.92209
4.09787
5.27336
6.44844
7.62299
8.7969
9.97004
11.1423
12.3136
13.4837
14.6527
15.8202
16.9863
18.1509
19.3137
20.4747
21.6338
22.7908
23.9457
25.0983
26.2485
27.3962
28.5412
29.6835
30.823
31.9595
33.0929
34.2232
35.3501
36.4736
37.5935
38.7098
39.8224
40.9311
42.0357
43.1364
44.2327
45.3248
46.4125
47.4956
48.5741
49.6479
50.7167
51.7807
52.8395
53.8932
54.9415
55.9845
57.022
58.0539
59.0801
60.1005
61.115
62.1235
63.1259
64.122
65.1118
66.0953
67.0722
68.0425
69.0061
69.9629
70.9128
71.8557
72.7915
73.7201
74.6414
75.5554
76.4619
77.3609
78.2522
79.1357
80.0115
80.8793
81.7391
82.5909
83.4344
84.2698
85.0967
85.9153
86.7253
87.5267
88.3195
89.1035
89.8787
90.6449
91.4022
92.1504
92.8895
93.6194
94.3399
95.0511
95.7529
96.4452
97.1279
97.8009
98.4643
99.1178
99.7615
100.395
101.019
101.633
102.237
102.83
103.413
103.986
104.549
105.101
105.643
106.175
106.695
107.205
107.705
108.194
108.672
109.139
109.595
110.04
110.475
110.898
111.31
111.712
112.102
112.481
112.849
113.205
113.55
113.884
114.207
114.518
114.818
115.106
115.383
115.648
115.902
116.144
116.375
116.594
116.801
116.997
117.181
117.353
117.513
117.662
117.799
117.925
118.038
118.14
118.23
118.308
118.374
118.429
118.472
118.502
118.521
118.528
118.524
118.507
118.479
118.438
118.386
118.322
118.246
118.159
118.059
117.948
117.825
117.69
117.543
117.385
117.215
117.033
116.839
116.634
116.417
116.188
115.948
115.696
115.432
115.157
114.87
114.572
114.262
113.941
113.609
113.265
112.909
112.543
112.165
111.775
111.375
110.963
110.541
110.107
109.662
109.206
108.739
108.262
107.773
107.273
106.763
106.242
105.711
105.168
104.615
104.052
103.478
102.894
102.299
101.694
101.079
100.454
99.8187
99.1733
98.5179
97.8526
97.1774
96.4924
95.7977
95.0934
94.3795
93.6561
92.9232
92.181
91.4295
90.6688
89.8989
89.1199
88.332
87.5352
86.7295
85.9151
85.092
84.2603
83.4201
82.5714
81.7145
80.8492
79.9758
79.0943
78.2049
77.3075
76.4022
75.4893
74.5687
73.6406
72.705
71.762
70.8118
69.8544
68.8899
67.9185
66.9401
65.955
64.9631
63.9647
62.9597
61.9484
60.9308
59.907
58.877
57.8411
56.7993
55.7518
54.6985
53.6397
52.5754
51.5057
50.4308
49.3507
48.2656
47.1755
46.0807
44.9811
43.8769
42.7682
41.6551
40.5377
39.4162
38.2906
37.1611
36.0277
34.8906
33.7499
32.6058
31.4582
30.3074
29.1535
27.9965
26.8366
25.6739
24.5086
23.3406
22.1702
20.9975
19.8225
18.6455
17.4665
16.2856
15.1029
13.9187
12.7329
11.5457
10.3573
9.16768
7.97705
6.7855
5.59315
4.40013
3.20654
2.01252
0.818171
-0.376376
-1.57101
-2.7656
-3.96003
-5.15419
-6.34795
-7.5412
-8.73381
-9.92567
-11.1166
-12.3066
-13.4955
-14.6832
-15.8695
-17.0543
-18.2375
-19.4191
-20.5988
-21.7766
-22.9523
-24.1258
-25.2971
-26.4659
-27.6322
-28.7958
-29.9567
-31.1147
-32.2697
-33.4217
-34.5703
-35.7157
-36.8575
-37.9958
-39.1305
-40.2613
-41.3882
-42.5111
-43.6298
-44.7443
-45.8544
-46.9601
-48.0611
-49.1575
-50.2491
-51.3357
-52.4173
-53.4938
-54.5651
-55.631
-56.6914
-57.7463
-58.7955
-59.8389
-60.8765
-61.9081
-62.9336
-63.9529
-64.9659
-65.9725
-66.9726
-67.9661
-68.9529
-69.9329
-70.906
-71.8722
-72.8312
-73.7831
-74.7276
-75.6648
-76.5945
-77.5167
-78.4312
-79.3379
-80.2368
-81.1278
-82.0107
-82.8855
-83.7522
-84.6105
-85.4605
-86.302
-87.1349
-87.9592
-88.7748
-89.5817
-90.3796
-91.1686
-91.9485
-92.7193
-93.481
-94.2333
-94.9763
-95.7099
-96.434
-97.1485
-97.8534
-98.5486
-99.2339
-99.9094
-100.575
-101.231
-101.876
-102.512
-103.137
-103.752
-104.357
-104.951
-105.535
-106.108
-106.671
-107.223
-107.765
-108.295
-108.815
-109.325
-109.823
-110.31
-110.787
-111.252
-111.706
-112.15
-112.582
-113.002
-113.412
-113.81
-114.197
-114.573
-114.937
-115.289
-115.63
-115.96
-116.278
-116.585
-116.879
-117.163
-117.434
-117.694
-117.942
-118.178
-118.402
-118.615
-118.816
-119.005
-119.182
-119.347
-119.5
-119.642
-119.771
-119.888
-119.994
-120.087
-120.169
-120.238
-120.295
-120.341
-120.374
-120.395
-120.405
-120.402
-120.387
-120.36
-120.321
-120.27
-120.207
-120.132
-120.045
-119.946
-119.835
-119.712
-119.577
-119.43
-119.271
-119.101
-118.918
-118.723
-118.516
-118.298
-118.068
-117.825
-117.572
-117.306
-117.028
-116.739
-116.438
-116.125
-115.801
-115.465
-115.118
-114.759
-114.388
-114.006
-113.613
-113.208
-112.792
-112.364
-111.926
-111.476
-111.014
-110.542
-110.059
-109.564
-109.059
-108.542
-108.015
-107.477
-106.927
-106.368
-105.797
-105.216
-104.624
-104.022
-103.41
-102.786
-102.153
-101.509
-100.855
-100.191
-99.5172
-98.833
-98.1389
-97.4349
-96.721
-95.9975
-95.2642
-94.5214
-93.769
-93.0072
-92.236
-91.4555
-90.6658
-89.867
-89.059
-88.2421
-87.4163
-86.5817
-85.7383
-84.8862
-84.0256
-83.1565
-82.279
-81.3932
-80.4991
-79.5969
-78.6867
-77.7685
-76.8424
-75.9085
-74.967
-74.0179
-73.0613
-72.0972
-71.1259
-70.1474
-69.1617
-68.1691
-67.1695
-66.1631
-65.15
-64.1302
-63.104
-62.0713
-61.0324
-59.9872
-58.9359
-57.8786
-56.8155
-55.7465
-54.6718
-53.5916
-52.5059
-51.4149
-50.3186
-49.2172
-48.1107
-46.9993
-45.8831
-44.7622
-43.6367
-42.5068
-41.3724
-40.2339
-39.0911
-37.9444
-36.7938
-35.6393
-34.4812
-33.3195
-32.1544
-30.9859
-29.8142
-28.6394
-27.4617
-26.2811
-25.0977
-23.9117
-22.7232
-21.5323
-20.3391
-19.1438
-17.9464
-16.7471
-15.5461
-14.3433
-13.139
-11.9333
-10.7263
-9.51802
-8.3087
-7.09844
-5.88734
-4.67554
-3.46314
-2.25028
-1.03708
0.176357
1.38989
2.60341
3.81679
5.02991
6.24265
7.45488
8.6665
9.87736
11.0874
12.2964
13.5043
14.7109
15.9163
17.1201
18.3224
19.5229
20.7216
21.9184
23.1131
24.3056
25.4958
26.6835
27.8687
29.0513
30.231
31.4079
32.5817
33.7524
34.9198
36.0839
37.2444
38.4014
39.5546
40.704
41.8494
42.9908
44.1279
45.2608
46.3893
47.5132
48.6325
49.7471
50.8567
51.9614
53.0611
54.1555
55.2446
56.3283
57.4065
58.479
59.5458
60.6068
61.6618
62.7108
63.7535
64.79
65.8202
66.8438
67.8609
68.8713
69.8749
70.8716
71.8613
72.8439
73.8194
74.7876
75.7483
76.7017
77.6474
78.5854
79.5157
80.4382
81.3527
82.2591
83.1574
84.0475
84.9293
85.8026
86.6675
87.5238
88.3714
89.2103
90.0403
90.8614
91.6735
92.4765
93.2704
94.055
94.8303
95.5961
96.3525
97.0994
97.8366
98.564
99.2817
99.9896
100.688
101.375
102.053
102.721
103.378
104.026
104.663
105.289
105.905
106.511
107.106
107.69
108.263
108.826
109.378
109.919
110.449
110.968
111.477
111.973
112.459
112.934
113.397
113.85
114.29
114.72
115.138
115.544
115.939
116.323
116.694
117.055
117.403
117.74
118.065
118.378
118.68
118.969
119.247
119.513
119.767
120.009
120.239
120.457
120.663
120.857
121.039
121.209
121.367
121.512
121.646
121.767
121.876
121.973
122.058
122.13
122.191
122.239
122.275
122.299
122.31
122.309
122.296
122.271
122.234
122.184
122.122
122.048
121.962
121.863
121.753
121.63
121.495
121.347
121.188
121.016
120.833
120.637
120.429
120.209
119.977
119.733
119.478
119.21
118.93
118.638
118.334
118.019
117.691
117.352
117.001
116.638
116.264
115.878
115.48
115.071
114.65
114.218
113.774
113.319
112.852
112.374
111.885
111.385
110.873
110.35
109.817
109.272
108.716
108.149
107.571
106.983
106.384
105.774
105.153
104.522
103.88
103.228
102.566
101.893
101.21
100.516
99.813
99.0995
98.3761
97.6427
96.8996
96.1466
95.384
94.6117
93.8299
93.0387
92.238
91.4281
90.6089
89.7806
88.9433
88.0969
87.2417
86.3776
85.5049
84.6235
83.7335
82.8351
81.9283
81.0132
80.0899
79.1586
78.2192
77.2719
76.3168
75.3539
74.3834
73.4054
72.42
71.4272
70.4271
69.42
68.4057
67.3846
66.3566
65.3218
64.2804
63.2325
62.1782
61.1175
60.0507
58.9777
57.8987
56.8138
55.7231
54.6267
53.5248
52.4174
51.3046
50.1866
49.0635
47.9354
46.8023
45.6645
44.522
43.3749
42.2233
41.0675
39.9074
38.7431
37.5749
36.4029
35.227
34.0476
32.8646
31.6782
30.4885
29.2956
28.0997
26.9009
25.6993
24.4949
23.288
22.0787
20.867
19.6531
18.4371
17.2192
15.9994
14.7779
13.5548
12.3302
11.1043
9.87711
8.64883
7.41956
6.18943
4.95855
3.72706
2.49506
1.2627
0.030087
-1.20265
-2.4354
-3.66802
-4.9004
-6.13241
-7.36393
-8.59484
-9.82501
-11.0543
-12.2827
-13.5099
-14.7359
-15.9605
-17.1837
-18.4053
-19.6251
-20.8431
-22.0592
-23.2732
-24.4849
-25.6944
-26.9014
-28.1058
-29.3075
-30.5064
-31.7024
-32.8954
-34.0851
-35.2716
-36.4547
-37.6342
-38.8101
-39.9822
-41.1505
-42.3147
-43.4749
-44.6308
-45.7823
-46.9294
-48.072
-49.2098
-50.3428
-51.4709
-52.594
-53.7119
-54.8245
-55.9318
-57.0336
-58.1298
-59.2203
-60.305
-61.3838
-62.4565
-63.5231
-64.5835
-65.6375
-66.6851
-67.726
-68.7603
-69.7879
-70.8086
-71.8222
-72.8288
-73.8283
-74.8204
-75.8052
-76.7824
-77.7521
-78.7142
-79.6684
-80.6148
-81.5532
-82.4835
-83.4057
-84.3196
-85.2252
-86.1224
-87.011
-87.8911
-88.7624
-89.6249
-90.4786
-91.3233
-92.159
-92.9855
-93.8028
-94.6108
-95.4094
-96.1986
-96.9782
-97.7482
-98.5085
-99.2591
-99.9997
-100.73
-101.451
-102.162
-102.862
-103.553
-104.233
-104.903
-105.562
-106.211
-106.849
-107.476
-108.093
-108.699
-109.295
-109.879
-110.453
-111.015
-111.567
-112.107
-112.637
-113.155
-113.661
-114.157
-114.641
-115.114
-115.575
-116.025
-116.463
-116.889
-117.304
-117.707
-118.099
-118.479
-118.846
-119.202
-119.547
-119.879
-120.199
-120.508
-120.804
-121.088
-121.36
-121.62
-121.868
-122.104
-122.327
-122.539
-122.738
-122.925
-123.099
-123.262
-123.412
-123.549
-123.675
-123.788
-123.888
-123.976
-124.052
-124.116
-124.167
-124.205
-124.232
-124.245
-124.247
-124.236
-124.212
-124.176
-124.128
-124.067
-123.994
-123.908
-123.81
-123.7
-123.577
-123.442
-123.295
-123.135
-122.963
-122.778
-122.582
-122.373
-122.151
-121.918
-121.672
-121.414
-121.144
-120.862
-120.567
-120.261
-119.942
-119.612
-119.269
-118.915
-118.548
-118.17
-117.78
-117.378
-116.964
-116.539
-116.102
-115.653
-115.192
-114.72
-114.237
-113.742
-113.235
-112.717
-112.188
-111.648
-111.096
-110.534
-109.96
-109.375
-108.779
-108.172
-107.554
-106.926
-106.286
-105.636
-104.976
-104.304
-103.623
-102.93
-102.228
-101.515
-100.792
-100.059
-99.3157
-98.5625
-97.7993
-97.0262
-96.2434
-95.4509
-94.6487
-93.837
-93.0159
-92.1853
-91.3455
-90.4964
-89.6382
-88.771
-87.8948
-87.0097
-86.1158
-85.2132
-84.302
-83.3823
-82.4542
-81.5177
-80.5729
-79.6201
-78.6591
-77.6902
-76.7135
-75.7289
-74.7367
-73.7369
-72.7297
-71.7151
-70.6932
-69.6641
-68.6279
-67.5848
-66.5349
-65.4781
-64.4148
-63.3448
-62.2685
-61.1858
-60.0968
-59.0018
-57.9007
-56.7938
-55.681
-54.5626
-53.4386
-52.3091
-51.1743
-50.0343
-48.8892
-47.739
-46.584
-45.4242
-44.2597
-43.0907
-41.9172
-40.7395
-39.5575
-38.3715
-37.1816
-35.9878
-34.7902
-33.5891
-32.3845
-31.1765
-29.9653
-28.751
-27.5337
-26.3135
-25.0906
-23.865
-22.6369
-21.4064
-20.1737
-18.9388
-17.7019
-16.4632
-15.2226
-13.9804
-12.7367
-11.4916
-10.2452
-8.99762
-7.74905
-6.49958
-5.24933
-3.99844
-2.74702
-1.4952
-0.243108
1.00913
2.2614
3.51357
4.76551
6.0171
7.26821
8.51872
9.76851
11.0174
12.2654
13.5122
14.7579
16.0021
17.2449
18.4861
19.7256
20.9632
22.1989
23.4325
24.6638
25.8928
27.1193
28.3433
29.5645
30.7829
31.9983
33.2107
34.4198
35.6257
36.8281
38.0269
39.222
40.4134
41.6008
42.7842
43.9634
45.1384
46.3089
47.475
48.6364
49.793
50.9448
52.0916
53.2333
54.3698
55.501
56.6268
57.747
58.8615
59.9703
61.0732
62.17
63.2608
64.3454
65.4236
66.4954
67.5606
68.6192
69.6711
70.7161
71.7541
72.785
73.8088
74.8253
75.8344
76.836
77.8301
78.8164
79.795
80.7657
81.7284
82.6831
83.6295
84.5677
85.4976
86.4189
87.3318
88.236
89.1314
90.0181
90.8958
91.7645
92.6241
93.4746
94.3157
95.1476
95.97
96.7829
97.5862
98.3798
99.1637
99.9377
100.702
101.456
102.2
102.934
103.658
104.371
105.074
105.766
106.449
107.12
107.781
108.431
109.07
109.699
110.317
110.923
111.519
112.103
112.677
113.239
113.79
114.329
114.857
115.374
115.879
116.373
116.855
117.326
117.785
118.232
118.667
119.091
119.502
119.902
120.29
120.665
121.029
121.381
121.72
122.048
122.363
122.666
122.957
123.235
123.502
123.756
123.997
124.226
124.443
124.648
124.84
125.019
125.186
125.341
125.482
125.612
125.729
125.833
125.925
126.004
126.071
126.125
126.166
126.195
126.211
126.214
126.205
126.184
126.149
126.102
126.043
125.971
125.886
125.788
125.678
125.556
125.421
125.273
125.113
124.94
124.755
124.557
124.347
124.124
123.889
123.641
123.382
123.109
122.825
122.528
122.219
121.897
121.563
121.217
120.859
120.489
120.107
119.713
119.306
118.888
118.458
118.016
117.562
117.096
116.619
116.129
115.629
115.116
114.592
114.057
113.51
112.951
112.381
111.8
111.208
110.604
109.99
109.364
108.728
108.08
107.421
106.752
106.072
105.381
104.68
103.968
103.246
102.513
101.77
101.017
100.253
99.4799
98.6963
97.9028
97.0994
96.2862
95.4633
94.6307
93.7887
92.9371
92.0762
91.206
90.3265
89.438
88.5404
87.6339
86.7185
85.7944
84.8616
83.9202
82.9703
82.012
81.0455
80.0707
79.0878
78.0969
77.0981
76.0916
75.0772
74.0553
73.0259
71.9891
70.9449
69.8936
68.8352
67.7698
66.6975
65.6184
64.5326
63.4403
62.3416
61.2365
60.1251
59.0077
57.8842
56.7548
55.6196
54.4788
53.3324
52.1805
51.0234
49.861
48.6935
47.521
46.3436
45.1615
43.9748
42.7835
41.5878
40.3879
39.1838
37.9757
36.7636
35.5478
34.3282
33.1051
31.8786
30.6488
29.4158
28.1797
26.9407
25.6989
24.4543
23.2072
21.9577
20.7058
19.4517
18.1956
16.9375
15.6776
14.416
13.1529
11.8883
10.6224
9.35525
8.08708
6.81798
5.54806
4.27747
3.00632
1.73474
0.462863
-0.809189
-2.08129
-3.3533
-4.62511
-5.89659
-7.1676
-8.43802
-9.70772
-10.9766
-12.2445
-13.5113
-14.7768
-16.041
-17.3038
-18.5649
-19.8243
-21.0819
-22.3374
-23.5909
-24.8421
-26.091
-27.3374
-28.5811
-29.8222
-31.0604
-32.2956
-33.5276
-34.7565
-35.982
-37.204
-38.4225
-39.6372
-40.8481
-42.055
-43.2578
-44.4564
-45.6507
-46.8406
-48.0258
-49.2064
-50.3822
-51.5531
-52.7189
-53.8796
-55.035
-56.1851
-57.3296
-58.4685
-59.6016
-60.729
-61.8503
-62.9656
-64.0747
-65.1775
-66.2739
-67.3638
-68.447
-69.5236
-70.5932
-71.6559
-72.7116
-73.7601
-74.8013
-75.8352
-76.8615
-77.8803
-78.8914
-79.8947
-80.8901
-81.8776
-82.8569
-83.8281
-84.7909
-85.7454
-86.6914
-87.6288
-88.5576
-89.4776
-90.3888
-91.2909
-92.1841
-93.0681
-93.9429
-94.8084
-95.6646
-96.5112
-97.3482
-98.1757
-98.9933
-99.8012
-100.599
-101.387
-102.165
-102.933
-103.69
-104.438
-105.175
-105.901
-106.617
-107.322
-108.017
-108.701
-109.374
-110.036
-110.688
-111.328
-111.957
-112.575
-113.182
-113.778
-114.362
-114.935
-115.497
-116.047
-116.586
-117.113
-117.628
-118.131
-118.623
-119.103
-119.571
-120.027
-120.472
-120.904
-121.324
-121.732
-122.128
-122.512
-122.883
-123.243
-123.59
-123.924
-124.247
-124.557
-124.854
-125.139
-125.412
-125.672
-125.92
-126.155
-126.377
-126.587
-126.784
-126.968
-127.14
-127.299
-127.446
-127.579
-127.7
-127.808
-127.904
-127.986
-128.056
-128.113
-128.157
-128.189
-128.207
-128.213
-128.206
-128.186
-128.153
-128.108
-128.049
-127.978
-127.894
-127.797
-127.688
-127.566
-127.431
-127.283
-127.122
-126.949
-126.763
-126.564
-126.353
-126.129
-125.892
-125.643
-125.381
-125.106
-124.819
-124.52
-124.208
-123.883
-123.546
-123.197
-122.835
-122.462
-122.075
-121.677
-121.266
-120.843
-120.408
-119.961
-119.502
-119.031
-118.548
-118.053
-117.546
-117.028
-116.497
-115.955
-115.402
-114.836
-114.26
-113.671
-113.072
-112.46
-111.838
-111.204
-110.559
-109.903
-109.236
-108.558
-107.869
-107.17
-106.459
-105.738
-105.006
-104.263
-103.51
-102.747
-101.973
-101.189
-100.395
-99.5903
-98.7759
-97.9515
-97.1172
-96.2731
-95.4194
-94.556
-93.683
-92.8006
-91.9089
-91.0078
-90.0976
-89.1782
-88.2499
-87.3126
-86.3665
-85.4117
-84.4482
-83.4762
-82.4958
-81.507
-80.51
-79.5048
-78.4915
-77.4703
-76.4413
-75.4045
-74.3601
-73.3081
-72.2487
-71.1819
-70.108
-69.0269
-67.9388
-66.8438
-65.742
-64.6335
-63.5185
-62.3969
-61.2691
-60.135
-58.9947
-57.8485
-56.6963
-55.5384
-54.3748
-53.2056
-52.0311
-50.8511
-49.666
-48.4758
-47.2807
-46.0806
-44.8759
-43.6665
-42.4527
-41.2345
-40.0121
-38.7855
-37.5549
-36.3204
-35.0822
-33.8404
-32.595
-31.3463
-30.0943
-28.8392
-27.5811
-26.32
-25.0563
-23.7898
-22.5209
-21.2496
-19.9761
-18.7004
-17.4227
-16.1432
-14.8619
-13.579
-12.2946
-11.0089
-9.72192
-8.43385
-7.1448
-5.85491
-4.56431
-3.27312
-1.98148
-0.689509
0.60266
1.8949
3.18708
4.47907
5.77074
7.06196
8.3526
9.64254
10.9316
12.2198
13.5068
14.7927
16.0771
17.3601
18.6415
19.9212
21.1989
22.4747
23.7484
25.0198
26.2889
27.5554
28.8194
30.0805
31.3388
32.5941
33.8462
35.0951
36.3406
37.5826
38.8209
40.0555
41.2863
42.513
43.7355
44.9539
46.1678
47.3773
48.5821
49.7822
50.9775
52.1678
53.3529
54.5329
55.7075
56.8767
58.0403
59.1982
60.3503
61.4964
62.6366
63.7706
64.8983
66.0197
67.1346
68.2428
69.3444
70.4391
71.5269
72.6076
73.6812
74.7476
75.8065
76.858
77.9019
78.9382
79.9666
80.9872
81.9997
83.0041
84.0004
84.9883
85.9679
86.9389
87.9014
88.8551
89.8001
90.7362
91.6633
92.5813
93.4902
94.3898
95.28
96.1609
97.0322
97.8938
98.7458
99.588
100.42
101.243
102.055
102.857
103.649
104.431
105.202
105.963
106.713
107.453
108.182
108.901
109.608
110.305
110.99
111.665
112.329
112.981
113.622
114.252
114.87
115.478
116.073
116.657
117.23
117.79
118.339
118.877
119.402
119.916
120.417
120.907
121.384
121.85
122.303
122.744
123.173
123.59
123.994
124.386
124.766
125.133
125.487
125.83
126.159
126.476
126.781
127.072
127.351
127.618
127.871
128.112
128.34
128.555
128.758
128.947
129.124
129.288
129.439
129.577
129.702
129.814
129.913
129.999
130.072
130.132
130.179
130.214
130.235
130.243
130.238
130.22
130.189
130.145
130.088
130.018
129.934
129.838
129.729
129.607
129.472
129.324
129.163
128.989
128.803
128.603
128.39
128.165
127.927
127.676
127.412
127.135
126.846
126.544
126.229
125.901
125.561
125.209
124.843
124.466
124.075
123.673
123.258
122.83
122.391
121.938
121.474
120.998
120.509
120.008
119.496
118.971
118.434
117.885
117.325
116.753
116.169
115.573
114.966
114.347
113.717
113.075
112.422
111.757
111.082
110.395
109.697
108.988
108.268
107.537
106.795
106.043
105.28
104.506
103.722
102.927
102.122
101.306
100.481
99.6451
98.7993
97.9436
97.0779
96.2025
95.3174
94.4226
93.5184
92.6046
91.6816
90.7492
89.8077
88.8572
87.8976
86.9292
85.9519
84.966
83.9715
82.9685
81.9571
80.9374
79.9095
78.8735
77.8295
76.7776
75.7179
74.6506
73.5757
72.4933
71.4036
70.3066
69.2025
68.0913
66.9732
65.8484
64.7168
63.5786
62.434
61.283
60.1258
58.9624
57.793
56.6177
55.4367
54.25
53.0577
51.86
50.657
49.4489
48.2356
47.0174
45.7944
44.5667
43.3344
42.0977
40.8566
39.6113
38.3619
37.1086
35.8514
34.5905
33.3261
32.0581
30.7869
29.5124
28.2349
26.9544
25.671
24.385
23.0964
21.8054
20.5121
19.2166
17.919
16.6195
15.3182
14.0153
12.7108
11.405
10.0978
8.78954
7.48024
6.17007
4.85915
3.54761
2.23559
0.92321
-0.389391
-1.70209
-3.01474
-4.32723
-5.63941
-6.95116
-8.26235
-9.57284
-10.8825
-12.1912
-13.4988
-14.8052
-16.1103
-17.4139
-18.7158
-20.016
-21.3144
-22.6107
-23.9049
-25.1969
-26.4864
-27.7735
-29.0579
-30.3395
-31.6182
-32.8939
-34.1664
-35.4356
-36.7014
-37.9637
-39.2223
-40.4771
-41.728
-42.9748
-44.2175
-45.4558
-46.6897
-47.9191
-49.1439
-50.3638
-51.5788
-52.7888
-53.9936
-55.1931
-56.3873
-57.5759
-58.7589
-59.9361
-61.1075
-62.2728
-63.4321
-64.5851
-65.7318
-66.872
-68.0056
-69.1326
-70.2528
-71.366
-72.4722
-73.5713
-74.6631
-75.7476
-76.8246
-77.8941
-78.9558
-80.0098
-81.0559
-82.0939
-83.1239
-84.1456
-85.1591
-86.1641
-87.1606
-88.1485
-89.1277
-90.0981
-91.0595
-92.0119
-92.9553
-93.8894
-94.8142
-95.7297
-96.6357
-97.5321
-98.4188
-99.2958
-100.163
-101.02
-101.867
-102.704
-103.531
-104.348
-105.154
-105.95
-106.735
-107.51
-108.274
-109.027
-109.77
-110.502
-111.222
-111.932
-112.63
-113.317
-113.993
-114.658
-115.311
-115.953
-116.583
-117.202
-117.809
-118.404
-118.988
-119.559
-120.119
-120.667
-121.203
-121.726
-122.238
-122.737
-123.225
-123.699
-124.162
-124.612
-125.05
-125.475
-125.888
-126.289
-126.676
-127.051
-127.414
-127.764
-128.101
-128.425
-128.736
-129.035
-129.32
-129.593
-129.853
-130.1
-130.334
-130.555
-130.762
-130.957
-131.139
-131.308
-131.463
-131.605
-131.735
-131.851
-131.954
-132.043
-132.12
-132.183
-132.233
-132.27
-132.294
-132.304
-132.301
-132.285
-132.256
-132.214
-132.158
-132.089
-132.007
-131.911
-131.803
-131.681
-131.546
-131.398
-131.237
-131.062
-130.875
-130.674
-130.461
-130.234
-129.994
-129.741
-129.475
-129.196
-128.905
-128.6
-128.282
-127.952
-127.609
-127.253
-126.884
-126.502
-126.108
-125.701
-125.282
-124.849
-124.405
-123.948
-123.478
-122.996
-122.502
-121.996
-121.477
-120.946
-120.403
-119.847
-119.28
-118.701
-118.109
-117.506
-116.891
-116.265
-115.627
-114.977
-114.315
-113.642
-112.958
-112.262
-111.555
-110.836
-110.107
-109.366
-108.615
-107.852
-107.079
-106.295
-105.5
-104.694
-103.878
-103.052
-102.215
-101.367
-100.51
-99.6424
-98.7648
-97.8772
-96.9797
-96.0725
-95.1555
-94.229
-93.2929
-92.3474
-91.3925
-90.4285
-89.4553
-88.473
-87.4818
-86.4818
-85.473
-84.4556
-83.4296
-82.3952
-81.3524
-80.3014
-79.2422
-78.175
-77.0999
-76.017
-74.9264
-73.8282
-72.7224
-71.6093
-70.489
-69.3614
-68.2268
-67.0853
-65.937
-64.7819
-63.6202
-62.4521
-61.2776
-60.0969
-58.91
-57.7172
-56.5184
-55.3139
-54.1037
-52.888
-51.6668
-50.4404
-49.2088
-47.9722
-46.7306
-45.4843
-44.2333
-42.9777
-41.7177
-40.4534
-39.185
-37.9125
-36.636
-35.3558
-34.0719
-32.7845
-31.4937
-30.1996
-28.9024
-27.6021
-26.2989
-24.993
-23.6845
-22.3734
-21.06
-19.7443
-18.4266
-17.1068
-15.7853
-14.462
-13.1371
-11.8108
-10.4832
-9.15435
-7.82449
-6.49372
-5.16216
-3.82996
-2.49724
-1.16413
0.169221
1.50269
2.83614
4.16945
5.50247
6.83507
8.16712
9.49849
10.829
12.1586
13.4872
14.8145
16.1404
17.4649
18.7877
20.1089
21.4281
22.7453
24.0604
25.3732
26.6836
27.9915
29.2967
30.599
31.8985
33.1949
34.4881
35.778
37.0645
38.3473
39.6265
40.9018
42.1732
43.4405
44.7035
45.9622
47.2165
48.4661
49.7111
50.9511
52.1862
53.4163
54.6411
55.8605
57.0745
58.2829
59.4856
60.6825
61.8734
63.0582
64.2369
65.4092
66.5752
67.7346
68.8873
70.0333
71.1723
72.3044
73.4294
74.5471
75.6575
76.7604
77.8557
78.9434
80.0233
81.0953
82.1593
83.2152
84.2629
85.3022
86.3332
87.3555
88.3693
89.3743
90.3705
91.3578
92.336
93.3051
94.2649
95.2154
96.1565
97.0881
98.01
98.9223
99.8247
100.717
101.6
102.472
103.335
104.187
105.029
105.86
106.681
107.491
108.291
109.079
109.857
110.624
111.381
112.126
112.86
113.582
114.294
114.994
115.682
116.359
117.025
117.679
118.321
118.952
119.57
120.177
120.772
121.354
121.925
122.484
123.03
123.564
124.086
124.595
125.092
125.577
126.049
126.508
126.955
127.39
127.811
128.22
128.616
128.999
129.369
129.727
130.071
130.403
130.721
131.027
131.319
131.599
131.865
132.118
132.358
132.584
132.798
132.998
133.185
133.358
133.518
133.665
133.799
133.919
134.026
134.119
134.199
134.266
134.319
134.359
134.385
134.398
134.397
134.383
134.356
134.315
134.261
134.193
134.112
134.017
133.909
133.788
133.653
133.505
133.343
133.168
132.98
132.779
132.564
132.336
132.094
131.84
131.572
131.291
130.997
130.689
130.369
130.035
129.689
129.33
128.957
128.572
128.173
127.762
127.338
126.901
126.452
125.99
125.515
125.028
124.528
124.015
123.49
122.953
122.403
121.841
121.267
120.681
120.082
119.472
118.849
118.214
117.568
116.91
116.24
115.558
114.865
114.16
113.443
112.716
111.977
111.226
110.465
109.692
108.908
108.113
107.308
106.491
105.664
104.826
103.978
103.119
102.25
101.37
100.48
99.5805
98.6705
97.7506
96.8208
95.8812
94.9319
93.9731
93.0047
92.027
91.04
90.0437
89.0384
88.024
87.0007
85.9687
84.9279
83.8786
82.8207
81.7545
80.68
79.5973
78.5065
77.4078
76.3012
75.1869
74.0649
72.9355
71.7986
70.6544
69.5031
68.3447
67.1793
66.0071
64.8282
63.6427
62.4507
61.2524
60.0478
58.837
57.6203
56.3977
55.1693
53.9353
52.6957
51.4508
50.2006
48.9453
47.6849
46.4196
45.1496
43.8749
42.5957
41.3122
40.0243
38.7324
37.4364
36.1366
34.833
33.5258
32.2151
30.9011
29.5838
28.2635
26.9402
25.614
24.2852
22.9538
21.62
20.2839
18.9457
17.6054
16.2632
14.9192
13.5736
12.2266
10.8781
9.52847
8.17773
6.82604
5.47353
4.12034
2.7666
1.41244
0.058014
-1.29656
-2.65113
-4.00558
-5.35976
-6.71354
-8.06679
-9.41936
-10.7711
-12.122
-13.4717
-14.8202
-16.1674
-17.5131
-18.8572
-20.1996
-21.54
-22.8784
-24.2147
-25.5487
-26.8803
-28.2093
-29.5356
-30.8591
-32.1797
-33.4971
-34.8114
-36.1223
-37.4297
-38.7335
-40.0336
-41.3298
-42.6219
-43.91
-45.1938
-46.4732
-47.7481
-49.0183
-50.2838
-51.5443
-52.7998
-54.0502
-55.2953
-56.535
-57.7692
-58.9977
-60.2204
-61.4372
-62.648
-63.8527
-65.0511
-66.2431
-67.4286
-68.6075
-69.7796
-70.9449
-72.1032
-73.2544
-74.3984
-75.5351
-76.6643
-77.786
-78.9
-80.0062
-81.1046
-82.1949
-83.2772
-84.3512
-85.4168
-86.4741
-87.5228
-88.5629
-89.5942
-90.6166
-91.6301
-92.6345
-93.6298
-94.6158
-95.5925
-96.5596
-97.5173
-98.4652
-99.4034
-100.332
-101.25
-102.159
-103.057
-103.945
-104.823
-105.69
-106.547
-107.393
-108.229
-109.054
-109.868
-110.671
-111.463
-112.244
-113.014
-113.773
-114.521
-115.257
-115.981
-116.694
-117.396
-118.086
-118.764
-119.43
-120.084
-120.727
-121.357
-121.976
-122.582
-123.176
-123.758
-124.327
-124.884
-125.429
-125.961
-126.481
-126.988
-127.482
-127.964
-128.433
-128.889
-129.332
-129.763
-130.18
-130.585
-130.976
-131.355
-131.72
-132.072
-132.411
-132.737
-133.05
-133.349
-133.635
-133.908
-134.167
-134.413
-134.645
-134.864
-135.07
-135.262
-135.441
-135.606
-135.757
-135.895
-136.019
-136.13
-136.227
-136.311
-136.381
-136.437
-136.48
-136.509
-136.524
-136.526
-136.514
-136.489
-136.449
-136.397
-136.33
-136.25
-136.156
-136.049
-135.928
-135.793
-135.645
-135.483
-135.308
-135.119
-134.916
-134.7
-134.471
-134.228
-133.972
-133.702
-133.419
-133.122
-132.812
-132.489
-132.153
-131.803
-131.44
-131.064
-130.675
-130.272
-129.857
-129.428
-128.987
-128.532
-128.065
-127.585
-127.092
-126.586
-126.068
-125.537
-124.993
-124.437
-123.868
-123.287
-122.693
-122.087
-121.469
-120.839
-120.196
-119.542
-118.875
-118.196
-117.506
-116.804
-116.09
-115.364
-114.626
-113.878
-113.117
-112.346
-111.562
-110.768
-109.963
-109.146
-108.319
-107.48
-106.631
-105.771
-104.9
-104.019
-103.128
-102.225
-101.313
-100.39
-99.4575
-98.5147
-97.5619
-96.5992
-95.6269
-94.6448
-93.6532
-92.6521
-91.6417
-90.622
-89.5931
-88.5552
-87.5083
-86.4526
-85.3881
-84.3149
-83.2332
-82.1431
-81.0447
-79.938
-78.8233
-77.7005
-76.5699
-75.4315
-74.2855
-73.1319
-71.9708
-70.8025
-69.6269
-68.4443
-67.2547
-66.0583
-64.8552
-63.6454
-62.4292
-61.2066
-59.9777
-58.7427
-57.5018
-56.2549
-55.0023
-53.7441
-52.4804
-51.2113
-49.937
-48.6575
-47.373
-46.0837
-44.7897
-43.491
-42.1878
-40.8803
-39.5686
-38.2528
-36.9331
-35.6095
-34.2822
-32.9514
-31.6171
-30.2795
-28.9388
-27.5951
-26.2484
-24.899
-23.547
-22.1925
-20.8356
-19.4765
-18.1153
-16.7522
-15.3873
-14.0206
-12.6525
-11.2829
-9.91212
-8.54017
-7.16723
-5.79344
-4.41893
-3.04385
-1.66832
-0.292483
1.08352
2.45955
3.83547
5.21115
6.58644
7.96121
9.33532
10.7086
12.081
13.4523
14.8224
16.1912
17.5585
18.9241
20.288
21.65
23.01
24.3678
25.7233
27.0764
28.4269
29.7747
31.1197
32.4617
33.8005
35.1361
36.4684
37.7971
39.1222
40.4435
41.7609
43.0742
44.3834
45.6882
46.9887
48.2845
49.5757
50.862
52.1434
53.4196
54.6907
55.9564
57.2167
58.4713
59.7203
60.9634
62.2005
63.4315
64.6563
65.8748
67.0868
68.2922
69.4909
70.6827
71.8677
73.0455
74.2162
75.3795
76.5355
77.6839
78.8246
79.9576
81.0827
82.1998
83.3088
84.4096
85.502
86.586
87.6614
88.7282
89.7863
90.8354
91.8756
92.9067
93.9286
94.9412
95.9444
96.9381
97.9223
98.8967
99.8613
100.816
101.761
102.696
103.62
104.534
105.438
106.332
107.214
108.087
108.948
109.799
110.639
111.468
112.285
113.092
113.887
114.672
115.444
116.206
116.955
117.693
118.42
119.134
119.837
120.528
121.207
121.874
122.528
123.171
123.801
124.419
125.025
125.618
126.198
126.766
127.322
127.865
128.395
128.912
129.416
129.908
130.386
130.852
131.304
131.744
132.17
132.583
132.983
133.37
133.743
134.103
134.45
134.783
135.103
135.409
135.702
135.981
136.247
136.499
136.738
136.963
137.174
137.371
137.555
137.725
137.881
138.024
138.152
138.267
138.368
138.456
138.529
138.589
138.634
138.666
138.684
138.688
138.679
138.655
138.617
138.566
138.501
138.422
138.329
138.222
138.102
137.967
137.819
137.657
137.481
137.292
137.088
136.871
136.64
136.396
136.138
135.866
135.581
135.282
134.969
134.643
134.304
133.951
133.584
133.205
132.811
132.405
131.985
131.552
131.106
130.647
130.174
129.688
129.19
128.678
128.154
127.617
127.066
126.504
125.928
125.34
124.739
124.126
123.5
122.861
122.211
121.548
120.873
120.185
119.486
118.775
118.051
117.316
116.569
115.81
115.04
114.258
113.465
112.66
111.843
111.016
110.177
109.327
108.466
107.595
106.712
105.819
104.915
104
103.075
102.139
101.194
100.238
99.2714
98.2953
97.3092
96.3132
95.3076
94.2923
93.2674
92.2332
91.1896
90.1368
89.0749
88.0039
86.9241
85.8354
84.7381
83.6322
82.5178
81.395
80.264
79.1248
77.9777
76.8226
75.6597
74.4891
73.311
72.1254
70.9325
69.7323
68.5251
67.3109
66.0899
64.8621
63.6277
62.3868
61.1396
59.8861
58.6265
57.3609
56.0895
54.8123
53.5295
52.2413
50.9476
49.6488
48.3449
47.036
45.7222
44.4038
43.0808
41.7533
40.4215
39.0856
37.7456
36.4017
35.0541
33.7028
32.348
30.9898
29.6284
28.2638
26.8964
25.5261
24.1531
22.7775
21.3996
20.0193
18.637
17.2526
15.8663
14.4784
13.0888
11.6978
10.3055
8.91201
7.5175
6.12209
4.72594
3.32917
1.93193
0.534356
-0.86341
-2.26123
-3.65896
-5.05647
-6.45361
-7.85025
-9.24624
-10.6414
-12.0357
-13.4289
-14.821
-16.2116
-17.6008
-18.9884
-20.3742
-21.7581
-23.14
-24.5197
-25.897
-27.272
-28.6443
-30.0139
-31.3807
-32.7444
-34.105
-35.4624
-36.8163
-38.1667
-39.5134
-40.8562
-42.1952
-43.53
-44.8606
-46.1869
-47.5087
-48.8258
-50.1382
-51.4458
-52.7483
-54.0457
-55.3378
-56.6245
-57.9056
-59.1811
-60.4508
-61.7146
-62.9724
-64.2239
-65.4692
-66.7081
-67.9404
-69.166
-70.3848
-71.5968
-72.8016
-73.9994
-75.1898
-76.3729
-77.5484
-78.7163
-79.8764
-81.0287
-82.1729
-83.3091
-84.4371
-85.5567
-86.6679
-87.7705
-88.8645
-89.9496
-91.0259
-92.0932
-93.1514
-94.2004
-95.2401
-96.2703
-97.2911
-98.3022
-99.3035
-100.295
-101.277
-102.248
-103.21
-104.161
-105.102
-106.032
-106.952
-107.862
-108.76
-109.648
-110.525
-111.391
-112.246
-113.09
-113.923
-114.744
-115.554
-116.353
-117.14
-117.915
-118.678
-119.43
-120.17
-120.898
-121.614
-122.318
-123.009
-123.689
-124.356
-125.011
-125.653
-126.283
-126.9
-127.505
-128.097
-128.676
-129.243
-129.796
-130.337
-130.864
-131.379
-131.881
-132.369
-132.844
-133.306
-133.755
-134.19
-134.612
-135.021
-135.416
-135.797
-136.165
-136.52
-136.861
-137.188
-137.501
-137.801
-138.087
-138.359
-138.618
-138.862
-139.093
-139.31
-139.513
-139.702
-139.877
-140.038
-140.185
-140.318
-140.437
-140.543
-140.634
-140.71
-140.773
-140.822
-140.857
-140.878
-140.884
-140.877
-140.855
-140.819
-140.77
-140.706
-140.628
-140.536
-140.43
-140.31
-140.176
-140.027
-139.865
-139.689
-139.499
-139.295
-139.076
-138.844
-138.598
-138.339
-138.065
-137.777
-137.476
-137.161
-136.832
-136.49
-136.133
-135.763
-135.38
-134.983
-134.572
-134.148
-133.71
-133.259
-132.795
-132.317
-131.826
-131.322
-130.805
-130.274
-129.731
-129.174
-128.604
-128.022
-127.426
-126.818
-126.197
-125.564
-124.917
-124.259
-123.587
-122.904
-122.208
-121.499
-120.779
-120.046
-119.301
-118.544
-117.776
-116.995
-116.203
-115.399
-114.583
-113.756
-112.917
-112.067
-111.205
-110.333
-109.449
-108.554
-107.649
-106.732
-105.805
-104.867
-103.919
-102.96
-101.99
-101.01
-100.02
-99.0205
-98.0104
-96.9905
-95.9608
-94.9214
-93.8724
-92.8139
-91.746
-90.6688
-89.5825
-88.487
-87.3827
-86.2695
-85.1475
-84.0169
-82.8778
-81.7303
-80.5745
-79.4105
-78.2385
-77.0586
-75.8708
-74.6753
-73.4722
-72.2616
-71.0438
-69.8186
-68.5864
-67.3472
-66.1011
-64.8483
-63.5889
-62.323
-61.0508
-59.7723
-58.4877
-57.1971
-55.9007
-54.5986
-53.2908
-51.9777
-50.6591
-49.3354
-48.0067
-46.6729
-45.3344
-43.9912
-42.6435
-41.2914
-39.935
-38.5745
-37.21
-35.8417
-34.4696
-33.0939
-31.7148
-30.3324
-28.9468
-27.5582
-26.1667
-24.7724
-23.3755
-21.9761
-20.5744
-19.1705
-17.7646
-16.3567
-14.947
-13.5357
-12.1229
-10.7088
-9.29345
-7.87703
-6.45968
-5.04154
-3.62275
-2.20346
-0.783809
0.636063
2.05601
3.4759
4.89558
6.31492
7.73376
9.15197
10.5694
11.9859
13.4014
14.8157
16.2286
17.64
19.0499
20.4579
21.8641
23.2682
24.6701
26.0697
27.4668
28.8614
30.2531
31.642
33.0279
34.4106
35.79
37.1659
38.5383
39.907
41.2718
42.6326
43.9893
45.3417
46.6897
48.0332
49.3721
50.7061
52.0352
53.3592
54.678
55.9915
57.2995
58.6019
59.8985
61.1894
62.4742
63.7529
65.0253
66.2914
67.551
68.804
70.0502
71.2895
72.5218
73.747
74.9649
76.1755
77.3785
78.574
79.7617
80.9415
82.1134
83.2772
84.4327
85.58
86.7188
87.849
88.9706
90.0833
91.1872
92.2821
93.3678
94.4444
95.5116
96.5693
97.6175
98.656
99.6848
100.704
101.713
102.712
103.7
104.679
105.647
106.604
107.551
108.488
109.413
110.328
111.232
112.125
113.006
113.877
114.736
115.584
116.42
117.245
118.058
118.859
119.649
120.426
121.192
121.946
122.687
123.417
124.134
124.839
125.531
126.211
126.878
127.533
128.175
128.804
129.42
130.024
130.614
131.192
131.757
132.308
132.846
133.371
133.883
134.381
134.866
135.338
135.796
136.24
136.671
137.089
137.492
137.882
138.259
138.621
138.97
139.304
139.625
139.932
140.225
140.504
140.769
141.02
141.256
141.479
141.688
141.882
142.062
142.228
142.38
142.518
142.641
142.75
142.845
142.926
142.992
143.044
143.082
143.105
143.115
143.109
143.09
143.056
143.008
142.945
142.869
142.778
142.672
142.553
142.419
142.271
142.108
141.932
141.741
141.536
141.317
141.084
140.836
140.575
140.299
140.009
139.706
139.388
139.056
138.71
138.351
137.978
137.59
137.189
136.774
136.346
135.904
135.448
134.978
134.495
133.999
133.489
132.966
132.429
131.879
131.316
130.739
130.15
129.547
128.932
128.303
127.662
127.007
126.34
125.661
124.968
124.263
123.546
122.816
122.074
121.319
120.552
119.774
118.983
118.18
117.365
116.538
115.7
114.85
113.988
113.115
112.231
111.335
110.428
109.51
108.581
107.641
106.69
105.728
104.756
103.773
102.779
101.775
100.761
99.737
98.7026
97.6583
96.6041
95.5401
94.4665
93.3833
92.2906
91.1887
90.0775
88.9571
87.8278
86.6896
85.5426
84.3869
83.2227
82.05
80.869
79.6798
78.4825
77.2773
76.0642
74.8434
73.6149
72.379
71.1357
69.8852
68.6276
67.363
66.0915
64.8133
63.5284
62.2371
60.9395
59.6356
58.3256
57.0097
55.6879
54.3604
53.0274
51.6889
50.3451
48.9961
47.6422
46.2833
44.9196
43.5513
42.1786
40.8014
39.4201
38.0347
36.6453
35.2521
33.8553
32.4549
31.0512
29.6442
28.2341
26.8211
25.4052
23.9866
22.5655
21.142
19.7162
18.2884
16.8585
15.4268
13.9935
12.5586
11.1223
9.6847
8.24603
6.80639
5.36592
3.92478
2.4831
1.04102
-0.401303
-1.84373
-3.28612
-4.72832
-6.17019
-7.6116
-9.05238
-10.4924
-11.9315
-13.3696
-14.8065
-16.242
-17.6761
-19.1085
-20.5392
-21.9679
-23.3946
-24.8191
-26.2413
-27.661
-29.078
-30.4923
-31.9037
-33.312
-34.7172
-36.119
-37.5173
-38.9121
-40.3031
-41.6901
-43.0732
-44.4521
-45.8267
-47.1968
-48.5624
-49.9232
-51.2792
-52.6302
-53.976
-55.3166
-56.6518
-57.9815
-59.3055
-60.6237
-61.9359
-63.2422
-64.5422
-65.8359
-67.1231
-68.4037
-69.6777
-70.9448
-72.2049
-73.458
-74.7038
-75.9423
-77.1733
-78.3967
-79.6123
-80.8202
-82.0201
-83.2119
-84.3955
-85.5708
-86.7376
-87.8959
-89.0455
-90.1864
-91.3183
-92.4412
-93.5549
-94.6595
-95.7546
-96.8403
-97.9165
-98.9829
-100.04
-101.086
-102.123
-103.15
-104.166
-105.172
-106.168
-107.153
-108.128
-109.092
-110.045
-110.987
-111.918
-112.838
-113.747
-114.644
-115.53
-116.405
-117.268
-118.12
-118.96
-119.788
-120.604
-121.408
-122.2
-122.98
-123.747
-124.503
-125.246
-125.976
-126.694
-127.4
-128.093
-128.773
-129.44
-130.094
-130.735
-131.364
-131.979
-132.581
-133.17
-133.746
-134.308
-134.857
-135.393
-135.915
-136.424
-136.919
-137.4
-137.868
-138.322
-138.762
-139.188
-139.6
-139.999
-140.383
-140.754
-141.111
-141.453
-141.781
-142.095
-142.395
-142.681
-142.953
-143.21
-143.453
-143.682
-143.896
-144.096
-144.281
-144.453
-144.609
-144.751
-144.879
-144.993
-145.091
-145.176
-145.246
-145.301
-145.342
-145.368
-145.38
-145.377
-145.36
-145.328
-145.281
-145.22
-145.145
-145.055
-144.95
-144.831
-144.698
-144.55
-144.387
-144.21
-144.019
-143.813
-143.593
-143.358
-143.11
-142.846
-142.569
-142.277
-141.971
-141.65
-141.316
-140.967
-140.604
-140.227
-139.836
-139.431
-139.012
-138.579
-138.132
-137.672
-137.197
-136.709
-136.207
-135.691
-135.162
-134.619
-134.063
-133.493
-132.91
-132.313
-131.703
-131.08
-130.444
-129.794
-129.132
-128.456
-127.768
-127.067
-126.353
-125.626
-124.887
-124.135
-123.371
-122.594
-121.805
-121.004
-120.19
-119.364
-118.527
-117.677
-116.816
-115.942
-115.058
-114.161
-113.253
-112.334
-111.403
-110.461
-109.508
-108.544
-107.568
-106.583
-105.586
-104.578
-103.56
-102.532
-101.493
-100.444
-99.3852
-98.316
-97.2368
-96.1478
-95.0491
-93.9408
-92.823
-91.6958
-90.5593
-89.4136
-88.2589
-87.0953
-85.9228
-84.7416
-83.5518
-82.3535
-81.1469
-79.9321
-78.7091
-77.4781
-76.2393
-74.9927
-73.7385
-72.4768
-71.2078
-69.9314
-68.648
-67.3575
-66.0602
-64.7562
-63.4456
-62.1284
-60.805
-59.4753
-58.1395
-56.7978
-55.4503
-54.0971
-52.7384
-51.3742
-50.0048
-48.6302
-47.2507
-45.8662
-44.4771
-43.0833
-41.6852
-40.2827
-38.876
-37.4653
-36.0507
-34.6324
-33.2105
-31.7851
-30.3564
-28.9245
-27.4895
-26.0517
-24.6111
-23.168
-21.7223
-20.2744
-18.8242
-17.3721
-15.918
-14.4623
-13.0049
-11.5461
-10.086
-8.62471
-7.16244
-5.6993
-4.23544
-2.77102
-1.30617
0.158953
1.62421
3.08945
4.55453
6.01929
7.48361
8.94732
10.4103
11.8724
13.3334
14.7932
16.2517
17.7088
19.1642
20.6178
22.0695
23.5192
24.9666
26.4117
27.8543
29.2942
30.7314
32.1657
33.5968
35.0248
36.4494
37.8705
39.2879
40.7016
42.1113
43.5169
44.9184
46.3155
47.7081
49.0961
50.4793
51.8576
53.2308
54.5989
55.9616
57.3189
58.6706
60.0165
61.3566
62.6907
64.0186
65.3403
66.6555
67.9643
69.2664
70.5616
71.85
73.1313
74.4054
75.6722
76.9315
78.1833
79.4274
80.6637
81.892
83.1123
84.3244
85.5281
86.7235
87.9103
89.0884
90.2577
91.4181
92.5695
93.7117
94.8447
95.9683
97.0824
98.187
99.2818
100.367
101.442
102.507
103.562
104.606
105.641
106.665
107.678
108.68
109.672
110.653
111.623
112.582
113.53
114.466
115.392
116.305
117.207
118.098
118.977
119.844
120.699
121.542
122.373
123.192
123.999
124.793
125.575
126.344
127.101
127.846
128.577
129.296
130.002
130.695
131.375
132.042
132.696
133.336
133.963
134.577
135.178
135.765
136.339
136.899
137.445
137.978
138.497
139.002
139.493
139.971
140.434
140.884
141.319
141.74
142.148
142.541
142.92
143.284
143.634
143.97
144.292
144.599
144.892
145.17
145.434
145.683
145.918
146.138
146.344
146.535
146.711
146.873
147.02
147.152
147.27
147.373
147.461
147.534
147.593
147.637
147.666
147.68
147.68
147.665
147.635
147.59
147.531
147.457
147.368
147.264
147.146
147.013
146.865
146.702
146.525
146.333
146.127
145.905
145.67
145.419
145.154
144.875
144.581
144.272
143.949
143.612
143.26
142.894
142.513
142.119
141.71
141.286
140.849
140.397
139.932
139.452
138.958
138.451
137.929
137.394
136.845
136.282
135.706
135.115
134.512
133.894
133.264
132.62
131.962
131.291
130.608
129.911
129.2
128.477
127.741
126.993
126.231
125.457
124.67
123.87
123.058
122.234
121.397
120.548
119.687
118.814
117.929
117.032
116.124
115.203
114.271
113.328
112.373
111.407
110.429
109.44
108.441
107.43
106.409
105.376
104.333
103.28
102.216
101.142
100.058
98.963
97.8585
96.7441
95.6199
94.486
93.3425
92.1896
91.0274
89.856
88.6754
